carrington_rotation,rotation_start_utc,analysis_decimal_year,FD,NH,SH,N_0_15,N_15_30,N_30_45,S_0_15,S_15_30,S_30_45
1642,1976-05-27T16:00:54.720000+00:00,1976.4059139784947,32.479936000856497,12.068697991081487,16.153990600049791,1.6287944488482886,0.48027733097850894,0.31532471569637699,1.2136632316465978,0.57733627871271909,0.23679850068757252
1643,1976-06-23T22:37:20.640000+00:00,1976.4784946236559,31.026555273101941,13.092725709546896,14.39287096174373,0.94564616668546253,0.44003949151797878,0.31974615575568904,0.54992620371489642,0.4541677870897346,0.24536781377046077
1644,1976-07-21T05:13:46.560000+00:00,1976.5564516129032,28.656507083183484,15.712539573525396,10.219485108575064,1.7400403458832772,2.4960808317976131,0.425382825636689,0.56024430455826635,0.30196686263447842,0.1950364473608151
1645,1976-08-17T11:50:12.480000+00:00,1976.6290322580646,26.342767260787294,13.498700378701288,10.457878103474826,0.82273604727352034,1.5928427311968043,0.46011490841716829,1.9064608229399336,1.15324768503301,0.2322915669619392
1646,1976-09-13T18:26:38.400000+00:00,1976.7016129032259,23.636465362905835,11.707820712320084,9.8179570740030702,0.65431378785578742,1.1259193537283261,0.39556807863182958,2.1936798397811827,1.3517940786546538,0.1966232273544333
1647,1976-10-11T01:03:04.320000+00:00,1976.7795698924731,29.276050555448482,13.362554114658989,13.240166292515609,0.70605803794769006,2.1898213993229461,0.60203809977580947,1.1270499674115053,1.686499579697347,0.4198340899377434
1648,1976-11-07T07:39:30.240000+00:00,1976.8521505376343,24.125284602913442,11.600694477354535,10.179682075768987,1.1495591528100897,2.1628644066299478,1.2344544475491497,0.46208134661255473,0.66940168333885719,0.3165058739559527
1649,1976-12-04T14:15:56.160000+00:00,1976.9274193548388,34.048857057975297,12.425683153646073,18.310617830584221,0.74284947378811106,2.009943956875329,1.427291213355927,0.94178607629109479,3.412986776745194,0.35786996570697382
1650,1976-12-31T20:52:22.080000+00:00,1977,17.482697398766128,5.8124289092175481,9.9071069448556344,0.28473652510561431,0.9515035985781698,0.5453172768976301,0.24704341415166403,0.95252737734361015,0.23250412755372413
1651,1977-01-28T03:28:48+00:00,1977.0752688172042,26.924177057855516,6.1456691203252136,19.063611266114087,0.38921971289109297,1.317464744015979,0.58634649805390304,0.41040782720710117,2.1722163439351343,5.15889434404904
1652,1977-02-24T10:05:13.920000+00:00,1977.1478494623657,31.939842951906776,9.4469883132904702,20.455707406191145,0.98908946914305507,3.0799330969658953,0.98178980692660411,0.26562442384802198,1.3511265314576677,2.8204146423713587
1653,1977-03-23T16:41:39.840000+00:00,1977.2284946236559,41.501011685614891,13.937673216768419,25.391708832890778,0.4960915053365556,6.644247834962993,1.6446032959162955,2.2359461409333683,6.8832807579753599,1.4899731182722178
1654,1977-04-19T23:18:05.760000+00:00,1977.3010752688172,37.103078386835364,14.881852885843548,20.18639072286987,0.34832281350646682,4.9684645137948982,3.5126426319920476,0.75286103640191215,8.4674641196615337,0.80000491815598929
1655,1977-05-17T05:54:31.680000+00:00,1977.3790322580646,39.767868552937315,18.356923646325214,18.962007967973701,0.38012943223462359,2.6265415927143221,5.2507874120002,0.55122906532765381,6.3202988687407338,0.80620244675509289
1656,1977-06-13T12:30:57.600000+00:00,1977.4516129032259,47.60282440189966,23.09521780686649,21.711767891157194,3.8357008923933416,5.7546276386739041,2.6073678138792369,1.0270763128659399,6.4674792876757401,1.6929173674580467
1657,1977-07-10T19:07:23.520000+00:00,1977.5268817204301,47.835328234790303,17.504996427573005,27.842936705991686,1.5931084276992415,4.0345581320051966,1.7116080552784649,1.7179737425645769,9.8547747853147456,3.4162197957731526
1658,1977-08-07T01:43:49.440000+00:00,1977.6021505376343,45.348444701121082,23.542442724913432,18.896452758114968,1.3454469394484647,9.1160778739629471,2.218320698067076,0.44295213114643528,5.2746388150132715,2.0779455873461914
1659,1977-09-03T08:20:15.360000+00:00,1977.6747311827958,53.179274613919155,28.234208257516894,22.137174471618273,3.7764940568289522,9.7886725929972247,3.0124131126776645,0.57763591014355431,7.8791117231201113,2.2477071886103417
1660,1977-09-30T14:56:41.280000+00:00,1977.747311827957,62.216316530424422,33.967057386693583,25.069989771741412,10.418713977005961,8.3662289050483984,2.1287361378452867,1.420297162510938,6.3504542013164702,2.9350257780056377
1661,1977-10-27T21:33:07.200000+00:00,1977.8225806451612,55.085218546500613,31.934540708177405,20.189677329586257,5.4897424517342017,11.541186926465755,3.3410914677366566,1.1456377698314351,2.3600233772866557,1.7717256169823583
1662,1977-11-24T04:09:33.120000+00:00,1977.8978494623657,71.620841341661333,29.775074785702067,39.391188164692387,4.4620051331993595,12.308079302983707,2.0858449203584959,1.3326361875058645,15.419250769161646,3.7976413682488506
1663,1977-12-21T10:45:59.040000+00:00,1977.9731182795699,58.705058055436844,27.074488065483262,29.325291429412147,3.5530154330500427,13.705352237376696,2.3234338884514103,1.3546936933766034,9.1438844341212988,2.1609179353420807
1664,1978-01-17T17:22:24.960000+00:00,1978.0456989247311,127.53702342804286,82.740915046298113,43.290179296931782,21.300104367052693,42.457539695365888,5.80708859985356,1.9052431890584836,12.296917334258378,11.262131131463619
1665,1978-02-13T23:58:50.880000+00:00,1978.1182795698924,130.87713955731138,99.357685215298787,30.77181226693618,18.764073590579038,56.32925750839113,8.7877728578111274,1.7355523284382453,6.5767626437142335,6.2039578141436271
1666,1978-03-13T06:35:16.800000+00:00,1978.2016129032259,150.62393606159353,95.842340328664207,52.342770641330084,29.038883609130629,45.301129295292867,6.3475252266097044,1.7937319283735478,17.128007272460529,14.613471563616068
1667,1978-04-09T13:11:42.720000+00:00,1978.2741935483871,104.48849939901095,67.972797476267459,36.269256310094391,13.966214618962365,31.338998891670922,8.0109442004187308,0.53107448062945195,10.939089314562363,8.4620974403055307
1668,1978-05-06T19:48:08.640000+00:00,1978.3494623655913,151.19536331151696,104.27005448213664,44.904370054970933,26.222541749218507,56.9846860332662,6.0028118503820416,1.1387707126362479,18.790592785040879,7.966592053687199
1669,1978-06-03T02:24:34.560000+00:00,1978.4247311827958,136.36847418729278,72.101091338411024,63.136505003729965,8.1420289343889589,45.410091416319347,5.6218664590408789,7.6937859539262368,31.396666751763885,7.2102858582950713
1670,1978-06-30T09:01:00.480000+00:00,1978.497311827957,108.27848167107075,71.131986809060336,35.940059895651366,12.486614649975172,38.816155768305102,5.4576644135074215,4.3709165098891063,13.824696330200798,4.7905325285097895
1671,1978-07-27T15:37:26.400000+00:00,1978.5725806451612,106.47257290740635,67.914234684093401,37.51456652998872,9.3150715553590313,34.777206071535325,10.381154524729816,3.4850390091159791,20.380109435336156,6.7794812348282285
1672,1978-08-23T22:13:52.320000+00:00,1978.6451612903227,125.47972485602718,92.916259100501662,30.474484378246487,7.4006340510120188,40.534772139782213,29.811683581461942,2.6194721992995813,13.792781023026855,4.286968622311516
1673,1978-09-20T04:50:18.240000+00:00,1978.7204301075269,145.73163503773705,97.84827190861202,47.569784704996586,4.3381020916435382,22.202419003951935,50.254822374771344,5.4638427327615631,22.096589430029795,9.9915482730289149
1674,1978-10-17T11:26:44.160000+00:00,1978.7956989247311,176.96212156672709,75.633591861828293,99.55408836427371,8.7645062596047492,28.174942478820562,20.439930974218463,17.240485114173634,50.968706295816787,15.945618596393997
1675,1978-11-13T18:03:10.080000+00:00,1978.8682795698924,119.26176420456152,50.679840760517308,67.211236943534544,4.7458439377733352,19.238325089623494,12.51911043854159,12.719641398129642,32.711624694556924,10.007482481589772
1676,1978-12-11T00:39:36+00:00,1978.9462365591398,129.75341469058932,52.903114224416989,74.65982128666117,13.184805491630883,19.823532544096899,6.3627020622290216,16.492583279263847,34.221526162325048,16.99147125248081
1677,1979-01-07T07:16:01.920000+00:00,1979.0188172043011,175.1183679358343,75.608302046367271,97.037412579080325,41.325277884822903,20.913348036857581,4.3649302666419443,20.956942568108786,50.854679440153731,12.729422749439054
1678,1979-02-03T13:52:27.840000+00:00,1979.0913978494623,271.39046022396866,155.3125933497644,115.58822080054239,81.073436069622872,50.563127425840555,8.439350330396044,35.910415799303799,58.565667772778681,8.4430050123843632
1679,1979-03-02T20:28:53.760000+00:00,1979.1720430107528,234.80551513139108,131.91096497142041,102.20084517372351,67.620190265068175,52.305537479770599,5.4983974448559465,24.483395298087412,53.838726804763731,10.211686565844326
1680,1979-03-30T03:05:19.680000+00:00,1979.247311827957,242.02208040782114,145.81279378704363,94.232709006436508,65.365174720201495,64.44376495418291,11.362542085913462,11.378731793730275,37.812969467433511,30.870584142390253
1681,1979-04-26T09:41:45.600000+00:00,1979.3198924731182,237.18255167543074,152.74438491774461,83.691116010567086,43.590594361349979,83.334275332369714,16.248170607696117,7.7956340084012323,39.361168823105821,27.214981690602382
1682,1979-05-23T16:18:11.520000+00:00,1979.3951612903227,250.78809039840939,157.10771749258089,91.883842160787268,48.719756434152529,78.697514854079415,18.965405372515811,7.5902921748796688,52.317943844569086,20.841933626303334
1683,1979-06-19T22:54:37.440000+00:00,1979.4677419354839,191.59729029692551,99.502483670706098,90.117913028213863,26.647676387559905,41.19604995426949,16.460306827986241,11.515389224051962,42.217287067618315,16.412704693159956
1684,1979-07-17T05:31:03.360000+00:00,1979.5456989247311,148.82453320556451,84.572520175205753,62.351424895917383,22.870238978701234,40.556918137804566,9.2549176800570141,12.007290298691091,29.617192146031922,10.076645724994385
1685,1979-08-13T12:07:29.280000+00:00,1979.6182795698924,162.34954179268325,98.367369143049189,62.644209240180203,24.699057705749269,49.266356625531053,10.874758604613099,11.690723554831454,26.02495343929877,9.7519082010964588
1686,1979-09-09T18:43:55.200000+00:00,1979.6908602150538,206.61610218424903,132.47210512481513,69.114364213424849,48.701366183493995,59.354770666545548,11.834412316515866,24.503685908090535,17.699980860355922,9.3614646084817768
1687,1979-10-07T01:20:21.120000+00:00,1979.7688172043011,201.59907700150933,122.5212835876695,78.438690727628341,40.445664142408951,55.516016008208496,12.838736974310333,23.749631403329534,25.379073297084961,8.84519755810188
1688,1979-11-03T07:56:47.040000+00:00,1979.8413978494623,295.25795754718717,142.1662534392469,148.2484571940447,40.234361273092567,56.028698961752674,31.145172064547634,52.600279239911742,65.645765000399962,8.0936846222217547
1689,1979-11-30T14:33:12.960000+00:00,1979.9139784946237,235.97031031616456,117.35450780320068,114.33021296571088,34.140644577895657,44.302446524301885,24.027600295431739,51.374985752680026,42.303517396745853,9.2389260035708975
1690,1979-12-27T21:09:38.880000+00:00,1979.989247311828,179.13781289812414,96.028406035269242,79.397660237887933,34.22269944307935,33.960754419719301,14.015260276351066,36.407543044503612,30.962684960551897,4.0425428659603462
1691,1980-01-24T03:46:04.800000+00:00,1980.0645161290322,141.58931555290152,63.431269221571732,76.352946764043296,28.428950803035047,18.334530539429299,7.1187752718185298,32.053077281160242,35.073448840248467,2.559126122731977
1692,1980-02-20T10:22:30.720000+00:00,1980.1370967741937,137.75231683577061,71.570186218462482,63.772076447296506,34.800696084138316,19.72912437612468,5.0855694592828051,27.238355798911371,29.587304701351965,2.6122910901473739
1693,1980-03-18T16:58:56.640000+00:00,1980.2150537634409,167.05129131115766,98.844011300829663,66.094446513176464,30.637601115222129,47.4725729839572,7.7465866113936794,19.407835288735097,31.467197596028139,10.176435785749655
1694,1980-04-14T23:35:22.560000+00:00,1980.2876344086021,210.08245705233207,99.019810550945436,109.38828614345955,27.880744963735225,41.916370221939161,17.646404671975873,39.784826734217773,47.381290249326455,15.947545769969892
1695,1980-05-12T06:11:48.480000+00:00,1980.3655913978494,250.7459305609741,75.28302524185284,176.22107754729751,27.275981723341051,31.936524293983872,8.5102965785993572,76.255278449643157,50.592760739348932,37.731247249405712
1696,1980-06-08T12:48:14.400000+00:00,1980.4381720430108,257.3194478691405,79.870185679065798,175.93919779885886,36.613215324776554,31.179879361418244,3.718367525277777,77.053175554753565,58.387281322217703,27.87482654660803
1697,1980-07-05T19:24:40.320000+00:00,1980.513440860215,248.27113488970392,94.639592367294071,151.82423270234446,36.407324257103646,41.884428972212596,7.7278612955458827,36.262215964968952,75.74793912681767,30.889694907641786
1698,1980-08-02T02:01:06.240001+00:00,1980.5887096774193,213.19869880441976,87.323743863575714,123.14665592368142,27.696517682358827,42.84940086062867,7.5890381145442456,27.193595499252769,61.581324299935218,22.83343023256834
1699,1980-08-29T08:37:32.160000+00:00,1980.6612903225807,237.6185314804415,97.151499236403382,133.45527040913845,35.554033548408015,43.655836623713974,5.5375444827868883,59.873116782825427,42.926854070889298,19.014414587940273
1700,1980-09-25T15:13:58.080000+00:00,1980.733870967742,222.86264311025192,88.426374675169086,128.44844938109142,29.657380161361868,43.631609985084623,5.0627303521334079,61.115010725559046,40.351149821770086,13.712026321692122
1701,1980-10-22T21:50:24+00:00,1980.8091397849462,311.69393953823879,134.09301041263825,171.66587407562119,44.772020156726626,69.739170850320349,5.0826517794903037,106.47489524169927,42.06378288322216,9.9325049886796659
1702,1980-11-19T04:26:49.920000+00:00,1980.8844086021506,211.69265260077165,92.092098175714384,116.40920057299991,37.247684143918001,40.583184184481368,5.2138101216357438,51.054308439119389,38.533451071828289,15.570243196114308
1703,1980-12-16T11:03:15.840000+00:00,1980.9596774193549,269.11333148067001,149.89567441408528,110.47478766315247,91.14563638586614,41.069836961439918,6.0344602945933259,48.394630580694866,34.709928699564244,18.714777117640487
1704,1981-01-12T17:39:41.760000+00:00,1981.0322580645161,213.35936140514872,97.527886231543462,112.29492574019784,55.105890610657504,27.132934114162545,4.9248140243109946,38.427095590095192,49.446970420242742,14.337241130497519
1705,1981-02-09T00:16:07.680000+00:00,1981.1075268817203,179.05315797554627,94.457695401864996,79.545427076531141,55.197129921010344,27.042309789673869,3.2574030320429554,18.127279877270155,33.485753070365369,16.404286504102913
1706,1981-03-08T06:52:33.600000+00:00,1981.1881720430108,195.08059871985012,112.39884946776701,74.144361854705252,61.429219431842348,39.340152449520119,4.6584187404596111,35.539031861581513,20.637621431598269,6.3091122375872883
1707,1981-04-04T13:28:59.520000+00:00,1981.260752688172,240.11259909546379,137.77212972299807,87.651639909753086,81.038710018897675,42.39634261187549,7.2907429227033296,45.380687117007291,23.107042950594927,8.1388652942379771
1708,1981-05-01T20:05:25.440000+00:00,1981.3360215053763,217.14111640528029,155.13856437829534,53.251207963243189,100.83966599122265,40.298455586355708,6.5662081931323586,19.630600193914859,19.319620637819202,5.7023954860829926
1709,1981-05-29T02:41:51.360000+00:00,1981.4112903225807,178.71963048503386,118.64821913629903,57.010412794758601,69.977260098369385,38.634287175360377,4.6104384068295063,16.499483989546082,21.197541099662523,4.7201483961716111
1710,1981-06-25T09:18:17.280000+00:00,1981.483870967742,188.97513141218485,82.232942819461911,101.94022665590462,45.271126597653925,25.763437721916119,5.8705641435096334,29.959327293515141,43.104200899035973,10.034823278422449
1711,1981-07-22T15:54:43.200000+00:00,1981.5591397849462,292.92190504939219,81.732576090337318,202.17568816876584,40.410247951156386,31.556568522948609,5.277023872519317,130.15243411095196,47.785175168431714,4.1244205664640594
1712,1981-08-18T22:31:09.120000+00:00,1981.6317204301076,460.81104595347426,217.67814421035939,223.45929224608489,124.98453116911902,68.914532725134322,14.208263479455676,136.98449559820031,65.231716905759228,4.3691537325052714
1713,1981-09-15T05:07:35.040000+00:00,1981.7069892473119,277.62421132854229,129.63420071408657,139.1557460448582,68.899748183440508,44.371275339440658,9.0071066255072463,83.365246038748822,40.2071999432643,2.9572933457210948
1714,1981-10-12T11:44:00.960000+00:00,1981.7822580645161,330.03293008783322,112.2409607997095,207.29751339116575,55.897980123727358,42.052553896580079,10.189494524995796,115.61306955541825,69.906385848542541,3.5115274341117346
1715,1981-11-08T18:20:26.880000+00:00,1981.8548387096773,263.45392933324877,84.178643282705906,174.54533452140166,40.24552416785653,30.044318699633934,8.5461809640640247,115.80740501542569,43.541005715465367,3.9200676242679804
1716,1981-12-06T00:56:52.800000+00:00,1981.9327956989248,186.74537905436856,67.221866347760511,114.85995614565306,34.557219389960387,20.765449911023037,6.117667047553895,56.391486946052204,46.801629215075252,5.3119913532153769
1717,1982-01-02T07:33:18.720001+00:00,1982.005376344086,111.12495380565146,43.78747035849576,64.536695880162839,14.545295094706976,18.182257850009982,2.9723791158983981,16.108002208686901,28.07537909857918,12.825360376934805
1718,1982-01-29T14:09:44.640000+00:00,1982.0779569892472,49.313778745494943,18.193867916704153,28.493720312544468,8.7211880310434431,5.5376547584650648,1.1487381612516976,15.999431984129197,8.1840850728490491,2.2418346966619769
1719,1982-02-25T20:46:10.560000+00:00,1982.1505376344087,71.453867955855145,33.092787160097622,34.257187887038178,20.413135109296217,8.199915024095306,0.51642096933635107,14.006661853873121,14.12395871927502,2.8979407116692322
1720,1982-03-25T03:22:36.480000+00:00,1982.233870967742,140.1189662980988,51.642340946067371,80.469491397761175,27.787046754702462,14.977830671644654,1.4964884080915339,43.585422152145654,26.575383792303462,5.6913548791519482
1721,1982-04-21T09:59:02.400000+00:00,1982.3064516129032,177.33237430562554,74.432634001111524,94.858537715614418,39.565002428146236,23.258004174719616,2.9496393775043503,48.531297343869596,32.717650561502772,8.7108605044523895
1722,1982-05-18T16:35:28.320000+00:00,1982.3817204301076,144.7165190064338,68.329111942929046,68.861800895298131,31.061363472912237,29.424095815478715,3.0393908284188678,34.310545900876178,25.47393949846467,7.4307269519870998
1723,1982-06-14T23:11:54.240000+00:00,1982.4543010752689,182.38011328182785,134.3635126732016,44.086901793347778,58.2378576038018,63.031092641076818,4.0549142203482313,19.444173650130892,13.767077234995282,5.7281979335570199
1724,1982-07-12T05:48:20.160000+00:00,1982.5322580645161,241.7768589406501,180.55787521284671,58.093334853688965,63.439701316746763,90.762575624129411,8.8608742240471532,27.245114585823679,17.07140165262226,6.8129933590564349
1725,1982-08-08T12:24:46.080000+00:00,1982.6048387096773,221.68874003634406,148.95129330954697,65.080726948782683,75.779395896326861,48.058859954672421,9.0834565718980027,31.06402565154016,21.778364737232824,5.2269862344703162
1726,1982-09-04T19:01:12+00:00,1982.6774193548388,238.56595583154609,144.7176637237315,90.372863263705113,55.965204123028549,60.330387977236533,11.41716730685571,44.251461166809413,33.676733530520842,4.980235825700766
1727,1982-10-02T01:37:37.920000+00:00,1982.755376344086,200.80557149088378,106.15868841443718,86.507800535041156,31.677325791443533,47.727580484835684,11.965872583103309,51.861573956747939,22.910543644676597,4.2715603602123648
1728,1982-10-29T08:14:03.840000+00:00,1982.8279569892472,158.9553672617383,82.031347097543033,71.437743548872717,27.867055803109306,30.581431228334402,9.344842853032878,41.632954802222372,17.196118420506195,4.7747983601495321
1729,1982-11-25T14:50:29.760000+00:00,1982.9005376344087,193.12693141867862,84.973265706033985,102.54023078524045,47.450925253739371,15.731153401406843,6.6959265230645419,67.041993673768388,22.894444227407433,4.4190840096856094
1730,1982-12-22T21:26:55.680000+00:00,1982.9758064516129,144.5345035800371,66.13805653123913,72.330784024295198,27.194023808195368,17.721545860866147,4.7515156488542862,45.023480000949746,14.202217328270763,2.5771939287499137
1731,1983-01-19T04:03:21.600000+00:00,1983.0510752688172,117.81448347813995,51.563125615989129,61.020886691263541,21.675324382831629,16.102973545163152,2.8108225466584607,27.994269457657779,19.284409510474088,2.4683177062899251
1732,1983-02-15T10:39:47.520000+00:00,1983.1236559139784,61.31351661490632,33.637068859130942,25.556126624397571,9.5210021067713768,8.4642274346400068,1.61837580699596,8.542350092154015,8.615247665364361,0.89626428799662716
1733,1983-03-14T17:16:13.440000+00:00,1983.2043010752689,25.164061972040134,9.7786059418819935,14.399908717953183,2.3957318451920044,2.5813402581978107,0.49307032113905053,5.1685347376322737,5.0489851373595602,0.63466747799637357
1734,1983-04-10T23:52:39.360000+00:00,1983.2768817204301,36.373211668288192,8.9595715409010648,26.518710075109936,2.2927610291752649,2.0911960583812181,0.42863323179179785,11.720211638768854,9.5118423620676698,0.69964885733736115
1735,1983-05-08T06:29:05.280000+00:00,1983.3548387096773,85.892386026813995,22.949751833342646,61.110779278974306,6.2080196417670885,3.9157388669821183,0.94402260232416135,24.599441024121269,25.505978942144459,2.4642188926929069
1736,1983-06-04T13:05:31.200001+00:00,1983.4274193548388,126.71827496380683,33.585960507305899,89.518975844723727,12.746714532714218,5.2643990989813343,1.4354323528141473,58.256442851716415,14.605433551872935,4.1269679930163186
1737,1983-07-01T19:41:57.120000+00:00,1983.502688172043,123.55704599866137,33.607579015942022,84.666103115924031,11.79077799239451,5.9594274902414135,1.300581090068724,38.755841487157547,24.906054545099174,3.346678653549831
1738,1983-07-29T02:18:23.040000+00:00,1983.5779569892472,160.23227664716259,42.448669299900274,107.29935570846783,14.942513006150058,7.3040803230627809,0.79051128805889914,71.362047906705655,19.627692623027954,2.8188374855652434
1739,1983-08-25T08:54:48.960000+00:00,1983.6505376344087,124.09940889801705,34.628451096793285,82.298495396027306,11.190882669732268,5.67065936114059,0.63429955063097487,52.086416998431481,17.167462500761978,2.546631542364691
1740,1983-09-21T15:31:14.880000+00:00,1983.7231182795699,114.61426425522542,41.244173270369338,66.85937284685275,17.700862263620742,6.8803509261617393,0.99279962454923243,35.149789705565844,17.679552513647167,2.0407375092200404
1741,1983-10-18T22:07:40.800000+00:00,1983.7983870967741,96.169231780787911,41.621914342037925,49.629093299855079,10.803669770596084,15.207953367411422,1.2966940662235449,21.689352725220015,14.07861627507328,2.2090975724143305
1742,1983-11-15T04:44:06.720000+00:00,1983.8736559139784,84.074477602204198,39.213690548760887,40.513371786193019,5.007666146469532,11.838458486771541,2.6052711548841456,14.066134965368757,9.1186062248382562,2.3715860061766674
1743,1983-12-12T11:20:32.640000+00:00,1983.9489247311828,65.908913189730015,19.042639111860819,42.616086721658576,3.4549233076073502,4.6891219725349558,1.5279544303118828,20.037871845074157,7.4336331695989086,1.9242640787573513
1744,1984-01-08T17:56:58.560000+00:00,1984.0215053763441,72.653649837257547,25.015625720768334,41.539781136976146,10.023297530013162,4.3303632436209671,0.83725950247368741,16.266821717037239,8.601968534998802,1.5781042250017261
1745,1984-02-05T00:33:24.480000+00:00,1984.0967741935483,137.15830817902261,78.463104755796181,51.712651734055441,47.410354719064856,18.029204356889949,0.84590674373942099,21.428338358238499,11.521350443409579,1.4796648547096585
1746,1984-03-03T07:09:50.400000+00:00,1984.1747311827958,132.1964460616822,66.777222538680093,60.972753098586892,38.321852723141298,18.380524162185583,0.81185464821776054,22.151077530605683,18.180461260337847,1.6010079060397737
1747,1984-03-30T13:46:16.320000+00:00,1984.247311827957,103.86594012976539,46.086969964471585,50.951529425649085,17.162326863111936,16.489288946304896,0.91465599810370957,19.611028729860266,13.041286651441476,1.6536045099838652
1748,1984-04-26T20:22:42.240000+00:00,1984.3198924731182,152.49801580932211,54.350512998183881,86.525758981651265,31.596036446719825,12.578279664666827,1.0297254989054807,47.233842754060866,20.900459685465346,1.5169637040164921
1749,1984-05-24T02:59:08.160000+00:00,1984.3978494623657,104.65236164561642,34.617942359259878,59.529111939989278,11.762458337391813,9.5616397339750687,0.9512577236981965,31.350821741924914,12.64139063660795,1.2421355473746807
1750,1984-06-20T09:35:34.080000+00:00,1984.4704301075269,97.344644679777716,42.178544427691989,48.077404183711288,16.737883844098555,8.5642440848544634,0.97244310508397236,19.268305287010584,13.828216769645444,1.4247017246289724
1751,1984-07-17T16:12:00+00:00,1984.5456989247311,86.736913043379928,42.408505843160306,37.495205122865663,16.904230836760355,5.835203358273068,1.2731310382203844,12.039142505897789,9.7682846228265383,1.5044614571623389
1752,1984-08-13T22:48:25.920000+00:00,1984.6182795698924,69.070867509464676,31.268594162892754,31.997168476171673,8.6022802480521126,4.0681791700069105,1.3115484653166563,10.197405423005353,5.3322884225995733,1.1341103171872757
1753,1984-09-10T05:24:51.840000+00:00,1984.6935483870968,54.564100830472604,23.905646239405545,26.14283551310896,3.7559645299768176,2.3602553799116479,0.84664690954810284,6.314264763117901,3.8191685160384434,0.88531474627322571
1754,1984-10-07T12:01:17.760000+00:00,1984.7688172043011,55.155918414825059,21.622752042772852,28.936079087710642,4.0328859258365277,1.3917377817611476,0.67021732931578082,4.1653671307354374,2.8795644977046719,0.77341504269474115
1755,1984-11-03T18:37:43.680001+00:00,1984.8413978494623,47.200184873483096,17.624203008718649,25.69655857321791,1.6288564178621119,0.7127008563899857,0.77598105372012416,3.6072562523815348,2.2130305928597029,0.78373810240518305
1756,1984-12-01T01:14:09.600000+00:00,1984.9193548387098,51.485285702456515,17.29835472214787,29.857931172553084,1.2858142520532263,1.3963208847115083,0.48384245150125665,2.6240977566531631,1.4775390264711099,0.79623691995755452
1757,1984-12-28T07:50:35.520000+00:00,1984.991935483871,51.244318009034998,14.471759523053572,32.298817353663445,0.91085867525951403,0.61144605548108411,0.4469738899536686,1.9097106555670855,1.1952059269440019,0.76757165774930025
1758,1985-01-24T14:27:01.440000+00:00,1985.0645161290322,47.105675619547789,8.6805511885921813,34.556653051119071,0.54648403237937393,0.33818872104195719,0.37201717424296799,2.3138908630538473,1.074273781438718,0.5514557481512723
1759,1985-02-20T21:03:27.360000+00:00,1985.1370967741937,45.033109099462102,8.7352751009219514,32.560797258017111,1.0654547442435698,0.22841138669138672,0.32707016240129422,1.5614509159408809,0.88846786163721569,0.44587693608917578
1760,1985-03-20T03:39:53.280000+00:00,1985.2204301075269,44.161952587874282,10.278483815581724,29.790776701595323,1.3661151563747538,0.19273210388887921,0.21340316702989437,1.1848668665156221,0.75293996056999146,0.4216342323063047
1761,1985-04-16T10:16:19.200000+00:00,1985.2930107526881,49.434984506739241,13.977709268418481,30.938659491448952,3.1917291543232729,0.13416209863385234,0.18904769762018689,1.8982232288151728,0.78938797117501047,0.30457825941690803
1762,1985-05-13T16:52:45.120000+00:00,1985.3682795698924,55.235994139888113,20.014601158284844,29.680153846373681,6.54772429254953,0.25048206659200423,0.13374659293838784,3.5921300312471645,0.81804399185314736,0.26117901877294114
1763,1985-06-09T23:29:11.040000+00:00,1985.4408602150538,58.44348316876021,20.661697392585371,31.359549369726054,4.354703052520172,0.35375365331532865,0.17648470955868326,4.289071329750235,1.0561210485521064,0.26362884171455347
1764,1985-07-07T06:05:36.960000+00:00,1985.5188172043011,60.820054018714082,24.616839477484259,30.602648868165993,8.1206854834042144,0.51687983178147034,0.18954201722939601,5.1193072710060994,2.4960133095048969,0.15921339035874671
1765,1985-08-03T12:42:02.880000+00:00,1985.5913978494623,51.370578146323332,22.544842789500873,24.115104222417411,3.1923538814042711,0.64183672455926777,0.16490080408378083,2.8656806751541168,2.5193216596639578,0.52906237663934175
1766,1985-08-30T19:18:28.800000+00:00,1985.6639784946237,45.995472281661911,21.72927205084881,19.987129686368831,1.2289784816444489,0.45343571844696201,0.20543005768264666,1.9768973298155206,2.8520887882434391,0.53831993415535351
1767,1985-09-27T01:54:54.720000+00:00,1985.739247311828,52.978773419672287,26.864089367424551,20.807591704450079,5.8997493574853861,0.29503890776005248,0.23110760120197815,1.0723831131181811,1.8646902179904645,0.55246909495852636
1768,1985-10-24T08:31:20.640000+00:00,1985.8145161290322,51.704814971926879,21.14026253155539,24.842901682078534,5.4273706547055705,0.34556462252577375,0.21153367807246704,1.9852122461446213,0.89591443888537836,0.53580103838965298
1769,1985-11-20T15:07:46.560000+00:00,1985.8870967741937,44.920041592959755,16.657331619234725,23.926490545203624,3.8632932153353381,0.2535381901918301,0.1653963368627315,1.5998615019426057,0.49739647725048652,0.37792462801856908
1770,1985-12-17T21:44:12.480000+00:00,1985.9623655913979,40.210090303707766,14.31680382539993,22.681450720722019,3.557218317528128,0.40985494282196266,0.17611977953616451,1.7206755459669336,0.50192914024427548,0.41180880141364107
1771,1986-01-14T04:20:38.400000+00:00,1986.0376344086021,49.294945099748169,12.151120234761619,32.862663894753069,3.2977448194132193,0.57900846190956023,0.13626838120791432,5.2064046977075424,3.1944393478061262,0.38491904188978476
1772,1986-02-10T10:57:04.320000+00:00,1986.1102150537633,47.584384948292879,14.806657425757249,28.165776014821478,7.1293705988492908,0.51887877728750298,0.13650365324584871,1.9809569332550498,0.91538408451759035,0.32580165807691225
1773,1986-03-09T17:33:30.240000+00:00,1986.1908602150538,43.690423531972392,11.086321211368452,28.56796607511221,3.6189902051481697,0.49942865664060232,0.12117282546803206,1.2183168000834048,0.56009483835675566,0.40130657306066903
1774,1986-04-06T00:09:56.160001+00:00,1986.266129032258,45.639607844668092,14.021820093385589,26.630789241565015,3.4637385618954708,0.36118697952679329,0.1203161776087058,2.4921670700770377,0.60536832901151971,0.30105587408287998
1775,1986-05-03T06:46:22.080000+00:00,1986.3413978494623,52.253658841601776,21.245487724744383,26.386995137988624,6.8525263227700153,0.51659489664156322,0.16669902070913892,0.85260543166748226,0.28146681120160844,0.22401384576685962
1776,1986-05-30T13:22:48+00:00,1986.4139784946237,47.815818967044066,18.478144130096684,24.781916807720975,2.336405065548143,0.48899438293789577,0.21489340972074436,0.61024995894941569,0.2670628185657638,0.14976161855081196
1777,1986-06-26T19:59:13.920000+00:00,1986.486559139785,46.8041875896809,19.217672052123287,22.947849153302645,1.502529659815504,0.34734407411542401,0.16237642027232069,0.26908591958723344,0.17056737680087153,0.10104308201105476
1778,1986-07-24T02:35:39.840000+00:00,1986.5645161290322,36.718019603427777,17.528930017649138,15.683922951759628,1.9636167562611824,0.30916163208339126,0.18391188124744676,0.22620906914628783,0.16278348463241532,0.07642586810640116
1779,1986-08-20T09:12:05.760000+00:00,1986.6370967741937,36.37967225265789,16.940402922294158,15.726923616038306,1.1153117571015809,0.27022909915693416,0.20217378396863148,0.20574372442274932,0.12649568285017099,0.078789666858286186
1780,1986-09-16T15:48:31.680000+00:00,1986.7096774193549,39.908654947373051,20.024943565271602,15.932553149486315,1.3827542011525447,0.29610653216465121,0.29430933016166411,0.14921028499070291,0.11662622831990241,0.096468786244545898
1781,1986-10-13T22:24:57.600000+00:00,1986.7849462365591,59.008972392274345,28.850256183613418,24.496372759311118,3.6553025764868359,7.7721837844063693,1.4703148336193999,3.5160656347774828,1.3414186925658151,0.2911741363515592
1782,1986-11-10T05:01:23.520000+00:00,1986.8602150537633,50.731056636051989,21.01104205889672,24.380880147503873,1.0985994649197113,4.260006935668712,0.65159731577371194,1.2903079378348479,0.66517406013549485,0.26678309820929474
1783,1986-12-07T11:37:49.440000+00:00,1986.9354838709678,37.518739089517048,13.184262539896757,20.495076155834621,0.60704816145127127,0.88606256675128359,1.1063328981376037,0.87010364508581461,0.47911902396706763,0.31141395395567356
1784,1987-01-03T18:14:15.360000+00:00,1987.008064516129,40.597780245243392,11.678244488856281,24.808936751923003,0.52208622772472746,0.43244236338602338,0.56385666538031598,0.60309020767492982,0.63318370525166157,0.17526161331079057
1785,1987-01-31T00:50:41.280000+00:00,1987.0833333333333,38.441995128198684,10.355082228287323,24.313528007349195,0.32524781807773512,0.20678741082167107,0.23305689070187316,0.33692222291460439,0.61401487407066346,0.31710844577177982
1786,1987-02-27T07:27:07.200000+00:00,1987.1559139784947,34.53691880683251,10.316893368718297,21.025969865839809,0.2924619393326876,0.24556602631603303,1.1053390523169486,0.19695822436798732,0.40293364578777247,0.5448323674991935
1787,1987-03-26T14:03:33.120000+00:00,1987.236559139785,61.151376690159069,12.692892370884133,44.337453705133242,0.90716825285172531,0.92800557448520193,0.42931137481762427,4.5906698015133962,9.4491985218046963,5.3762467426889984
1788,1987-04-22T20:39:59.040000+00:00,1987.3091397849462,57.690393610279841,13.559091789520725,40.130855726071012,0.95962401377610762,0.5801208736454645,0.39101096309351269,2.4708086172514609,10.575018174438735,6.2743034565660452
1789,1987-05-20T03:16:24.960000+00:00,1987.3870967741937,79.149612964155068,44.739806370461167,31.025918611077561,0.476394740562887,9.9730587972513405,17.781673427243867,1.242048912398944,4.7083941042153432,6.0827690104074605
1790,1987-06-16T09:52:50.880000+00:00,1987.4596774193549,68.882501980263029,40.591478507054809,24.711639338022895,0.63860485795903343,8.495808951236798,15.531658647023988,0.83724566033034453,2.9808813972957271,3.5016700891373906
1791,1987-07-13T16:29:16.800000+00:00,1987.5349462365591,59.196294375688538,30.246320110811542,25.350051498876173,0.53739134761758733,7.7587721297732752,7.3310913250526326,1.5916601114866689,6.4625830428817626,2.433248471407754
1792,1987-08-09T23:05:42.720000+00:00,1987.6075268817203,57.832416080973609,26.322303442626563,28.542357665838281,0.55902229037687534,4.6485103237332561,4.5954310967737015,0.68741820762932093,10.594192119327744,4.6924988717330933
1793,1987-09-06T05:42:08.640000+00:00,1987.6827956989248,49.56457156207675,25.131980291723032,22.311104921879668,0.55963279894228701,4.244613157372787,3.0144238836541364,1.1352077037028983,9.2160513461066582,4.2427672319504959
1794,1987-10-03T12:18:34.560000+00:00,1987.758064516129,51.16678493251532,29.96180753234303,18.153333589612973,0.92093593932007833,10.213417697161949,4.040368970666897,0.65592450396094448,6.1119285624395001,2.6536670646388911
1795,1987-10-30T18:55:00.480000+00:00,1987.8306451612902,77.360926733659184,29.597677575544129,44.962553058702554,0.43154469522956312,4.9598514211994642,8.3896636101344324,2.7546233438820642,20.843842041505386,7.4202794952517834
1796,1987-11-27T01:31:26.400000+00:00,1987.9059139784947,84.542923310579738,29.914924763776948,51.487727210424012,0.20057717575927167,6.2244734628460003,6.652209855173151,1.2173780038811313,20.390180358617204,14.952834607989082
1797,1987-12-24T08:07:52.320000+00:00,1987.9811827956989,96.658732001615917,19.515735713184146,73.897238323790916,0.12213150051251015,3.2082674434934151,3.4789726065193696,1.9567174852066977,14.260645830846059,40.207772449825917
1798,1988-01-20T14:44:18.240000+00:00,1988.0537634408602,90.721612390559883,27.940416480735465,59.001724226160626,3.4932032886070172,7.4066241400380157,2.871108795231089,0.97640060235157577,15.938901647674461,22.1250695052018
1799,1988-02-16T21:20:44.160001+00:00,1988.1263440860216,80.540819029300835,33.642733935756894,44.91305859922592,5.9729761811371702,15.234629232529647,2.5216325089676692,0.83978444099799787,9.1649748283181847,14.35532261647834
1800,1988-03-15T03:57:10.080000+00:00,1988.2069892473119,121.94667003865786,55.136960803859864,63.074967253296869,12.565753319344816,25.806733702399001,4.4451493656153334,3.4255914126497706,25.991083981448295,13.625171458388806
1801,1988-04-11T10:33:36+00:00,1988.2795698924731,91.551388326492741,53.441155391855126,36.181047600045623,9.7211278006880661,28.445011797751,4.3464496731460649,1.8649295416398677,15.975210234975316,7.4700384553700205
1802,1988-05-08T17:10:01.920000+00:00,1988.3548387096773,144.12615047996997,40.086052016952245,101.97058680149351,4.5274222016442707,22.226619761796488,3.5929035637500406,5.9748631161771728,69.848366606626712,12.942708099887325
1803,1988-06-04T23:46:27.840000+00:00,1988.4274193548388,150.03655392124801,57.172963480470017,89.247588426960746,9.1563838393444374,27.656718856444186,6.2753851920613783,18.206005400888934,53.843207843751884,9.0678821976973687
1804,1988-07-02T06:22:53.760000+00:00,1988.505376344086,163.3530644305539,56.349589830091084,106.29348478074508,15.821003595815142,21.324476649859964,6.3324083424033804,23.981348618752513,62.86017173430939,8.2314750213094019
1805,1988-07-29T12:59:19.680000+00:00,1988.5779569892472,169.65348451502263,109.98898632563906,58.907862975810829,13.77041409797325,57.290530016309795,21.697119487448624,11.7885374127092,32.18408058236637,8.1000053186558514
1806,1988-08-25T19:35:45.600000+00:00,1988.6505376344087,164.97584742373076,84.666870492074267,80.069046811033644,6.599145631112405,35.804941511477779,25.313110460706888,12.670954869543506,45.406520476566961,8.6582928565862041
1807,1988-09-22T02:12:11.520000+00:00,1988.7258064516129,147.12891643241491,77.978848257498015,67.389944880458714,9.399389463910234,36.26525994484993,16.766341718772598,13.516678888678573,34.592695693245815,10.533161697969124
1808,1988-10-19T08:48:37.440000+00:00,1988.8010752688172,149.73814986075382,109.25038247807636,39.058023835913254,23.215954947497298,57.55365567414804,13.220724575092683,8.0921092023613976,17.471085276475822,6.4974501648992993
1809,1988-11-15T15:25:03.360000+00:00,1988.8736559139784,144.39619704107704,94.31240524315254,49.550742102450315,9.3617186694008776,53.812552859163155,15.57670058393845,6.551853180416602,23.989425568877344,8.0149810473192336
1810,1988-12-12T22:01:29.280000+00:00,1988.9489247311828,155.93634411051775,92.548658618774766,61.082642599650541,17.45869788032843,43.027220934721413,15.864670700589471,6.6484792319159167,34.127615382502555,10.053521075989664
1811,1989-01-09T04:37:55.200000+00:00,1989.0241935483871,290.41665770664264,111.26395033551098,177.88521140359444,25.955641039509906,54.817468539792394,14.10427410008862,31.261683589696979,71.302405075617301,53.729311429778932
1812,1989-02-05T11:14:21.120000+00:00,1989.0967741935483,321.03646423522559,144.29774832930931,177.47315838461301,41.062931373905307,58.215441570058061,20.179631867450436,28.778651141871514,79.617000720168349,46.582160493384421
1813,1989-03-04T17:50:47.040000+00:00,1989.1774193548388,337.58981605880354,226.50422451936365,110.63702239057071,33.430013250374778,62.330519525038973,60.461556681834587,14.040187432467658,45.247128147354758,31.96929650976087
1814,1989-04-01T00:27:12.960000+00:00,1989.252688172043,355.66360037233062,249.41883766765682,108.08331137825937,29.133148341161494,115.17773502241278,70.517203459274086,19.003808217764302,47.654348032673468,24.811363175907079
1815,1989-04-28T07:03:38.880000+00:00,1989.3252688172042,210.47525218485001,132.14176147028567,76.95079663870456,33.135881128683657,45.187198853150043,31.465345895455538,7.2041262651675879,41.854808533075449,18.122271854331473
1816,1989-05-25T13:40:04.800000+00:00,1989.4005376344087,294.20168741352688,154.02169368230471,138.57252475294436,24.788154027805792,87.585815579493811,23.990363151368605,14.999450640552723,89.452173534553893,23.877857579595947
1817,1989-06-21T20:16:30.720000+00:00,1989.4731182795699,244.59410834205596,120.7750481862208,120.5756820140317,26.317153884120433,62.657479957948311,18.270190739671659,18.357536987939586,67.623222187613464,24.033839581118869
1818,1989-07-19T02:52:56.640001+00:00,1989.5510752688172,240.8424718552761,90.308888861793505,151.26557527981495,19.854052886320424,42.225481510144526,16.385779307800149,39.215831933917521,66.832391332438817,17.192288801688939
1819,1989-08-15T09:29:22.560000+00:00,1989.6236559139784,320.82324349778543,147.36916274465725,173.59940461502342,41.749119088551055,61.929577324364693,19.469134023928234,70.025254288483936,64.739737482630332,21.085436442884635
1820,1989-09-11T16:05:48.480000+00:00,1989.6962365591398,220.70471338434342,87.736322074463772,127.08010672670291,17.153931045790554,45.736941819123992,11.296757861713045,44.701826052719106,46.03325513703458,18.536001082324699
1821,1989-10-08T22:42:14.400000+00:00,1989.7715053763441,93.147903826664802,31.254602806271329,62.352636704538483,7.0487261303333248,11.910902045726058,7.5062666178010646,16.359100758816282,28.214288752878979,10.24881062324752
1822,1989-11-05T05:18:40.320000+00:00,1989.8467741935483,286.46129802640002,138.7724589534634,143.68476482736398,38.711766258151826,58.998351254899816,22.33310212885603,28.141007050907305,90.849894700197979,12.510482258995058
1823,1989-12-02T11:55:06.240000+00:00,1989.9220430107528,269.32299658454446,161.65522266792314,109.74579299440443,45.397368420193345,75.640266059799089,18.897232083925807,44.17758784370222,50.165431743200656,9.2546427639299509
1824,1989-12-29T18:31:32.160000+00:00,1989.994623655914,226.57646844667951,141.5134608994675,81.852421097235364,35.384191030280014,67.771069347474977,17.638209372725274,25.253643698732191,39.962870939948857,10.785043836801931
1825,1990-01-26T01:07:58.080000+00:00,1990.0698924731182,193.15366259507499,104.31843510760962,86.697134003916105,26.23030373852815,50.062590757282585,14.750675535551926,33.891095497192765,30.112138596340955,10.934402761396006
1826,1990-02-22T07:44:24+00:00,1990.1424731182797,130.4384807251129,82.42302247801247,47.150643840755407,22.952297924806594,31.777630600716108,11.776077255916015,9.4587249221035581,14.963128439033264,14.742157733503293
1827,1990-03-21T14:20:49.920000+00:00,1990.2231182795699,192.30383995959949,83.79173616318144,104.31822151024383,21.598438201245951,35.185885507063119,13.084508950825221,14.692477855549503,28.355119511794477,51.802902450874541
1828,1990-04-17T20:57:15.840000+00:00,1990.2956989247311,203.07911252983337,72.82701822692006,127.6838448755617,18.547933234606269,27.792771749078007,10.238387561005506,41.592223768590912,45.73648850930919,27.978880934442802
1829,1990-05-15T03:33:41.760000+00:00,1990.3736559139784,233.47742276305149,119.78853105004228,116.02869413196312,24.988183029930294,49.146507149204218,29.048812458425907,38.708483560462547,60.547986538628095,10.616784949707695
1830,1990-06-11T10:10:07.680000+00:00,1990.4462365591398,173.86372209717044,81.747097086835581,90.9418123525043,17.081451255930123,39.33419358768932,16.876898034930804,25.852963651921534,52.316266938722933,7.7772623391284252
1831,1990-07-08T16:46:33.600000+00:00,1990.5215053763441,129.37656105396192,60.775005344466493,68.67450197322367,17.494789001562683,30.465241760718801,9.0078398243841313,17.018167578120874,35.455158032617447,10.66949044362379
1832,1990-08-04T23:22:59.520000+00:00,1990.5940860215053,176.82108640632629,77.12061628003076,97.826623145637782,35.964403552687322,29.409429825861441,4.7494717756618527,29.804172532369584,46.94730720807258,10.291723403166726
1833,1990-09-01T05:59:25.440000+00:00,1990.6693548387098,151.17756063085801,81.757820750200693,65.087842276322334,40.00179682287542,32.010953673897042,5.1418478930298139,23.484698269644081,19.856934367889085,8.1046255983400446
1834,1990-09-28T12:35:51.360000+00:00,1990.741935483871,169.35204745725298,85.040845243724846,77.084814415815245,38.371672384592706,33.047896671794291,6.0997907621930034,32.353254952568122,28.198557367355583,7.4677052717197272
1835,1990-10-25T19:12:17.280000+00:00,1990.8172043010752,130.78745531188497,68.532236236910023,60.54662569082376,28.14734877152743,29.017508768014647,4.6275795422993946,23.455139047365648,21.712126001276495,8.326261576336293
1836,1990-11-22T01:48:43.200000+00:00,1990.8924731182797,233.71032309588355,177.69523261641598,53.327031087076243,76.995608492738413,84.592286478783294,4.8934855892996776,21.65290984620291,21.546446008557009,4.7276597068733111
1837,1990-12-19T08:25:09.120001+00:00,1990.9677419354839,286.82969396089476,170.1715216980453,116.16986151197518,70.036828088817671,83.827772286626583,5.5208285863345461,19.080556586984098,83.520735759201202,9.4881681349742415
1838,1991-01-15T15:01:35.040000+00:00,1991.0403225806451,309.29087587064316,159.33904807287658,147.07724753889229,75.361947472990906,70.464287517915224,4.3847555257797044,78.345329757563206,48.491005017878706,10.219230978076974
1839,1991-02-11T21:38:00.960000+00:00,1991.1129032258063,267.39720130559323,91.033636070666446,173.85311122563479,46.547633564032232,32.587804178602113,4.2747812324638748,77.740711888761268,75.806897781044768,8.7261398450421197
1840,1991-03-11T04:14:26.880000+00:00,1991.1962365591398,387.12523554772037,71.263480111157008,314.8995910212044,26.937415453944336,32.328503824105191,6.5969169661699603,70.651529466223252,210.29537568134006,25.271214381555193
1841,1991-04-07T10:50:52.800000+00:00,1991.2688172043011,252.84992226023886,62.271127442834235,187.86229574859212,27.759028109172995,23.560904156624854,5.2308066099821335,40.157249163205144,120.78322191969312,25.48653635728958
1842,1991-05-04T17:27:18.720000+00:00,1991.3440860215053,249.52324581157339,56.435769195931876,189.91570903292163,21.269707557170889,22.255398436384485,7.5824869586123054,60.460877913589378,102.7970258607008,24.102040192454197
1843,1991-06-01T00:03:44.640000+00:00,1991.4193548387098,237.41704631201623,84.079663267040331,147.26576308100744,32.822704905832474,26.143197120165865,17.553409485040213,54.047094433576262,61.654182551547919,26.644105335702069
1844,1991-06-28T06:40:10.560000+00:00,1991.491935483871,230.46403828660198,84.271956746232831,141.26239582423216,27.513373419712707,42.408254552065742,8.5353784648629532,58.009228007302482,53.473910890473284,21.053469996346426
1845,1991-07-25T13:16:36.480000+00:00,1991.5672043010752,249.13830884002829,112.95128861428859,131.42916956257017,46.12112175549823,44.622405100117298,13.244492969317484,48.259710107061487,52.133370039146257,16.894422592146935
1846,1991-08-21T19:53:02.400000+00:00,1991.6397849462367,261.48895795369378,96.590859189788858,157.69865758015763,52.643526106744282,28.438752283764948,5.7940893289416913,66.134401067468175,63.264243852085507,13.608415488027326
1847,1991-09-18T02:29:28.320000+00:00,1991.7150537634409,245.6171203900775,102.95249274360245,139.66301684260222,51.535257603245206,35.512253459330637,5.3086092500932542,51.526984927329906,62.272829494932985,14.735156101132409
1848,1991-10-15T09:05:54.240000+00:00,1991.7903225806451,207.44306291953103,86.915654029067142,117.69660736903877,44.755441797143618,27.431042313813062,2.7779073111246815,46.322059411114459,50.308264810846481,10.913987535795705
1849,1991-11-11T15:42:20.160000+00:00,1991.8629032258063,145.78446456560499,44.213417757360062,98.054974170701044,18.459911151401922,14.474160424304346,2.3808286799669909,43.432491281364833,37.668406201626844,9.4637026319703477
1850,1991-12-08T22:18:46.080000+00:00,1991.9381720430108,237.22714112825841,94.373956873038821,127.98751974194266,53.245621077398489,29.970877289823036,1.2449678052970448,67.417923920583348,38.38913569861429,9.7664441253749033
1851,1992-01-05T04:55:12+00:00,1992.013440860215,204.65279241159948,60.94070709035222,134.83155680217928,32.009176195782118,12.416370027953048,1.3374206790093228,62.35817785157181,42.876958382067613,14.035399381312642
1852,1992-02-01T11:31:37.920000+00:00,1992.0860215053763,198.44984642375954,75.129537173539688,108.85755046342464,38.511737163138399,17.785316187167155,1.2121914487339647,42.734697610236267,43.971738663156081,7.9740142812322876
1853,1992-02-28T18:08:03.840000+00:00,1992.1586021505377,155.60982997871926,43.886123810803078,103.5404336954123,17.242129555726166,11.603907359571464,1.4028319499284265,31.940243876430479,50.383667499959891,6.6641501050498082
1854,1992-03-27T00:44:29.760000+00:00,1992.239247311828,149.43695235795843,47.262895808178712,97.439221590981958,26.640756625617556,4.7556729503295516,1.6444067078411293,33.685104098843127,42.234608449619145,6.6897706066274338
1855,1992-04-23T07:20:55.680000+00:00,1992.3118279569892,96.355954650232462,34.597217170289454,58.581302130457338,16.503768876843989,5.5361053154066582,1.1100576266904705,19.711490204320317,21.868420519578095,5.6686149689797549
1856,1992-05-20T13:57:21.600001+00:00,1992.3870967741937,90.552661309710146,42.234585191691885,45.362096323075761,17.147137604643873,13.340049250588461,1.1121920215739065,16.28951484131376,13.968626533434346,4.8391841382946446
1857,1992-06-16T20:33:47.520000+00:00,1992.4596774193549,136.42512470825963,80.816981066773707,50.023340953622494,48.493733303373816,17.037641564658532,0.97100062240662111,29.051593085850467,8.9384240537841269,2.2817744905347102
1858,1992-07-14T03:10:13.440000+00:00,1992.5376344086021,118.46844365211157,53.695617488578705,59.170049488982642,25.307371062183162,15.113884490499112,1.3535391816428979,27.754198797135189,13.199175012358895,2.7598560739894871
1859,1992-08-10T09:46:39.360000+00:00,1992.6102150537633,101.55141258852633,48.514837269259246,48.045885448479986,18.876460958242319,17.147698750599933,1.3373216734259989,17.210067043554897,9.1021047999291387,3.4815148111252463
1860,1992-09-06T16:23:05.280000+00:00,1992.6827956989248,101.19937866100186,47.37625566777475,49.857283538848286,14.621668271993531,18.542516266914387,0.99163384182701586,14.993101519490914,11.362576689938541,2.87312047144529
1861,1992-10-03T22:59:31.200000+00:00,1992.758064516129,80.175446212697821,31.690832623252184,43.542499189049522,13.807117197119933,6.4437223239968295,0.72708164570867262,11.624170199803247,9.9429327287996578,2.6373866499909844
1862,1992-10-31T05:35:57.120000+00:00,1992.8333333333333,98.701640688800765,28.622110565455021,65.637719283767311,12.798415008738026,5.3507805583112731,0.65653765986479906,18.86897557017738,22.795249477671781,6.0080236119667791
1863,1992-11-27T12:12:23.040000+00:00,1992.9059139784947,108.30984088713886,33.599078732141301,69.637954247517584,16.824096333062499,7.5794757323593442,0.3969297547344825,14.161212578062942,28.870682792745669,6.7564218215304361
1864,1992-12-24T18:48:48.960000+00:00,1992.9811827956989,71.892033206104969,21.989468191727962,45.834408490195386,7.5131376333643862,8.9744745883808807,0.30934059874693831,11.070195788092896,11.963636667963764,4.1109428343840264
1865,1993-01-21T01:25:14.880000+00:00,1993.0564516129032,87.961017353991451,28.626039569438511,54.846744932402125,13.520199032538848,10.562063124534225,0.36351487262435711,17.911011911152727,12.110358410777517,4.8320927982803994
1866,1993-02-17T08:01:40.800000+00:00,1993.1290322580646,75.684465583240623,28.165956645335296,44.129965109100958,15.722961213399739,7.6541267538400906,0.41548923794335724,13.883782452036426,6.7804843114480988,3.7244287353967152
1867,1993-03-16T14:38:06.720000+00:00,1993.2096774193549,77.45720660954585,23.708127327884661,51.32099158466869,13.182947350938754,5.6059461341552916,0.58401775568850289,20.430341905068197,8.3816362495586567,3.5294976362270121
1868,1993-04-12T21:14:32.640000+00:00,1993.2822580645161,58.931778808834707,22.92394597767807,33.74441838692448,10.480524698290555,6.8878468865538727,0.69846386457530329,10.887669202165453,5.234060377433396,1.6818385471842916
1869,1993-05-10T03:50:58.560000+00:00,1993.3602150537633,78.501709413697142,37.641609686681612,37.983050492951456,20.601656325572574,9.2989060259697638,0.80439540275195331,13.720625445983831,5.7276584960565993,1.3925702251834127
1870,1993-06-06T10:27:24.480000+00:00,1993.4327956989248,75.040071631144656,22.767912794034597,49.782613432201501,9.6377032373931755,5.5304771743855783,0.83236980453423304,24.459006701813603,7.2295350622832464,1.1678736313941143
1871,1993-07-03T17:03:50.400000+00:00,1993.508064516129,63.494672103689183,24.292468243496845,35.702857003959814,9.0873577665247129,5.986858891335288,0.75028914660690194,14.367624100704763,5.8743826769566789,1.0853538157061224
1872,1993-07-30T23:40:16.320000+00:00,1993.5806451612902,57.698851063642515,26.244995604970043,28.483927956713952,11.732725954864291,5.4719315951072485,0.64322632872268304,8.0137399835665182,4.9561424431437349,0.80955524344090479
1873,1993-08-27T06:16:42.240000+00:00,1993.6559139784947,41.232136979991424,18.911111107759204,20.15007108820145,6.9433512534684656,3.2546613172873533,0.58488952646182757,4.5651045206465968,3.1743344218130609,0.64246850912107234
1874,1993-09-23T12:53:08.160000+00:00,1993.7284946236559,52.083508560596513,23.822883941863168,26.267223801943363,12.567562154725465,3.8495175552091685,0.43270618657233401,6.5749590478778188,6.02232097989328,0.73705681936918177
1875,1993-10-20T19:29:34.080001+00:00,1993.8037634408602,44.016358040076817,17.60996870634072,24.140673834000125,6.0629986734966783,2.842228430018503,0.42949057468298313,5.8050337731165129,3.2804595013587816,0.63720867854562302
1876,1993-11-17T02:06:00+00:00,1993.8790322580646,59.550577026717107,22.132080760824145,32.880784328211419,10.446600841912103,4.0408761662874424,0.29580347006746066,8.9602492799068401,8.075858577105226,0.38456423202769735
1877,1993-12-14T08:42:25.920000+00:00,1993.9543010752689,91.797736022123871,42.344901040884082,45.557627083733372,31.249563597569075,3.8477929854942969,0.31613268588088073,15.532216183705854,9.7778391483261551,0.75945100812456079
1878,1994-01-10T15:18:51.840000+00:00,1994.0268817204301,79.877124885170119,33.370515921448352,42.857516636722949,23.292550822916876,5.1114754782855192,0.18379576044105692,8.731101982304871,8.8789172956963522,1.0369603722263576
1879,1994-02-06T21:55:17.760000+00:00,1994.0994623655913,65.270211299887819,24.340188936827285,37.489577375495763,12.985336179481216,5.8033001311976617,0.34513394714568479,5.8091354081218167,6.4063073202811021,1.1384546522739725
1880,1994-03-06T04:31:43.680000+00:00,1994.1827956989248,52.499760379463112,16.753426773772919,32.920875824909693,6.9581091478328361,4.4244173633914832,0.38972829113479168,4.4298260237002518,4.6903021785665171,1.368394075093383
1881,1994-04-02T11:08:09.600000+00:00,1994.255376344086,48.624831848554642,15.182336549656178,30.659293559767004,4.8569502017464856,3.0940540281640541,0.40136372906298173,4.2207772929231417,2.9995544498013302,1.1642806063882389
1882,1994-04-29T17:44:35.520000+00:00,1994.3279569892472,44.604880571565964,17.179493861906515,24.711080246009658,7.3736063263957714,2.2876208672272962,0.36114950349857639,2.4189546952750689,1.4038376190199866,1.0237780386880102
1883,1994-05-27T00:21:01.440000+00:00,1994.4059139784947,39.268753431852829,14.531699489929096,22.377024440777028,4.44838113227837,1.5555421626300494,0.39525652460741628,3.2898939212216152,1.2867813618694905,0.58514541319000846
1884,1994-06-23T06:57:27.360000+00:00,1994.4784946236559,34.404882048248489,13.367163566766001,18.596917837972494,3.273641425354282,1.6627101531609105,0.40124519160842015,2.1481277568762351,1.1533647016961619,0.38011956653755635
1885,1994-07-20T13:33:53.280000+00:00,1994.5537634408602,38.705354533927455,15.009709915534994,20.755171692683732,3.5241260206313396,1.6014655944199245,0.29598794180698518,2.6388516146368408,1.4749992267996546,0.30005646746913273
1886,1994-08-16T20:10:19.200000+00:00,1994.6263440860216,38.571316892878478,11.522249552139147,23.334038904222609,2.2859929723229402,0.77733006037288765,0.25861230155644793,7.0406139601408766,1.6421872627479859,0.2130033690631094
1887,1994-09-13T02:46:45.120000+00:00,1994.7016129032259,28.905676876858259,11.16516337726457,15.589371127603505,0.95975162049876217,0.56835007852481967,0.23560226278390642,2.6586131730420459,1.4274103605193351,0.17728222088879717
1888,1994-10-10T09:23:11.040000+00:00,1994.7768817204301,44.15821356629602,21.400549779618601,19.791133904860338,9.1231017068049454,2.7880017854988246,0.23678903658799152,4.1436683290188538,2.4889574544954876,0.1985555180981983
1889,1994-11-06T15:59:36.960000+00:00,1994.8494623655913,37.991826480969181,16.433177004565717,19.204561274076983,5.4278597527178594,1.8624012399859586,0.20551990299064093,2.0406118667686144,1.6247303573526342,0.20956962170525262
1890,1994-12-03T22:36:02.880000+00:00,1994.9247311827958,44.012161989756486,12.684544606351029,27.658559854860176,2.8278985302077819,1.6626791029621424,0.18441063233527125,5.4377662488118288,2.1251781704490806,0.1777064171113841
1891,1994-12-31T05:12:28.800000+00:00,1995,35.857177323071689,8.3246062404461014,25.269837318421011,2.0181474191777284,1.0459607072848045,0.092757480845175239,6.1436954195603182,2.7535804138811995,0.18347990578439774
1892,1995-01-27T11:48:54.720000+00:00,1995.0725806451612,48.433590539655469,7.8684296168114836,37.889717460237527,1.4670051949837919,0.60162157744975686,0.14183578378442496,8.9066775720656217,7.6133702323862789,0.24807849983357338
1893,1995-02-23T18:25:20.640000+00:00,1995.1451612903227,34.385473438584441,6.1774235777330242,26.530913400368256,0.7442516349081314,0.3074431894620715,0.096846683947523479,5.6662031037440892,4.1490484562156569,0.22835206648719131
1894,1995-03-23T01:01:46.560001+00:00,1995.2284946236559,37.138292906762985,8.399103187039433,26.086769713035046,1.1521337965789349,0.60573593180469498,0.098256255704107967,6.6008049027024134,3.7878132061724474,0.26923479246256921
1895,1995-04-19T07:38:12.480000+00:00,1995.3010752688172,35.955342410694861,12.00079464298574,21.248800597815169,3.1295653838967921,0.21195318449465111,0.10233495806546218,4.5559942761034602,2.0813006590973608,0.20783778905626782
1896,1995-05-16T14:14:38.400000+00:00,1995.3763440860216,36.958013511518025,15.201499063504718,18.614395904513287,2.9439497403279988,0.46558164305433997,0.061011653381991479,3.2718581098089121,2.3949210956414522,0.33223851702431972
1897,1995-06-12T20:51:04.320000+00:00,1995.4489247311828,37.059403956619832,18.199571751664553,15.268912155445239,5.53149985619239,1.2082368706503028,0.058021209579006326,1.9443143446736095,1.5296617077686807,0.36913687941733203
1898,1995-07-10T03:27:30.240000+00:00,1995.5268817204301,24.930624504624451,13.189357989466105,9.6137746440250762,2.967481270505353,0.90482606955366462,0.057273147683897012,1.3774489917003967,1.0057459213056779,0.35684845649628605
1899,1995-08-06T10:03:56.160000+00:00,1995.5994623655913,28.021375843947258,13.938052705629568,11.460776852912328,2.0861352661715999,0.69285806864241628,0.068569030154065694,1.0031318637166713,0.7666583390716688,0.32396701839713921
1900,1995-09-02T16:40:22.080001+00:00,1995.6720430107528,31.916685765950348,18.451005671856667,10.590531081555076,5.4290681913045633,0.5376170458064069,0.059338988978427321,0.72166821019456051,0.43365350616836046,0.19107022237952823
1901,1995-09-29T23:16:48+00:00,1995.744623655914,36.206829392093518,18.351874147885905,14.479748914380391,3.6539632645254572,0.63045906803420326,0.087435990302471525,3.0812608173545684,0.54732635888184522,0.1240739139721822
1902,1995-10-27T05:53:13.920000+00:00,1995.8225806451612,24.387615055066316,12.277594825034836,10.0131904635775,2.1935557935267012,0.57170308595833663,0.12500081967829313,0.94869766265480004,0.32029158897960552,0.10679321921055034
1903,1995-11-23T12:29:39.840000+00:00,1995.8951612903227,30.593752749074717,12.128336630049725,15.645241477220155,1.0890719560633018,0.3109563690108858,0.14490110351600449,0.59666910123666095,0.25098185140470486,0.13472302566077254
1904,1995-12-20T19:06:05.760000+00:00,1995.9704301075269,30.172001625397908,12.994454218765535,14.610355723070333,0.93797778823389855,0.17514056026729191,0.085190899161987216,0.38433270602367231,0.13740583352502886,0.052818527099907496
1905,1996-01-17T01:42:31.680000+00:00,1996.0456989247311,26.505822382302803,13.360394328432291,10.675010313536768,0.37317254818432577,0.12818708220975117,0.1411951790381363,0.1197474086154091,0.056663328298525273,0.076665767498954401
1906,1996-02-13T08:18:57.600000+00:00,1996.1182795698924,23.511610331545004,9.909720815604949,11.530181899010906,0.3490232371852095,0.073325815756067322,0.08083786472866443,0.072143281119185498,0.077211616620176796,0.053213519814146418
1907,1996-03-11T14:55:23.520000+00:00,1996.1962365591398,23.858629837005857,9.7268039363876238,11.803236136598485,0.26394441693249476,0.064757885222735082,0.174744627170939,0.23063645458512128,0.06768454282781082,0.080009328118855624
1908,1996-04-07T21:31:49.440000+00:00,1996.2688172043011,22.264014160699301,9.8073394074082607,10.338280168213034,0.16315141168417324,0.18506766940327693,0.2805811990334659,0.19212424313888346,0.059902299048875736,0.074262937353126515
1909,1996-05-05T04:08:15.360000+00:00,1996.3467741935483,25.038556737521098,10.209667503598094,12.048930724999648,0.58735510374206013,0.15218493061294341,0.26243035789840041,2.7222265314417609,0.16823851251277722,0.12867818541874035
1910,1996-06-01T10:44:41.280000+00:00,1996.4193548387098,24.150388015280477,11.389299538310389,10.923691464448357,0.42114976073554172,0.24664380465789207,0.34113007562117714,2.0661090608680968,0.26811016442056823,0.10848604568915625
1911,1996-06-28T17:21:07.200000+00:00,1996.491935483871,21.377660239846779,11.443333033538311,8.5089109499865749,0.51142873651569087,0.63658298962752258,0.30607603471721156,1.7964756169731093,0.30051572977993884,0.095790736299402143
1912,1996-07-25T23:57:33.120000+00:00,1996.5672043010752,29.917334272330685,13.778960347422879,14.342927243149363,0.48967506528864846,0.5233994517663626,0.36461368257890781,5.2603256368030671,2.6166641754644191,0.14842508354605669
1913,1996-08-22T06:33:59.040001+00:00,1996.6424731182797,34.464627908481361,15.128901753522223,17.31475117696564,0.46981693521807905,0.31459652752282541,0.25403369416621413,8.5336147426167166,2.9783336921528063,0.11153007271707334
1914,1996-09-18T13:10:24.960000+00:00,1996.7150537634409,28.534597640207711,13.101912627132755,13.168161816187203,0.35486558005250529,0.22498512562701983,0.2028752198447728,4.1524622321597349,1.490671391462012,0.13672242495132134
1915,1996-10-15T19:46:50.880000+00:00,1996.7903225806451,22.868841184020511,13.368564348851509,7.8972686767388591,0.19446585613311571,0.1230650452738641,0.27630856799180248,1.4024644282951617,0.80501945366928718,0.072380451193726436
1916,1996-11-12T02:23:16.800000+00:00,1996.8655913978494,18.899984111776565,10.603699270691269,7.0075754660714953,0.53354560687187991,0.1503540803193418,0.26950790144315229,1.6898264231501583,0.2547764019768558,0.080731814910042402
1917,1996-12-09T08:59:42.720000+00:00,1996.9408602150538,26.34941073425798,11.585831486029331,12.86882066715847,1.7223646756788329,0.24401345467751373,0.30817118141061728,2.1319165571665297,0.61893974694400333,0.3852440483364456
1918,1997-01-05T15:36:08.640000+00:00,1997.013440860215,25.126159774271446,9.6661513787517013,13.785058445756484,0.74417167628824521,0.21505960421293191,0.21594220666773009,1.2463979622394692,0.98271533774831954,2.0186455684443079
1919,1997-02-01T22:12:34.560001+00:00,1997.0860215053763,24.273302991572574,7.4585050030263957,14.809200502299154,0.53878258248202882,0.21059163853091445,0.26366223204861927,0.42262612495752588,0.52030023958895621,0.63135693601028009
1920,1997-03-01T04:49:00.480000+00:00,1997.1693548387098,28.301491318731898,12.648139411234318,13.342068084546653,2.1884923303806985,0.29429001528159582,0.69333726240095539,0.51103362266186014,0.49164195495982643,0.50424189381530837
1921,1997-03-28T11:25:26.400000+00:00,1997.241935483871,25.474639895568099,12.132492689861399,11.873715903305357,1.3195985544311406,0.33739122160498802,0.45027295503964754,0.40334923819336727,1.1044325861152748,0.69545808691718702
1922,1997-04-24T18:01:52.320000+00:00,1997.3145161290322,24.903894107129659,13.496451747793516,9.8803124787455516,0.76673912570316272,0.53013366595510625,0.32975343448327893,0.25919495202765497,0.62279369222401393,0.63841005978035581
1923,1997-05-22T00:38:18.240000+00:00,1997.3924731182797,24.299590423291498,13.17146892208687,9.9617228953282897,0.67760605698292853,0.9929427115327949,1.0176046475946718,0.30297509916152332,0.74476012641399503,1.3075094450823483
1924,1997-06-18T07:14:44.160000+00:00,1997.4650537634409,21.994480326603295,13.756719258955917,7.1516784735715353,0.50053656192794049,1.3947212545335408,0.70888081746640119,0.26026101198480112,0.47038246069199863,0.45016658702056567
1925,1997-07-15T13:51:10.080000+00:00,1997.5403225806451,22.269827473427515,15.810161304022412,5.6856492802624858,0.38989297170716058,1.8047569427026944,0.63169450408129724,0.36626004784628291,0.39962638092331942,0.52562253958571825
1926,1997-08-11T20:27:36+00:00,1997.6129032258063,35.958107820405914,28.82903721147958,6.2883504811345245,2.2400507705527892,11.868868607738664,2.3682519011246264,0.20296745695094842,0.62771901663663165,0.50534131297600338
1927,1997-09-08T03:04:01.920000+00:00,1997.6881720430108,55.437569843529069,24.861699093108854,30.052423753315647,1.5238753115176333,7.4450334673651568,3.9998597789814627,0.19686090287585961,18.454943082180762,3.6278882602375973
1928,1997-10-05T09:40:27.840000+00:00,1997.763440860215,38.154720795391739,23.080038262050302,13.972527171096045,1.4101430299731568,7.1216175739868257,2.6409528546889085,0.18484484622008845,4.7665365472992098,1.955319882170349
1929,1997-11-01T16:16:53.760000+00:00,1997.8360215053763,39.668416120115261,23.504050261988912,14.317934166500528,0.47038186485744615,6.1291113108801802,1.8830794945498499,0.81412974219683865,3.8837292700373713,1.1059643970367214
1930,1997-11-28T22:53:19.680000+00:00,1997.9086021505377,46.713537202537808,35.353775506100462,10.37239888496774,1.2988319610647878,20.595683504636359,1.4710471099850602,0.37099967410336193,3.3772599145171545,0.82871042963024133
1931,1997-12-26T05:29:45.600000+00:00,1997.986559139785,26.0242540630211,14.161276443722059,11.151333529673629,0.92700022285714745,4.014366719547267,1.6272400022435805,0.49966131725324814,2.7349683872311408,0.83630331237150846
1932,1998-01-22T12:06:11.520001+00:00,1998.0591397849462,29.588780440172854,12.481870215730314,16.484259626273907,0.58779222576632617,2.613512706068077,1.5808505890373363,0.40150417132984517,4.1467613345016199,5.5321610212038292
1933,1998-02-18T18:42:37.440000+00:00,1998.1317204301076,24.196391554678993,8.1874348395204137,15.408333291831029,0.46495382664391288,1.4273272103420755,1.1692480602663644,0.86561677471528253,3.7053400928694926,4.9171914008040858
1934,1998-03-18T01:19:03.360000+00:00,1998.2150537634409,38.360335858474222,8.1238837030638873,29.787390743594479,0.31572250938976743,1.353294848703511,0.89097725822176943,1.7614342160720098,17.750544585698066,5.6567752778470819
1935,1998-04-14T07:55:29.280000+00:00,1998.2876344086021,40.031798514607821,10.041232473874015,29.877436200869923,0.45400282557840987,1.4561954800783303,1.173322526450564,1.8297357091418278,18.63816394174432,4.6062085120907996
1936,1998-05-11T14:31:55.200000+00:00,1998.3629032258063,38.7958604787271,18.30634943023275,19.882849829776493,1.1730690726586297,7.1748952931668537,1.8715969455005113,1.1508638879527142,8.7049291570609757,4.1305113758061198
1937,1998-06-07T21:08:21.120000+00:00,1998.4354838709678,46.419063816935122,20.708072256632345,25.760706379645885,1.7905006409102837,8.0452275341803503,1.430263583225422,1.6279432094870141,14.797800737227581,4.1891108885005934
1938,1998-07-05T03:44:47.040001+00:00,1998.513440860215,39.72726813479342,21.214042600460669,18.752234473542824,2.5761060467553429,6.8415935263480741,2.1503092994044426,1.1879381486463469,7.0202193480111292,4.3680647079445194
1939,1998-08-01T10:21:12.960000+00:00,1998.5860215053763,66.518772141363726,40.104583151138158,27.002749891187246,4.2664658781637179,19.938836693762248,5.8707636549128424,2.1435932538892142,12.582176389225033,4.3748929733974498
1940,1998-08-28T16:57:38.880000+00:00,1998.6586021505377,65.865950274626925,42.606203944012364,23.055876001107865,8.3042678463209398,19.018554371090705,2.8987185131137942,1.9621611598989879,10.507161942044336,3.8253087661959357
1941,1998-09-24T23:34:04.800000+00:00,1998.7311827956989,47.005116873989934,26.853451275622504,19.794105340628946,2.9872666588369281,10.480994172901237,3.8810869897496314,1.7000261081448067,8.2066696503795153,4.3916027948471434
1942,1998-10-22T06:10:30.720000+00:00,1998.8091397849462,52.942791149525924,32.545738394375014,20.155065991766055,6.9561545404311893,13.929721810645372,2.4846009088535812,2.0718666415492017,7.2758241671253359,6.2649712127590425
1943,1998-11-18T12:46:56.640000+00:00,1998.8817204301076,121.28343371929068,75.973467487866955,45.473324646746292,13.275768795261888,53.627339143852858,3.7466587494084918,4.4082388297802257,21.57569884512365,11.011291227158894
1944,1998-12-15T19:23:22.560000+00:00,1998.9569892473119,124.42701367145391,96.001269007276235,28.258087591598894,12.083970669489908,57.634215975382197,17.136568225756491,2.3622046742303691,14.226387653972134,6.5617183447942962
1945,1999-01-12T01:59:48.480000+00:00,1999.0322580645161,85.669613245044189,61.416231540751475,23.750261010142047,8.0119883516764752,31.44735272849719,9.9618760216028228,1.8870419266892333,6.535512278341117,7.7920770938818595
1946,1999-02-08T08:36:14.400000+00:00,1999.1048387096773,92.544289595777173,66.609726152891753,25.831586961757459,14.376648613568376,27.413367109889577,7.6463195534837611,3.1624760890543056,10.647184918066683,5.9152816239077568
1947,1999-03-07T15:12:40.320000+00:00,1999.1854838709678,63.331709913795464,37.594409825370057,25.221991762250518,10.174547979954502,9.9955430097180518,4.8421598541201503,1.3183543347593161,10.344092537875357,6.4549848743465672
1948,1999-04-03T21:49:06.240000+00:00,1999.258064516129,73.252612593919991,50.663517184089706,23.044592432203295,15.804759272141986,22.458493875055666,4.3763861490303242,2.2949123452997768,8.0399029191477354,6.6309563360255908
1949,1999-05-01T04:25:32.160000+00:00,1999.3360215053763,78.893497797013993,54.550514844842077,23.540008142776056,10.786282495355666,25.252755597205979,8.2401928065669097,2.4591247272166012,8.5998492600552936,6.6752103321977687
1950,1999-05-28T11:01:58.080000+00:00,1999.4086021505377,73.197283152785815,51.678723041812816,22.252998127454742,6.3510986690538314,31.076817682963007,5.9502132631866189,2.5563069713616478,9.014607977407902,7.0362636689440912
1951,1999-06-24T17:38:24.000001+00:00,1999.4811827956989,117.25126545474457,69.796535012694079,48.54178342320143,20.089826792970126,36.532971161729662,4.8191067509678387,7.9779637585814775,22.781894481581677,11.732954364332002
1952,1999-07-22T00:14:49.920000+00:00,1999.5591397849462,134.47103171211876,75.91646383901255,61.127314033663502,21.200360930218935,39.977636809541217,7.108819033982309,6.1807419587399854,34.834407704345644,14.202925411085928
1953,1999-08-18T06:51:15.840000+00:00,1999.6317204301076,212.35267487649165,68.157545735066009,146.26957089779066,20.960735418901336,33.489194684807089,6.0144301668308806,10.986539981474243,101.63550890952489,22.541553001760349
1954,1999-09-14T13:27:41.760000+00:00,1999.7043010752689,106.08810487960993,47.548546270041932,58.435040432194967,13.456830980009489,22.793286951439299,5.3044386037412004,7.6568767594213387,31.515809646980589,8.9589740155390754
1955,1999-10-11T20:04:07.680000+00:00,1999.7795698924731,119.80133673704954,69.467401377868043,49.979177566785808,26.371642994077089,32.679472066094625,5.604413977732789,7.3926612042889852,20.011188583648391,8.375591967681375
1956,1999-11-08T02:40:33.600000+00:00,1999.8548387096773,117.84375337949628,59.045276840824279,57.994281024544982,31.432255052278691,21.021215162660809,4.6803295723636191,25.409912345875139,17.431941699704726,5.8955429741719581
1957,1999-12-05T09:16:59.520001+00:00,1999.9301075268818,174.51288008154464,83.926004170745031,91.217792488537242,37.003088511386899,36.292458605885805,7.396533095043516,50.178326109392991,29.908015433430332,4.0680601095547528
1958,2000-01-01T15:53:25.440000+00:00,2000.002688172043,130.33662519919338,56.032792991523173,74.964071235154904,26.959117427566451,20.642257406482667,3.9440269305329978,36.622061113611863,30.362679700010304,2.3776906634467929
1959,2000-01-28T22:29:51.360000+00:00,2000.0752688172042,82.302649456791883,45.468223811721082,36.108013844235998,14.315713845636317,20.369912252439768,4.52056987628018,12.595498214931146,16.991946439442479,3.507970719297079
1960,2000-02-25T05:06:17.280000+00:00,2000.1505376344087,138.83118937160694,53.900618994604756,84.081092841469598,13.46195011473219,29.897742207443176,5.1798138523771797,27.116987820065162,45.560459453682604,4.4938711730093885
1961,2000-03-23T11:42:43.200000+00:00,2000.2284946236559,125.9397677292901,58.030496728273931,67.790880792323591,17.793552955218306,29.72358259085031,5.204401893709357,22.991360120142822,35.863955498731436,3.9227149810057291
1962,2000-04-19T18:19:09.120000+00:00,2000.3010752688172,90.554202269424991,51.496624252798277,39.380658924668793,13.376031483559848,28.954215504213405,3.6247207853835435,17.736075365009764,15.440158033712001,2.401845822686004
1963,2000-05-17T00:55:35.040000+00:00,2000.3790322580646,99.865971749765635,48.308371483805495,53.485246532199028,8.4733252403588093,34.010275587059354,4.8566696418659685,15.772376204516732,29.579023601740996,6.7633311636691822
1964,2000-06-13T07:32:00.960000+00:00,2000.4516129032259,80.730950646069871,33.829970320099285,46.5053310672807,8.1633085613702239,19.473497412498318,4.6116635858248376,6.4998739011738076,21.497113901536718,10.171886262924378
1965,2000-07-10T14:08:26.880000+00:00,2000.5268817204301,95.603611796223817,52.763589572483902,42.444722395807787,27.522445778705805,19.165137275576193,3.6126243215291192,8.8874736735620132,19.091248042298485,8.3605567822437212
1966,2000-08-06T20:44:52.800000+00:00,2000.5994623655913,92.907604035296444,38.596938053845577,55.092792990322877,15.764176040278993,15.840848331461977,4.8321725700380114,26.494504733576239,18.419066775257576,5.0149558224841195
1967,2000-09-03T03:21:18.720000+00:00,2000.6747311827958,146.52623251000128,91.832275351032919,53.848210406185061,66.722246430532707,18.260488737381138,4.5710631344687478,25.830606221855597,17.874164102637298,4.0561021031849354
1968,2000-09-30T09:57:44.640000+00:00,2000.747311827957,131.26021195794962,60.139060816062582,68.306418358210138,29.627255070919585,22.390727420451555,4.7878569618762521,27.787844718686554,29.399962395672357,4.1669446292137611
1969,2000-10-27T16:34:10.560000+00:00,2000.8225806451612,133.65869013332554,71.193355896118305,58.230758405127759,48.761874160663666,15.811764166132438,4.6324281949053434,10.384507980650856,23.386422316630309,12.309698944999857
1970,2000-11-23T23:10:36.480000+00:00,2000.8951612903227,130.54885225063396,72.971312161637584,57.18416200822913,36.509644590180166,21.234493503684757,3.6995580270591946,10.679977314852875,27.966683995013575,7.9821342089055012
1971,2000-12-21T05:47:02.400000+00:00,2000.9731182795699,103.63477297444449,68.4612272398046,34.93701589997044,30.565674731549098,17.873154310605585,4.8898842555097932,14.608550959124686,9.4984829878602497,5.8876980196602489
1972,2001-01-17T12:23:28.320000+00:00,2001.0456989247311,98.055322298432657,64.658915927570405,31.832636707991849,19.633605001039793,14.389833055546351,4.0870929990118166,12.983513514243894,10.849681794273954,4.8616090763737221
1973,2001-02-13T18:59:54.240000+00:00,2001.1182795698924,83.531845946464003,64.223129959384906,19.293098650971256,23.981494371668987,12.104504637315639,2.7237749413534535,3.8814740151263387,6.3584609853030454,3.3159719545379156
1974,2001-03-13T01:36:20.160000+00:00,2001.2016129032259,96.961945627815254,64.930172859954581,32.193675117909606,15.889991004936258,22.049766967280817,4.131075113941832,19.003105699452252,6.6884573804142233,4.1003939903657267
1975,2001-04-09T08:12:46.080000+00:00,2001.2741935483871,122.53234599159194,91.707161249895137,28.761361381459118,26.841856569323404,31.778222265477083,7.7136428010933979,14.656937060184095,8.1917087770084489,2.5540585260574584
1976,2001-05-06T14:49:12.000001+00:00,2001.3494623655913,77.359259416396029,56.086877298880481,21.132963251995815,18.588870822655682,25.528506976674414,2.9032307190706255,9.2191233487741737,6.2588803230548926,3.4621972081942132
1977,2001-06-02T21:25:37.920000+00:00,2001.4220430107528,88.391256974364026,60.569496514247035,27.724242403433148,24.170408779733766,29.758435859613854,2.1928109365601265,7.6657624372368005,13.387680422818681,2.4970582194754538
1978,2001-06-30T04:02:03.840000+00:00,2001.497311827957,83.318032870978641,52.048405306583447,30.370851058019078,23.661026996611138,21.646730326854271,3.1020072683601581,7.1869734991458989,10.097338464800574,3.5989287573268034
1979,2001-07-27T10:38:29.760000+00:00,2001.5725806451612,89.753553710179858,42.122252030462128,46.075291828095139,17.479570540246446,18.189727070480352,2.8732157100116598,11.042577818381845,7.897406742301472,3.1962747215190168
1980,2001-08-23T17:14:55.680000+00:00,2001.6451612903227,176.02808245037997,46.526479911920468,127.99953914776299,22.102371531760845,16.897298192744422,2.5967305608621438,48.341386006499761,42.609340527583647,15.251891110043243
1981,2001-09-19T23:51:21.600000+00:00,2001.7177419354839,222.62456316776883,43.842635000062536,174.49382101775336,16.923988595449483,21.029386683452064,2.7373119030744175,74.789873706677255,60.559522884751082,12.341190269627319
1982,2001-10-17T06:27:47.520000+00:00,2001.7956989247311,201.59444219341182,58.999105373548957,140.43439137307749,31.484714990153023,21.436577847019425,2.7541680901993977,45.355231613023889,71.892322136338606,9.5904544246445909
1983,2001-11-13T13:04:13.440000+00:00,2001.8682795698924,200.52313716384904,68.380052267965041,126.54346377212708,41.862655831284727,16.699324349458049,3.9715958991174247,42.333822915075054,65.837342996018904,10.024692496599945
1984,2001-12-10T19:40:39.360000+00:00,2001.9435483870968,193.63515677998092,61.289872392686675,127.44307686302021,38.522931559792973,13.006750599432358,3.4954132873795922,38.416419171307929,64.378563920972084,15.3831923618463
1985,2002-01-07T02:17:05.280000+00:00,2002.0188172043011,246.1172068331945,106.02300863137982,131.44883787543617,79.492001672787509,16.711122245544843,2.8455951379957463,70.509930243624908,40.563874780091716,8.3292628426198885
1986,2002-02-03T08:53:31.200000+00:00,2002.0913978494623,150.18749256653101,62.566089416024397,84.855931988667024,34.921044928343122,20.930343834199796,1.4847277453664416,40.709657513931774,27.252814948674679,9.7689101844767148
1987,2002-03-02T15:29:57.120000+00:00,2002.1720430107528,101.19996971481481,40.606701241347828,56.622068017632323,17.92115297758119,14.170219355359318,1.0637147196140844,27.547686939779194,15.45757401361419,4.1318373707738445
1988,2002-03-29T22:06:23.040000+00:00,2002.244623655914,131.15553243900985,66.53489841696215,58.699268754914627,35.095562306267659,23.6765348164007,1.5979700745516352,36.018296523875399,12.034886555027789,3.198476889023171
1989,2002-04-26T04:42:48.960000+00:00,2002.3198924731182,108.07573927453922,54.947411176435416,50.295765596361868,25.257545889678408,22.6572852566342,1.649860924800671,19.588100373156351,20.823755277727216,3.5090962679257869
1990,2002-05-23T11:19:14.880000+00:00,2002.3951612903227,119.01156349885005,56.144241583911928,60.339663314012697,26.139650310373977,24.446536536517332,2.1468831279431555,15.839422724894217,32.492437214667632,5.0595177038831176
1991,2002-06-19T17:55:40.800000+00:00,2002.4677419354839,114.73524175172956,54.497619259336815,57.384494637941557,25.008973629569539,22.965585720571603,1.974967838536789,16.326020589315885,25.066212775213991,5.455029821743735
1992,2002-07-17T00:32:06.720000+00:00,2002.5456989247311,108.92128925425371,48.972790518436675,55.97703177964457,17.231379861408584,24.311588831229216,1.8637053032136817,21.398883866901539,19.085691440392193,4.7224356741769178
1993,2002-08-13T07:08:32.640000+00:00,2002.6182795698924,196.56534473975023,76.528676969887897,113.06962761815748,38.970071128375636,26.382580937234977,2.5324310895767237,42.246090022934567,55.692941894403639,8.0530027528895403
1994,2002-09-09T13:44:58.560000+00:00,2002.6908602150538,139.42103502953475,60.906495058679425,74.565474094845854,23.149774152315647,28.79462595610935,2.8814045770726877,30.023008764401339,34.630931562238743,5.7404120562452743
1995,2002-10-06T20:21:24.480001+00:00,2002.766129032258,135.20096232811207,73.029423979323781,59.209814611512257,15.258386371563702,46.098593040791222,4.7166685329389288,24.320396131839217,24.720149864838842,5.752683033039232
1996,2002-11-03T02:57:50.400000+00:00,2002.8413978494623,146.18539371917851,68.353610125477203,74.29200396859882,17.363561982928299,42.292602078382671,4.013474621221933,26.558821675898457,39.302717979687522,3.3780991526330357
1997,2002-11-30T09:34:16.320000+00:00,2002.9139784946237,143.5080798594457,64.421473263159882,78.786497190922375,25.302505244937798,27.362808668188457,5.9042403336222948,34.069821034150628,32.594994057702209,8.2390919679008867
1998,2002-12-27T16:10:42.240000+00:00,2002.989247311828,119.25054583337669,34.846797530558206,83.103562605813664,11.24064918142717,14.775466757307809,2.3917553477305615,32.084251763064046,39.371627061023986,6.7399153280247814
1999,2003-01-23T22:47:08.160000+00:00,2003.0618279569892,79.289290854120864,27.199241355143432,51.846985353541001,12.213667035942027,8.0878101819119479,1.0434824961203728,20.399394401662548,22.125120107572492,4.294607849399406
2000,2003-02-20T05:23:34.080000+00:00,2003.1370967741937,82.929796565334087,38.229076900465117,42.207528924833056,23.856555634875779,8.5463062444936124,0.8338029407206371,16.837893633722153,17.849043475717725,3.2899773484020258
2001,2003-03-19T12:00:00.000001+00:00,2003.2177419354839,64.372376573916711,32.60747520808458,27.343669670648332,21.494322635754425,6.2023637415527952,0.98555310925821071,11.510572258202133,10.959997972699799,1.9669573282985879
2002,2003-04-15T18:36:25.920000+00:00,2003.2903225806451,45.349491476406186,18.360368733637863,26.011212705613779,8.9897535409997484,4.5432363236420894,0.72159673107347877,11.782668356992097,9.0223827692377672,2.2982170160557227
2003,2003-05-13T01:12:51.840000+00:00,2003.3682795698924,68.891653355433405,33.867822355789826,34.147618043488954,18.743799491870977,8.8928196124018566,0.51843666646136222,11.687607590504628,9.8481423681911089,9.1296312085487497
2004,2003-06-09T07:49:17.760000+00:00,2003.4408602150538,89.227848196381231,42.3833524135784,43.838648384252153,26.210069352194566,9.9870173471169821,0.60057635208418569,16.71024555528788,19.112444539763111,3.6161885541701508
2005,2003-07-06T14:25:43.680000+00:00,2003.516129032258,62.363308563545147,33.788687264660915,26.686400582986536,16.955068644185744,10.50689088958384,0.67338045429796389,8.9595680193599812,10.045264659314025,2.6450327675957155
2006,2003-08-02T21:02:09.600000+00:00,2003.5887096774193,78.42540878277471,29.383801449661398,45.30110759673601,16.589202352735533,6.2255537429602263,0.57657017476684935,20.534502359004129,13.99964820076236,1.9161236055777124
2007,2003-08-30T03:38:35.520000+00:00,2003.6639784946237,64.53434485782698,20.324362969028037,42.305812792428171,9.7535393797777363,4.5578542927188606,0.45708917173212615,19.634013441104624,11.603125830059307,1.5859845077562584
2008,2003-09-26T10:15:01.440000+00:00,2003.736559139785,65.763224832111703,25.544023130765805,35.910430588029591,13.516241766582487,3.9677025128942165,0.46876760507719917,19.826826243070894,5.7013337077171187,1.224453476640269
2009,2003-10-23T16:51:27.360000+00:00,2003.8118279569892,80.100368115838378,33.446375684593747,42.752860884391431,25.21380827862097,3.1086629834534287,0.43433900499305222,23.168316379777309,9.7987029447868768,1.0225261509596537
2010,2003-11-19T23:27:53.280000+00:00,2003.8844086021506,107.47185703562036,28.67421739593199,76.768937767343346,19.035597854801829,3.8652869782435815,0.42067085718386621,27.572662698209605,36.232888461625542,1.4685474386519899
2011,2003-12-17T06:04:19.200000+00:00,2003.9623655913979,89.229227406242245,35.191909258702815,50.310614354417041,27.964122778250196,2.983114858273368,0.57341088304470289,17.703252627744842,22.475129524077417,2.3075575242726303
2012,2004-01-13T12:40:45.120000+00:00,2004.0349462365591,60.120659054901637,26.095588487781221,33.07998440808435,18.602078429886955,4.2638950508251643,0.44185363998368526,13.255116706464442,10.611979022309557,1.8502331358725366
2013,2004-02-09T19:17:11.040000+00:00,2004.1075268817203,41.802659677306728,14.940342359406664,26.063577790691976,8.5496388095871971,3.4346336826239607,0.49608075539138397,9.9942300784391289,7.4818825403498188,0.75691751380285721
2014,2004-03-08T01:53:36.960001+00:00,2004.1881720430108,64.321309606076937,17.824089451878912,44.560432480657475,9.4107760101400864,4.1529019186542033,0.53322238468703198,19.544166630245858,14.916489487028185,0.94817307390034988
2015,2004-04-04T08:30:02.880000+00:00,2004.260752688172,45.584891705400068,13.946808579932563,29.794376200127111,5.6907745048716141,4.4110519067175131,0.4054008774134254,14.301140308776455,7.9711232177616136,0.62500176845258493
2016,2004-05-01T15:06:28.800000+00:00,2004.3360215053763,46.288278026968385,10.727779826978896,34.303343915945476,3.7167050865549642,3.3064180629622499,0.50761684728755607,21.38921542624248,5.0066014119672007,0.50628059611013887
2017,2004-05-28T21:42:54.720000+00:00,2004.4086021505377,49.767488378630375,11.131982959230362,37.820541685669085,5.0453197831771872,1.7555835775031603,0.27944729098378063,23.6737305628365,6.7495855180591979,0.26055978192439838
2018,2004-06-25T04:19:20.640000+00:00,2004.483870967742,55.7689089763021,10.395573421546723,42.767289163761525,3.3890270579617474,2.1406562861136798,0.23629471725417348,28.089042134630397,9.2407746952417025,0.4411676886350589
2019,2004-07-22T10:55:46.560000+00:00,2004.5591397849462,86.71887628437031,42.040697671312081,41.84435818705095,28.579206457350029,7.6295664240821717,0.19408785261061184,23.78326762519136,12.634238571900861,0.28234645105732026
2020,2004-08-18T17:32:12.480001+00:00,2004.6317204301076,84.182710652837272,32.510815190979891,47.730878866603526,20.821893986578406,6.6325548420587754,0.21890193226768095,28.71286619183833,13.372570631354469,0.32620053997152532
2021,2004-09-15T00:08:38.400000+00:00,2004.7069892473119,47.881972994224284,22.447823940287307,23.57655802952624,10.827215321133457,6.063897199812863,0.45954624754476486,14.062198218360342,6.7232732668769311,0.27405746065902881
2022,2004-10-12T06:45:04.320000+00:00,2004.7822580645161,68.352117401762129,32.580632645400613,33.283596468914673,17.499562549556444,8.8407785698164911,0.70954459116928925,12.440327965774346,17.857550546551778,0.32617823000099228
2023,2004-11-08T13:21:30.240000+00:00,2004.8548387096773,60.24657964334623,28.417371062408183,30.192166870205163,15.189212725415905,6.7995122599499114,1.0687385217442218,11.250388221622845,15.822475349360852,0.38527550367440366
2024,2004-12-05T19:57:56.160000+00:00,2004.9301075268818,46.591486978622868,18.774216638265074,25.478006126041269,8.0729752679344244,4.3859672689231282,1.3434488012269643,9.5108438436418705,11.458822353144587,0.70522032034481197
2025,2005-01-02T02:34:22.080000+00:00,2005.005376344086,45.180648683597752,17.87809987777403,25.569547231550413,8.6027767718327137,4.5093531725429221,1.1846764887736529,11.464366743099758,8.102998453717623,0.95664480959763298
2026,2005-01-29T09:10:48+00:00,2005.0779569892472,39.449292443989123,18.474897096507931,19.324913417746334,10.434508924382499,4.2626524167884554,0.98005276258621299,9.2807853142711707,4.6363016188309594,0.86268322531867658
2027,2005-02-25T15:47:13.920000+00:00,2005.1505376344087,32.638418699713441,12.822317945779709,18.559939225148721,7.0043481360891899,3.3553348457726275,0.64620940548820849,8.384439230674392,3.0150899494163226,0.56200911846065726
2028,2005-03-24T22:23:39.840000+00:00,2005.2311827956989,28.124156050548514,11.943715388203557,15.056831526299407,5.7241129937135709,3.0585045727928835,0.80445043620712486,6.0874158751675278,3.9119461060884064,0.38381117295897049
2029,2005-04-21T05:00:05.760000+00:00,2005.3064516129032,37.371441653282247,12.002326152013453,22.115180778561339,6.476427409912918,2.3273901794309757,0.60803354484697592,16.246854081667102,2.693046265934727,0.32350007394353764
2030,2005-05-18T11:36:31.680000+00:00,2005.3817204301076,35.86038555639616,9.3846569388114549,24.058855648947091,3.6288465593839936,1.5787393245888439,0.46147719889191996,16.371817927592989,3.1815689340886717,0.34158970940783384
2031,2005-06-14T18:12:57.600000+00:00,2005.4543010752689,30.81745511625666,9.2441780961922166,19.719836736458472,3.5297431383505709,1.7369817318981293,0.49602932556866047,13.283493279447432,3.3686631196844821,0.20764528444446884
2032,2005-07-12T00:49:23.520000+00:00,2005.5322580645161,30.504268732666343,9.9533056780806195,18.489729581707554,4.6153436617265982,1.5101779598041709,0.43098330292050202,11.243465170354026,4.1444689896627942,0.31125545936649385
2033,2005-08-08T07:25:49.440001+00:00,2005.6048387096773,24.374057527611544,11.617867310221685,11.226407344228866,4.3506355544080524,2.6331645579827434,0.34005328904013121,6.1767897809440626,2.6459885961890759,0.23380675665693459
2034,2005-09-04T14:02:15.360000+00:00,2005.6774193548388,32.890177844600522,11.748302090962923,18.75352343493547,5.4540202383205534,2.1165974976960156,0.41719759895834635,11.880872848569702,3.4384379409680008,0.40394832535273639
2035,2005-10-01T20:38:41.280000+00:00,2005.752688172043,34.202816963099856,9.1509706012886305,22.553926454244664,2.6792154050204107,1.4622417969596171,0.4147023433148278,15.121372874453545,3.1107229809919144,0.23421469957395788
2036,2005-10-29T03:15:07.200000+00:00,2005.8279569892472,36.590084799414306,7.9139130927811685,26.658868084841089,1.9254549051167702,0.72089306601961411,0.34721131806259353,19.855619246133344,2.839649563234715,0.30403063407979541
2037,2005-11-25T09:51:33.120000+00:00,2005.9005376344087,30.951005236051707,9.0634752811458572,19.109772059695622,3.3024933044809965,0.52212125869693005,0.30208139563510628,12.030655090998344,1.7740960411163158,0.22435073716358001
2038,2005-12-22T16:27:59.040000+00:00,2005.9758064516129,24.209970115195343,9.5764112071115139,13.104318363254491,3.0035661728084899,1.6554308654700145,0.25902791658893554,5.8404628124804487,1.3183731662229587,0.25580081595160703
2039,2006-01-18T23:04:24.960001+00:00,2006.0483870967741,28.97523670161009,16.005041303323683,11.276082738328141,5.1185304503393416,1.7399539809008,0.31373947435351374,3.5758929854506434,1.7479210885989167,0.25570079322726474
2040,2006-02-15T05:40:50.880000+00:00,2006.1236559139784,19.526569244374066,9.6468846882323636,9.2186020315140382,3.2283457291195061,1.3163482886614644,0.18604174237129562,3.0931314081291443,1.2588523857350036,0.21648718067414216
2041,2006-03-14T12:17:16.800000+00:00,2006.2043010752689,16.486332676107011,5.8556324314645778,9.7344446739597021,1.4465252457902253,0.80575468317931775,0.28249685954149445,3.433312020697922,1.4130471875280173,0.16010575885581399
2042,2006-04-10T18:53:42.720000+00:00,2006.2768817204301,33.922526037532258,6.3326987258913272,25.023131683971037,1.2991831261320075,0.54918979932655354,0.1907912547441328,13.611371673843692,5.0236481229654384,0.20098074418139811
2043,2006-05-08T01:30:08.640000+00:00,2006.3548387096773,22.070459297653141,5.8857716162133968,15.130571839356586,1.2224297068538239,0.47919567660277274,0.19479829136685509,5.4487357540239714,3.0787736902636693,0.17978883157218198
2044,2006-06-04T08:06:34.560000+00:00,2006.4274193548388,25.037304033893907,8.8502158075051032,14.833020184965624,0.97618666746310667,0.37190676013570795,0.17799720327181681,7.1673434382194561,2.3098858347372486,0.140212264293371
2045,2006-07-01T14:43:00.480000+00:00,2006.502688172043,25.678645774328974,10.116034687857161,13.770968494210033,2.3256336507852957,0.21997842446856619,0.16736422326544972,8.4671862058243228,1.4036776748681778,0.15325208297012927
2046,2006-07-28T21:19:26.400000+00:00,2006.5752688172042,28.156356298186395,7.9115918922175013,18.644831379660719,1.8145724506264271,0.21211946207099183,0.11914332646422332,10.275841089335902,4.0448609361921228,0.20953231035562628
2047,2006-08-25T03:55:52.320000+00:00,2006.6505376344087,24.818658678740182,7.7385612118435896,15.363950011105679,1.2352301863553605,0.21519730283938668,0.11417643750420275,8.7143580408924084,3.1000222822591308,0.10950696580216387
2048,2006-09-21T10:32:18.240000+00:00,2006.7231182795699,17.483446602751911,7.2279957562941561,9.1195614717671116,1.0430530602764847,0.2020074634206791,0.098046044140624247,3.7821511564240478,1.6027060825986674,0.12167536432716215
2049,2006-10-18T17:08:44.160000+00:00,2006.7983870967741,19.297081661185818,5.6301535211464486,12.777417032085896,0.5933957267139478,0.18725002401446142,0.056396001923401003,8.317434111352215,1.4497914761197441,0.10996381238635713
2050,2006-11-14T23:45:10.080000+00:00,2006.8709677419354,29.279609347663861,8.2301147854927272,18.23572632584764,2.2741975799562528,0.21184618574309824,0.047993085406173856,12.981804319213731,1.0165847611154788,0.18053814683631286
2051,2006-12-12T06:21:36+00:00,2006.9489247311828,20.374593099623642,5.8012940530426063,12.849519864724094,0.93613307177513738,0.10447488224910467,0.043684386638775559,6.6362614971667986,1.063987129522634,0.17419841335044242
2052,2007-01-08T12:58:01.920001+00:00,2007.0215053763441,17.029725311090662,5.4753957251146641,10.111525419475996,2.0142819434230672,0.14501207481359435,0.048844289612381138,3.1384694191388238,1.1061034037787381,0.15929359930676643
2053,2007-02-04T19:34:27.840000+00:00,2007.0940860215053,12.534126311942407,2.6858061005967824,9.1310131273213084,0.64042964930681479,0.14842580580627202,0.070727803964099223,2.4208451864805127,0.98759965800935134,0.1675105869162033
2054,2007-03-04T02:10:53.760000+00:00,2007.1774193548388,12.92354843632323,4.05779089643333,8.1554528498012786,0.32449348733572048,0.1433511702058034,0.045226911310097116,1.4615803150374098,0.72557647024306149,0.16569123191710794
2055,2007-03-31T08:47:19.680000+00:00,2007.25,10.129514482906716,3.7922351871444264,5.78053556328212,0.73276717053610929,0.14039574355094564,0.045852699753150615,1.0053272344301831,0.63679297578833693,0.11687594007383025
2056,2007-04-27T15:23:45.600000+00:00,2007.3225806451612,12.698519871892888,4.9485684544417348,6.9504828678401536,0.67679132475035464,0.13929343484761941,0.060968122515362516,2.0817216841021846,0.72382680521954013,0.058953609876126488
2057,2007-05-24T22:00:11.520000+00:00,2007.3978494623657,25.279423307299098,6.7163170122047822,16.321825818183086,1.3113899130711062,0.11891111812651002,0.038179555223584141,10.982833712367174,0.77483049555605077,0.090049377806530731
2058,2007-06-21T04:36:37.440001+00:00,2007.4731182795699,17.74188798900752,6.0122257698801471,10.742597520936052,0.32053606987958394,0.097499220601691763,0.044367517859448362,7.5053034543266079,0.74996832228893406,0.10056741258619475
2059,2007-07-18T11:13:03.360000+00:00,2007.5483870967741,12.304423765727051,5.5143214518457278,5.991419888949074,0.23240386010341174,0.055058487286040375,0.056828281636357225,3.3711448858662658,0.98515408154744299,0.10378308217109126
2060,2007-08-14T17:49:29.280000+00:00,2007.6209677419354,10.226795751055672,5.5633968442581621,3.9463637628620329,0.25887870405840979,0.061962967070364687,0.060223702863163031,2.1307176657724556,0.77385653035735003,0.12480707417791044
2061,2007-09-11T00:25:55.200000+00:00,2007.6962365591398,8.6315628171808445,5.3246739893086756,2.8107984095139127,0.16795061829926902,0.055524473136418388,0.065759187199431204,0.9325343504907716,0.60117210671245014,0.15578941828828902
2062,2007-10-08T07:02:21.120000+00:00,2007.7715053763441,8.0904139043800498,4.882977403233947,2.7661275510521723,0.13206092100392056,0.049766562825672926,0.064049601857008573,0.63608115971532453,0.43736947645491425,0.12018268665824967
2063,2007-11-04T13:38:47.040000+00:00,2007.8440860215053,8.2991483611200447,5.0697612025746954,2.795788072354608,0.092489646497891917,0.047317650007583645,0.063294908292795493,0.5280332632471334,0.33269993666157044,0.098089349682173838
2064,2007-12-01T20:15:12.960000+00:00,2007.9193548387098,14.30406094544677,4.3256767238875922,9.1446316747341712,0.26483711897973267,0.067819505939027691,0.052749909833649376,5.1011209422274906,0.52861312894780821,0.11468348667405701
2065,2007-12-29T02:51:38.880000+00:00,2007.994623655914,12.933278623933312,2.5322106530861088,9.7453184151225205,0.19829816685101359,0.056706565133494195,0.049542789404611709,5.1239378004477292,1.2873864447855667,0.13786450999414696
2066,2008-01-25T09:28:04.800000+00:00,2008.0672043010752,10.087962412217356,2.254469658427015,7.1529124603387517,0.1700982535475962,0.05002536478299445,0.030416947993723586,2.8016077476803938,0.4575239202677176,0.14173815082156638
2067,2008-02-21T16:04:30.720000+00:00,2008.1397849462367,9.4970875167608213,1.9559962284850578,7.0127263046560433,0.14290577103808247,0.044249660987901854,0.024115706615417013,1.6109516868828002,0.52262680731610778,0.11420694488261629
2068,2008-03-19T22:40:56.640000+00:00,2008.2177419354839,11.156576613467022,3.0597822440316715,7.3010671184428926,0.15148007419146445,0.044244159281922733,0.048942300227735609,2.2721902851901499,0.5395161620363722,0.14112188168367962
2069,2008-04-16T05:17:22.560000+00:00,2008.2930107526881,9.5840630516101299,3.5739313160790012,5.4112770130282639,0.2163644782776076,0.085546728187818291,0.048520407542066456,1.0976073723109763,0.47496237661134894,0.16286504493616724
2070,2008-05-13T11:53:48.480000+00:00,2008.3682795698924,9.4169159497509725,3.9074031693208378,4.873797672455785,0.14138862620148726,0.10758459626832326,0.048409265045231603,0.64919300221082599,0.31232583929112251,0.14528221971426952
2071,2008-06-09T18:30:14.400001+00:00,2008.4408602150538,8.489357433002251,4.3601274595435804,3.5264504192196617,0.12633860958608506,0.076267730404317474,0.046437417866150459,0.40635810218747553,0.24855715463308528,0.11464698185142952
2072,2008-07-07T01:06:40.320000+00:00,2008.5188172043011,8.9287742208006016,4.77730438456065,3.5229474029215129,0.087906350308506589,0.066594046721943842,0.062869262544389057,0.30635830693143407,0.17195647984482812,0.080131871838786187
2073,2008-08-03T07:43:06.240000+00:00,2008.5913978494623,7.8552313560315596,4.8858190981758201,2.477631474891909,0.082999363728946465,0.078886071633393298,0.071663294801296101,0.22180530831814504,0.14160694995157733,0.069290435568354625
2074,2008-08-30T14:19:32.160000+00:00,2008.6639784946237,7.0429287240254528,4.8509234293625045,1.8073511356299437,0.068026907475744122,0.087616852217740349,0.044667439919164997,0.17182432340871612,0.15391880506943326,0.091049775935861124
2075,2008-09-26T20:55:58.080000+00:00,2008.736559139785,6.8329520027164357,4.1067250602463181,2.325838905755031,0.067460471576616193,0.22498252303831001,0.08905769926495935,0.096685955984401273,0.12019880032661757,0.038764918682222996
2076,2008-10-24T03:32:24+00:00,2008.8145161290322,7.9775674181842149,4.7129150795611476,2.7820394727441298,0.039820755225522059,0.1165287747033711,0.20131729765293704,0.12441138685518538,0.11579919101120358,0.044896888314006032
2077,2008-11-20T10:08:49.920001+00:00,2008.8870967741937,5.9013553952501514,3.0065359027771756,2.5182414128900681,0.048750822461045312,0.17275259230509327,0.22532701617304265,0.10058857833600297,0.1023022849470698,0.056256956899012514
2078,2008-12-17T16:45:15.840000+00:00,2008.9623655913979,7.1971671465905285,2.2142866044694016,4.5444556418797388,0.055306803387455299,0.11528891708931414,0.12134207532236704,0.094612024594850727,0.11342697064020091,0.059677115961672064
2079,2009-01-13T23:21:41.760000+00:00,2009.0349462365591,6.8767052310694163,1.8906755145665106,4.5585875339850706,0.046688475944443274,0.085831398644134443,0.057066495442726142,0.086046395233432063,0.12550547077948251,0.067781915274121751
2080,2009-02-10T05:58:07.680000+00:00,2009.1102150537633,6.8473289787494469,0.96267448932777333,5.5729070318915666,0.045794585259605558,0.04253096019782629,0.060614924579955431,0.088534171703266551,0.10969975016920548,0.04798334759158146
2081,2009-03-09T12:34:33.600000+00:00,2009.1908602150538,6.4475772898141015,1.5726812462492461,4.4782104324656569,0.03339544526442037,0.15550682802336011,0.071607577436714365,0.091648692690645683,0.082224507098054511,0.043596730206442787
2082,2009-04-05T19:10:59.520000+00:00,2009.263440860215,7.0506905369086805,1.7178033563803103,4.9574853592210637,0.054567995402328394,0.13007030123567312,0.059003765940399633,0.06643739575516458,0.091607460218551304,0.060418530558685145
2083,2009-05-03T01:47:25.440000+00:00,2009.3413978494623,7.6858662932938442,3.7080445471252634,3.5420701769326741,0.25652905041705049,0.98660747597978093,0.084031621060363909,0.21015959765457654,0.088937096040193883,0.05616307251250495
2084,2009-05-30T08:23:51.360000+00:00,2009.4139784946237,6.9304394388971833,3.0747550839312878,3.4240115019690194,0.1120179222882601,0.64426666018838763,0.070819597881097318,0.1554384356129091,0.1033278997299389,0.045341482157823208
2085,2009-06-26T15:00:17.280000+00:00,2009.486559139785,7.0991777175754587,3.4529740261743176,3.2394812956868688,0.071570617333683209,0.49717990844445542,0.14302255432384423,0.15394718680497499,0.32341248612535345,0.33373030364937561
2086,2009-07-23T21:36:43.200000+00:00,2009.5618279569892,5.9758036805763233,3.5355506648167463,2.0837774112426408,0.040964698844382558,0.30278003562736377,0.17784858100206952,0.064672456473558113,0.35946498669966331,0.12773182941668362
2087,2009-08-20T04:13:09.120000+00:00,2009.6370967741937,5.9005398419699535,3.614404315830229,1.916169801710899,0.035925122890268016,0.18340529654767704,0.12731933881191582,0.041849534421454428,0.27829234121659885,0.13842791155609002
2088,2009-09-16T10:49:35.040000+00:00,2009.7096774193549,7.7337076328465013,4.0241343978161135,3.3101183183044665,0.064972094778594516,0.24389877146191569,0.15356914757302526,0.038971408320381665,0.68862938649620975,0.54819293634704636
2089,2009-10-13T17:26:00.960000+00:00,2009.7849462365591,6.9768853708099341,3.2659536004605156,3.249304616937414,0.10399820893535817,0.19275624898515545,0.1318831687296225,0.042446206173420827,0.38987317304134123,0.38680569577761742
2090,2009-11-10T00:02:26.880001+00:00,2009.8602150537633,11.193700817337685,7.9107342266146556,2.7797348962167598,1.7399681510217524,2.2199481505665468,0.17611286057626283,0.061752443436691659,0.18671255578407825,0.21395981718712148
2091,2009-12-07T06:38:52.800000+00:00,2009.9354838709678,9.2634664527053907,5.8831093025392871,3.1004878382139265,0.29886302433067347,1.9137520330818203,1.1854291861822401,0.051306242762925322,0.13924861471401181,0.34377789456887448
2092,2010-01-03T13:15:18.720000+00:00,2010.008064516129,23.722294728917273,17.880470763285217,5.6456713708799979,0.81484886022339331,9.321112730065332,4.6399504513695895,0.066080258379612802,1.4662439196673192,0.63137475103524421
2093,2010-01-30T19:51:44.640000+00:00,2010.0806451612902,20.024905564971089,13.173400076431378,6.6432387172215854,1.2585645655967785,7.0305634564301469,2.0378599264594857,0.08368072228123441,2.1177756487576711,0.85879565405066649
2094,2010-02-27T02:28:10.560000+00:00,2010.1559139784947,19.438531367038056,13.268663205419267,5.7329352084731493,1.1335922927093214,5.732444700370789,2.1658232476471042,0.34559220211128799,1.2391175953795353,0.50408780894890137
2095,2010-03-26T09:04:36.480000+00:00,2010.236559139785,15.521221279743441,10.141470561674199,4.9210352068998313,1.3873353554122985,3.6905608319488663,1.6453910117906982,0.35864248434851753,1.1657384607729577,0.35330393147916483
2096,2010-04-22T15:41:02.400001+00:00,2010.3091397849462,20.466650055083196,14.134938119114594,5.9543030213231303,2.9784238244205516,5.8898277108891053,1.5031682631741603,0.19843557079541171,1.6333350772996611,0.58720781519165832
2097,2010-05-19T22:17:28.320000+00:00,2010.3844086021506,13.007411057380518,8.2283390737786473,4.3488761878755646,0.99919336900948796,2.7493325270257714,1.3305311513639189,0.35102602505612573,0.74639089165222894,0.51266480741081266
2098,2010-06-16T04:53:54.240000+00:00,2010.4596774193549,11.927940114232234,7.9872710525261663,3.5293446867708749,0.64492316704232688,2.4401789309858155,1.6361655206086072,0.22245006046885241,1.1559458254098489,0.39116678054703541
2099,2010-07-13T11:30:20.160000+00:00,2010.5349462365591,23.865271122564781,15.983297687877801,7.361181798302364,4.4919365002699054,6.8397962739272282,0.95057384073249118,0.94864954302153304,3.5866913507535871,0.8390718196154251
2100,2010-08-09T18:06:46.080000+00:00,2010.6075268817203,20.530639295507417,15.879747365334806,4.4809774685141761,2.7387554603176465,7.4705167683163225,2.9534818264989098,0.49923603851639747,1.9210570335927282,0.57472618856250146
2101,2010-09-06T00:43:12+00:00,2010.6827956989248,38.869608805628118,17.944928488754762,20.999687939625677,2.7056008020799149,8.8401231156466586,3.1917510329178302,3.6290681532104387,11.241436498370316,3.145697977833219
2102,2010-10-03T07:19:37.920001+00:00,2010.758064516129,24.286869451090759,10.860212555051309,13.300402617258692,1.6943323755096786,5.0896350911589892,1.4169684364639781,2.1060052230625148,6.5667023520111343,2.2628766684584565
2103,2010-10-30T13:56:03.840000+00:00,2010.8306451612902,20.34935721453272,8.0461702361097096,11.927844828405556,0.86997233263175355,2.6373460135445757,2.0452543682936706,1.786313397910313,7.0161477820048441,1.6957544251223298
2104,2010-11-26T20:32:29.760000+00:00,2010.9032258064517,16.196649254031104,9.6922522195319107,6.3286447156114694,1.7403934540491963,3.0417031920375419,2.5707907343320731,0.4405861531473716,2.8874461909759535,1.0125145355126133
2105,2010-12-24T03:08:55.680000+00:00,2010.9811827956989,15.628687968823542,9.3726962265734031,5.9653531766951486,1.2382618160364567,3.3706757030945576,1.8581244314434342,1.1162028648804716,1.4105045820923221,0.96254226557726397
2106,2011-01-20T09:45:21.600000+00:00,2011.0537634408602,18.170708957215691,12.143978009355481,5.7505925204085493,1.2872098169579493,5.750988944728328,2.6376195365123856,0.56333203041047719,1.5775251337460663,0.58072060078879573
2107,2011-02-16T16:21:47.520000+00:00,2011.1263440860216,27.704850359288788,18.756879772694973,8.6786637121323515,7.1201142319514963,7.5344418916391147,1.5021143595437576,0.93566640433742909,4.0568811886185152,0.67688048055203454
2108,2011-03-15T22:58:13.440000+00:00,2011.2069892473119,57.738252510838393,32.371286901804687,25.466160881566136,8.8766759417272958,14.460767621179782,3.9196977001339381,8.3916998483895782,13.140502368252973,0.56170070929960358
2109,2011-04-12T05:34:39.360001+00:00,2011.2822580645161,52.021720751691056,30.597362351005334,21.35236482559819,11.837411203537897,12.285866418851608,2.6516434795728556,6.604833553086725,10.547933180616266,0.75582072610011009
2110,2011-05-09T12:11:05.280000+00:00,2011.3575268817203,32.187740011208724,17.051170503674289,14.683735454756395,4.9325496973196108,8.5825990571153046,1.741453888453675,2.3969761512451999,9.6682797627630528,0.51030998590810095
2111,2011-06-05T18:47:31.200000+00:00,2011.4301075268818,38.017121042667043,26.281680914968927,11.013742544002154,11.379838063165739,11.610224750037052,1.4043400898104881,1.7330782137920897,6.245002591347391,1.2456334173979007
2112,2011-07-03T01:23:57.120000+00:00,2011.508064516129,27.638660804033485,18.134544381818532,9.271948606455835,7.0550498317813579,8.3908675774368806,1.0685646585711805,1.5219317508080652,4.894789439032321,1.1764576373050799
2113,2011-07-30T08:00:23.040000+00:00,2011.5806451612902,36.590663077692732,25.844717547622494,10.61385090680089,9.4788000580044898,12.825510698736462,0.74946540171542442,1.1977767449692587,5.6747031707986935,1.4307774211187876
2114,2011-08-26T14:36:48.960000+00:00,2011.6532258064517,51.509557381461917,41.110610300931526,10.09531584388327,10.230065652041024,26.114868923243364,2.2324515065732111,1.3811961926731764,5.483928948384059,1.4137108268387188
2115,2011-09-22T21:13:14.880001+00:00,2011.7258064516129,81.273245250533861,72.067327058127233,9.0332268049777227,18.999425445933994,44.906533576361824,4.3788190161348561,1.070571152181939,3.5772765527219974,1.276371860666913
2116,2011-10-20T03:49:40.800000+00:00,2011.8037634408602,109.22771770969889,89.622991163604766,16.50858253494961,41.256328441932652,38.230159984105761,3.4721176040299526,5.633358471845697,7.0631963710554446,1.1440322369457128
2117,2011-11-16T10:26:06.720000+00:00,2011.8763440860216,72.704073630678636,43.783434105253647,28.362906990180061,18.807215951186322,18.315924849898465,2.9517502427916784,4.5491040085125913,19.312454193266326,2.0417273038738664
2118,2011-12-13T17:02:32.640000+00:00,2011.9516129032259,72.276418538636904,44.037394952276088,28.572666706153324,17.797129763864319,21.160534861860913,3.0867812995675998,4.0467122833114244,18.438870620499188,2.3177292856720868
2119,2012-01-09T23:38:58.560000+00:00,2012.0241935483871,70.979254399608934,51.800909128925475,19.295380455840853,14.467989637381532,30.814938243395353,4.8966360813109366,2.7739975595723894,10.692840593649649,2.2621014775644221
2120,2012-02-06T06:15:24.480000+00:00,2012.0994623655913,38.883600047093665,23.620866271000793,14.783788319151574,10.191133457697777,8.6839127457121386,1.9938507655604032,1.5039380951063717,7.3646978774069716,2.4921200901789651
2121,2012-03-04T12:51:50.400001+00:00,2012.1774193548388,46.21295888626787,29.811134415263982,15.853840674424484,14.607044990415995,11.834821401261191,1.1195222072913249,2.3011560061702063,7.9140469465852021,1.9927511902637711
2122,2012-03-31T19:28:16.320000+00:00,2012.25,39.624479961586069,17.812221980304411,21.374562460398227,7.4153038033852781,7.3085001220868255,1.4377487517550462,6.7906073008201178,8.9337069693067122,1.8674186216493067
2123,2012-04-28T02:04:42.240000+00:00,2012.3252688172042,53.642155887246233,27.904176916486012,25.0360620211775,18.776018855434401,6.3741990459142004,1.2934298732421738,5.2280649130410239,14.517415784879493,2.0242517618434377
2124,2012-05-25T08:41:08.160000+00:00,2012.4005376344087,81.357905441278689,41.62648406951164,39.629632888963727,29.484567528676337,8.717213057714309,1.3962447928128561,12.62859303579358,17.423768405342596,5.616897852628397
2125,2012-06-21T15:17:34.080000+00:00,2012.4731182795699,89.963782428333246,21.41282665846845,68.492175837854006,13.072049717096892,6.1257977589149029,0.87373462699959403,21.564350963645065,38.767458743383038,6.376899567205955
2126,2012-07-18T21:54:00+00:00,2012.5483870967741,85.119049428359844,17.755028933788761,67.602476981054892,6.7847597169610232,8.8547249494287605,0.7691662235089336,18.425029720486904,34.519916159463008,8.9281955526879511
2127,2012-08-15T04:30:25.920000+00:00,2012.6236559139784,70.680343476401447,11.017570997601201,59.672375174675572,4.2082414955489265,5.2417631140711789,0.68238345071402629,18.413180969899809,28.305834816057793,7.5010762382996576
2128,2012-09-11T11:06:51.840001+00:00,2012.6962365591398,63.672572231859412,11.650461753196552,51.10635580042193,5.3899287484091687,5.2339272724287831,0.44402042686854487,13.416965790531442,22.443314252122153,7.1166463429604399
2129,2012-10-08T17:43:17.760000+00:00,2012.7715053763441,58.580274953014971,22.653008401791727,33.471798808502278,16.386669247006061,5.1653323339627821,0.21688503820318425,7.1919865339664977,13.943757757989808,6.5174988749258835
2130,2012-11-05T00:19:43.680000+00:00,2012.8467741935483,40.862164959403188,18.410085054261234,22.363743894599327,11.642199639520872,5.0010795232421188,0.25499851829328707,2.5491205241929942,10.122555133906713,5.5222379317208148
2131,2012-12-02T06:56:09.600000+00:00,2012.9220430107528,41.949143871613416,16.541571083319035,24.314588131481678,11.092402268581917,4.0802818054995988,0.19008925951002223,8.0972350984860153,8.1913558937476534,4.6786940786243623
2132,2012-12-29T13:32:35.520000+00:00,2012.994623655914,74.622393567366231,51.132284030922023,21.446145558273535,31.205317213213647,14.817866080416398,1.5152767853534403,4.8776633188964853,8.518063535228352,4.7089768568261086
2133,2013-01-25T20:09:01.440000+00:00,2013.0672043010752,48.901615657464845,33.411036233813995,12.968834791276141,19.107822955778619,10.445075004828007,1.8718466375928813,3.9292257201859768,3.5544804727720836,2.6986785799367592
2134,2013-02-22T02:45:27.360001+00:00,2013.1424731182797,47.03715905432346,30.446621548977113,15.177750960513455,18.225896216790694,9.4067199345621653,1.3690419165853887,3.3818362700453712,7.552932407849025,1.9121169389221329
2135,2013-03-21T09:21:53.280000+00:00,2013.2231182795699,40.990924653565536,21.403706139178066,19.310161821411089,9.154172451461859,8.9028051886728647,1.2946771786860336,5.0370481916887808,9.5418269287217896,1.7031388038913633
2136,2013-04-17T15:58:19.200000+00:00,2013.2956989247311,59.193894950006055,30.468538144548237,25.644695886817431,18.455359417468902,8.2782353793889563,1.7157859400534872,10.480225545056381,10.613466376165599,1.5212900591204208
2137,2013-05-14T22:34:45.120000+00:00,2013.3709677419354,55.836700314478897,35.569893349703932,18.636626978570717,25.451349366940448,8.099361497745365,1.2023505867157589,5.4755634231658696,8.4837736061848954,3.1064190712306878
2138,2013-06-11T05:11:11.040000+00:00,2013.4462365591398,56.217381091798195,24.611402126220465,30.011143284162817,16.698876938926226,6.4612490995541405,0.92512869264396991,8.7212826633327101,15.477713987423973,3.984423959030952
2139,2013-07-08T11:47:36.960000+00:00,2013.5215053763441,54.481669707697421,18.451046521199405,35.279533381611024,8.8018261634081583,8.1357445356550713,0.9745438636913375,17.487400697307287,13.127533069894302,3.5126859153273182
2140,2013-08-04T18:24:02.880001+00:00,2013.5940860215053,49.090378219922883,24.335719250540716,24.203631181330937,10.550267517007208,11.292220202031965,1.3432649059695088,10.147520065150227,9.1641467461813821,2.4831561329047336
2141,2013-09-01T01:00:28.800000+00:00,2013.6693548387098,46.757479151447981,29.997026160885124,16.665985415759586,15.643861537099312,11.850882561835025,0.97270007372053324,7.1775259911028053,6.2572865516700205,1.2911535968600676
2142,2013-09-28T07:36:54.720000+00:00,2013.741935483871,52.06901899471837,32.097591370603027,19.05009260817997,20.415540756676496,10.158403022518277,0.95458150164142996,8.7515442991675521,8.0117743136810162,0.99326962551492914
2143,2013-10-25T14:13:20.640000+00:00,2013.8172043010752,107.59421179041789,22.43889147095625,81.833172535648842,13.472350121028406,7.3130273751545687,0.70312482941186805,37.885522401239655,36.82616807090303,2.2923862398524326
2144,2013-11-21T20:49:46.560000+00:00,2013.8897849462367,81.654312462689319,19.49937082166003,60.062070785372036,12.904897007186769,5.444739987111439,0.5806759659199805,27.814839638438627,26.159113848250797,2.3242225971808348
2145,2013-12-19T03:26:12.480000+00:00,2013.9677419354839,74.480816075492896,10.272776843018525,63.54008240623989,6.3319611940172438,2.8161158640669148,0.43815063691716766,35.607761846110805,23.073271970670422,1.7485005766760744
2146,2014-01-15T10:02:38.400000+00:00,2014.0403225806451,70.274992899281514,17.148385873052273,52.408262743641373,11.975533004062644,3.1134457299086669,0.28420254820392915,27.400893730379693,20.572881104305264,2.4392323931827988
2147,2014-02-11T16:39:04.320000+00:00,2014.1129032258063,56.444682996772869,12.933706289715055,42.141106384514941,7.8669684949873728,3.0902403767322451,0.186392758871155,27.005685238391095,12.367029716641367,1.4705822973095402
2148,2014-03-10T23:15:30.240000+00:00,2014.1935483870968,76.131019061884984,22.390898901086896,53.544083957238819,14.099994267828787,6.4105244614771255,0.20150099125073054,29.623728961201351,18.140932147880516,1.5884611403185396
2149,2014-04-07T05:51:56.160000+00:00,2014.2688172043011,60.622127602232602,10.067365741468929,49.634609435571491,6.0080746901272137,2.8796081113885146,0.32648797021222142,25.124910046373216,20.099383494411292,2.0545395524172596
2150,2014-05-04T12:28:22.080000+00:00,2014.3440860215053,63.791684990615479,17.6160038981862,45.658895916795238,14.34208373286922,2.6357918525487647,0.25610649976604599,25.739940906000239,16.384070822498845,2.1489804519164828
2151,2014-05-31T19:04:48+00:00,2014.4166666666667,51.764909369569196,17.573113283224359,32.527376746027251,13.461066581327295,3.684914747288131,0.19505871064713523,15.98647034833416,12.512015486588126,2.76549140457259
2152,2014-06-28T01:41:13.920000+00:00,2014.491935483871,76.477560398175527,23.381237887503065,48.428169864792203,18.370574671873801,4.0738664890480774,0.27808106056072729,29.688807239736342,13.152061368472921,3.9118852015018448
2153,2014-07-25T08:17:39.840001+00:00,2014.5672043010752,78.18916363520016,34.775042447455014,40.840842358148549,25.290824982190678,7.653472800636786,0.29977656148625359,21.080837724299474,14.233345696419285,3.3214657452356313
2154,2014-08-21T14:54:05.760000+00:00,2014.6397849462367,75.164338765797694,23.25956401289768,50.208246456526858,16.864202364091405,5.5912001243439313,0.40307253601735837,26.76893642578187,17.191417565089818,2.4103798353295849
2155,2014-09-17T21:30:31.680000+00:00,2014.7123655913979,89.198623994271045,23.555514983379844,63.188923070531189,13.473238882662578,8.5464226752407626,0.45270909994185904,36.962579958840912,18.351037174152118,3.3495299759760888
2156,2014-10-15T04:06:57.600000+00:00,2014.7903225806451,185.14988171036129,23.468042360163832,156.9711131569766,14.684946016279822,6.9076848171055243,0.4176306643548558,90.659701463614567,54.65192801835407,2.8544256435986908
2157,2014-11-11T10:43:23.520000+00:00,2014.8629032258063,155.87305650343092,14.76315905353651,137.0041148344099,9.5152706859864757,4.288342034504403,0.38233394301025359,77.64077191923306,53.766600726910767,3.1039043795411816
2158,2014-12-08T17:19:49.440000+00:00,2014.9381720430108,148.49493380770963,16.887526500244583,124.81944264181142,10.18608737421232,4.8106400060908872,1.2796917451664653,67.922506880246289,50.372305600277905,4.5295175024478462
2159,2015-01-04T23:56:15.360001+00:00,2015.010752688172,134.54588147267543,19.169511476993389,110.26250673226096,9.4338877486611388,7.1239599507769009,1.0413771801228977,58.548108632204766,40.884679551020803,5.5657283652364304
2160,2015-02-01T06:32:41.280000+00:00,2015.0860215053763,109.11628755530701,44.997790670890197,57.380538347702604,37.70088230209884,5.452798658054645,0.79455072711471864,29.637187294038668,18.970501183198213,4.2775417629155736
2161,2015-02-28T13:09:07.200000+00:00,2015.1586021505377,80.683527310898583,33.744930281444987,42.768215570848859,24.743023443179457,7.1949402517479069,0.93869291540642608,18.925438316211476,13.151394151651894,3.9362781896794625
2162,2015-03-27T19:45:33.120000+00:00,2015.239247311828,81.35777091537193,34.239062233508434,41.458130294115158,21.394726858547539,10.907661459644679,1.2764217314758763,21.163010180501015,10.585946977853638,3.0117051985419967
2163,2015-04-24T02:21:59.040000+00:00,2015.3145161290322,83.698599152110688,43.239344188488793,37.133758129402651,32.186161837588472,9.7026639806873973,1.0627400848911837,18.209676621426699,10.164666032006677,1.8388952432724144
2164,2015-05-21T08:58:24.960000+00:00,2015.3897849462367,96.791486186053959,57.987421168841948,37.617529479700472,38.741920395732869,16.366654200154091,0.65078556216399519,12.755591825826833,16.520759585995588,1.20915552700786
2165,2015-06-17T15:34:50.880000+00:00,2015.4623655913979,106.62456929219726,67.051000396237981,39.108548309281716,43.841338118396749,20.020241084039796,0.49488387802845646,8.374337844587231,20.907123645805072,1.7267970926213492
2166,2015-07-14T22:11:16.800000+00:00,2015.5376344086021,74.754083042999284,45.350298367345843,28.092217899326421,24.903559821835387,17.974456428790443,0.48214341616724088,9.8258948158670432,10.140169941402997,1.2204305130061546
2167,2015-08-11T04:47:42.720000+00:00,2015.6129032258063,54.483435071435729,24.30363468845859,29.351521879337653,11.085864690195208,12.060954648466639,0.63457117537834118,10.888553428355824,10.476000119332966,0.82688746627645071
2168,2015-09-07T11:24:08.640000+00:00,2015.6854838709678,47.769772242809708,17.731871460527472,28.757322119451924,6.8879881323549901,9.0455902444402643,0.81153467337716956,10.486537589406145,8.6412846546972144,1.0893421489277586
2169,2015-10-04T18:00:34.560000+00:00,2015.760752688172,72.839285511706748,17.032555216797817,54.193889997526369,10.208611636703885,5.4774570460886531,0.53524272358509328,19.215076336372132,22.53184683822802,2.7893006080431983
2170,2015-11-01T00:37:00.480000+00:00,2015.8360215053763,79.796944694804225,35.629309158121309,38.717513606432028,27.335305154628887,6.530397730391571,0.67155191658971358,11.480718393977028,16.437731642296971,2.1462970652694757
2171,2015-11-28T07:13:26.400000+00:00,2015.9086021505377,53.47074531877356,26.920336366492844,24.377916868321726,15.684994192914505,9.7634286257016498,0.45962087926562228,5.1058577611023557,9.3756782026193619,1.3965464508023233
2172,2015-12-25T13:49:52.320001+00:00,2015.983870967742,53.500502687306991,19.754528363414412,30.646002157455577,12.332552494818312,6.0638615367718129,0.55068157913662397,7.1722259366093848,14.890924728236724,1.1890260784449203
2173,2016-01-21T20:26:18.240000+00:00,2016.0564516129032,46.033130500569683,23.105721095897067,20.64522619111272,14.827126307635107,6.2731748344935196,0.58201290811157746,4.1306349440649592,7.707078338422833,1.2902219295646551
2174,2016-02-18T03:02:44.160000+00:00,2016.1317204301076,42.132537674134184,21.681036936113887,18.836408395236749,13.121797034790834,6.3433578266495099,0.55083665823060546,5.0450445240694766,4.1847777854563324,0.84567809382525516
2175,2016-03-16T09:39:10.080000+00:00,2016.2096774193549,26.754108195953336,13.058172278784349,12.75713247326696,6.9547776687717322,4.3020639228547024,0.47398378973499627,3.0161039138187977,1.9597344307472693,0.52453184305718781
2176,2016-04-12T16:15:36+00:00,2016.2822580645161,32.471532400739392,18.354207438417806,12.215436078064723,11.046572059727636,5.6041625901465641,0.44552426830785841,2.1451731068077975,1.1766619114083601,0.52101967498757629
2177,2016-05-09T22:52:01.920000+00:00,2016.3575268817203,35.331141806751461,17.855410147403084,16.168332877690403,11.364052898101946,5.3054166910577898,0.46302688494161992,6.8697638030390573,1.4863068223073761,0.31221608027500292
2178,2016-06-06T05:28:27.840001+00:00,2016.4327956989248,27.70196413426941,13.278125184128319,13.277774993596802,6.9827029959233107,4.547699064819704,0.52928355118880965,3.0541891944221917,1.9670372366893494,0.23007680354674837
2179,2016-07-03T12:04:53.760000+00:00,2016.508064516129,27.956145759295822,15.889466283378214,10.419123970569361,8.9841417627056366,4.2356843865207638,0.67219664580658045,2.8214565527829416,1.4671637661043875,0.18099239697555097
2180,2016-07-30T18:41:19.680000+00:00,2016.5806451612902,22.412569329080593,10.704836750416595,10.565456224621089,5.9767562170015216,2.4558505676246183,0.59201604979581557,2.8866001129596577,1.8749096321005922,0.22244415156811206
2181,2016-08-27T01:17:45.600000+00:00,2016.6559139784947,28.909763391227557,17.418632854595064,10.183670346978177,12.297415614135323,2.8048409446049209,0.50114780908421452,2.8980592237663259,2.6255425497495253,0.38167037786379804
2182,2016-09-23T07:54:11.520000+00:00,2016.7284946236559,24.794088401501604,11.48691991603112,12.294623134414106,5.9293748808814648,3.1670843892589695,0.46209057237535539,4.311522468125486,4.4885139152779772,0.40873473977528574
