carrington_rotation,longitude_index,carrington_longitude_degree,latitude_index,sine_latitude,latitude_degree,field_microtesla
2149,0,5,0,-0.96666666666666667,-75.164888418024262,-1.29
2149,0,5,1,-0.90000000000000002,-64.158067236832878,-7.9329999999999998
2149,0,5,2,-0.83333333333333337,-56.442690238079287,-14.814
2149,0,5,3,-0.76666666666666672,-50.055494810185124,-18.329000000000001
2149,0,5,4,-0.69999999999999996,-44.427004000805702,-17.748999999999999
2149,0,5,5,-0.6333333333333333,-39.296480239187503,-15.44
2149,0,5,6,-0.56666666666666665,-34.518107841061259,-5.5110000000000001
2149,0,5,7,-0.5,-29.999999999999996,23.382000000000001
2149,0,5,8,-0.43333333333333335,-25.679288619456855,35.256999999999998
2149,0,5,9,-0.36666666666666664,-21.510188266887482,36.670000000000002
2149,0,5,10,-0.29999999999999999,-17.457603123722091,56.234000000000002
2149,0,5,11,-0.23333333333333334,-13.49339882155169,1.0620000000000001
2149,0,5,12,-0.16666666666666666,-9.5940682268604611,-199.364
2149,0,5,13,-0.10000000000000001,-5.7391704772667866,-351.93400000000003
2149,0,5,14,-0.033333333333333333,-1.9102131717099304,-353.56700000000001
2149,0,5,15,0.033333333333333333,1.9102131717099304,-216.84899999999999
2149,0,5,16,0.10000000000000001,5.7391704772667866,8.4770000000000003
2149,0,5,17,0.16666666666666666,9.5940682268604611,56.743000000000002
2149,0,5,18,0.23333333333333334,13.49339882155169,-33.561999999999998
2149,0,5,19,0.29999999999999999,17.457603123722091,-90.278999999999996
2149,0,5,20,0.36666666666666664,21.510188266887482,-88.799999999999997
2149,0,5,21,0.43333333333333335,25.679288619456855,-50.993000000000002
2149,0,5,22,0.5,29.999999999999996,-19.73
2149,0,5,23,0.56666666666666665,34.518107841061259,-12.702999999999999
2149,0,5,24,0.6333333333333333,39.296480239187503,-23.827000000000002
2149,0,5,25,0.69999999999999996,44.427004000805702,-25.030999999999999
2149,0,5,26,0.76666666666666672,50.055494810185124,-15.641999999999999
2149,0,5,27,0.83333333333333337,56.442690238079287,-0.42299999999999999
2149,0,5,28,0.90000000000000002,64.158067236832878,13.243
2149,0,5,29,0.96666666666666667,75.164888418024262,25.786000000000001
2149,1,10,0,-0.96666666666666667,-75.164888418024262,4.5449999999999999
2149,1,10,1,-0.90000000000000002,-64.158067236832878,0.67100000000000004
2149,1,10,2,-0.83333333333333337,-56.442690238079287,-7.6609999999999996
2149,1,10,3,-0.76666666666666672,-50.055494810185124,-9.3819999999999997
2149,1,10,4,-0.69999999999999996,-44.427004000805702,-4.6950000000000003
2149,1,10,5,-0.6333333333333333,-39.296480239187503,1.006
2149,1,10,6,-0.56666666666666665,-34.518107841061259,29.518000000000001
2149,1,10,7,-0.5,-29.999999999999996,100.93600000000001
2149,1,10,8,-0.43333333333333335,-25.679288619456855,132.786
2149,1,10,9,-0.36666666666666664,-21.510188266887482,131.256
2149,1,10,10,-0.29999999999999999,-17.457603123722091,131.96299999999999
2149,1,10,11,-0.23333333333333334,-13.49339882155169,33.859999999999999
2149,1,10,12,-0.16666666666666666,-9.5940682268604611,-498.10899999999998
2149,1,10,13,-0.10000000000000001,-5.7391704772667866,-1169.8779999999999
2149,1,10,14,-0.033333333333333333,-1.9102131717099304,-1181.0239999999999
2149,1,10,15,0.033333333333333333,1.9102131717099304,-585.49400000000003
2149,1,10,16,0.10000000000000001,5.7391704772667866,-117.961
2149,1,10,17,0.16666666666666666,9.5940682268604611,-76.683999999999997
2149,1,10,18,0.23333333333333334,13.49339882155169,-209.46700000000001
2149,1,10,19,0.29999999999999999,17.457603123722091,-260.399
2149,1,10,20,0.36666666666666664,21.510188266887482,-241.429
2149,1,10,21,0.43333333333333335,25.679288619456855,-105.339
2149,1,10,22,0.5,29.999999999999996,-13.791
2149,1,10,23,0.56666666666666665,34.518107841061259,3.3940000000000001
2149,1,10,24,0.6333333333333333,39.296480239187503,-1.905
2149,1,10,25,0.69999999999999996,44.427004000805702,1.742
2149,1,10,26,0.76666666666666672,50.055494810185124,7.8159999999999998
2149,1,10,27,0.83333333333333337,56.442690238079287,17.219000000000001
2149,1,10,28,0.90000000000000002,64.158067236832878,25.189
2149,1,10,29,0.96666666666666667,75.164888418024262,31.814
2149,2,15,0,-0.96666666666666667,-75.164888418024262,-5.024
2149,2,15,1,-0.90000000000000002,-64.158067236832878,-9.0459999999999994
2149,2,15,2,-0.83333333333333337,-56.442690238079287,-14.037000000000001
2149,2,15,3,-0.76666666666666672,-50.055494810185124,-12.194000000000001
2149,2,15,4,-0.69999999999999996,-44.427004000805702,-0.46200000000000002
2149,2,15,5,-0.6333333333333333,-39.296480239187503,14.712
2149,2,15,6,-0.56666666666666665,-34.518107841061259,43.295999999999999
2149,2,15,7,-0.5,-29.999999999999996,99.841999999999999
2149,2,15,8,-0.43333333333333335,-25.679288619456855,130.48099999999999
2149,2,15,9,-0.36666666666666664,-21.510188266887482,133.61199999999999
2149,2,15,10,-0.29999999999999999,-17.457603123722091,104.041
2149,2,15,11,-0.23333333333333334,-13.49339882155169,30.837
2149,2,15,12,-0.16666666666666666,-9.5940682268604611,-221.191
2149,2,15,13,-0.10000000000000001,-5.7391704772667866,-584.13900000000001
2149,2,15,14,-0.033333333333333333,-1.9102131717099304,-591.01499999999999
2149,2,15,15,0.033333333333333333,1.9102131717099304,-252.08199999999999
2149,2,15,16,0.10000000000000001,5.7391704772667866,-4.7110000000000003
2149,2,15,17,0.16666666666666666,9.5940682268604611,-8.5009999999999994
2149,2,15,18,0.23333333333333334,13.49339882155169,-248.61799999999999
2149,2,15,19,0.29999999999999999,17.457603123722091,-424.16000000000003
2149,2,15,20,0.36666666666666664,21.510188266887482,-365.11900000000003
2149,2,15,21,0.43333333333333335,25.679288619456855,-124.146
2149,2,15,22,0.5,29.999999999999996,9.3309999999999995
2149,2,15,23,0.56666666666666665,34.518107841061259,29.832000000000001
2149,2,15,24,0.6333333333333333,39.296480239187503,12.257999999999999
2149,2,15,25,0.69999999999999996,44.427004000805702,4.1920000000000002
2149,2,15,26,0.76666666666666672,50.055494810185124,8.0039999999999996
2149,2,15,27,0.83333333333333337,56.442690238079287,16.617999999999999
2149,2,15,28,0.90000000000000002,64.158067236832878,21.724
2149,2,15,29,0.96666666666666667,75.164888418024262,25.698
2149,3,20,0,-0.96666666666666667,-75.164888418024262,-8.8650000000000002
2149,3,20,1,-0.90000000000000002,-64.158067236832878,-10.832000000000001
2149,3,20,2,-0.83333333333333337,-56.442690238079287,-14.988
2149,3,20,3,-0.76666666666666672,-50.055494810185124,-17.634
2149,3,20,4,-0.69999999999999996,-44.427004000805702,-14.359999999999999
2149,3,20,5,-0.6333333333333333,-39.296480239187503,-6.9390000000000001
2149,3,20,6,-0.56666666666666665,-34.518107841061259,17.736000000000001
2149,3,20,7,-0.5,-29.999999999999996,61.936999999999998
2149,3,20,8,-0.43333333333333335,-25.679288619456855,91.572000000000003
2149,3,20,9,-0.36666666666666664,-21.510188266887482,120.73
2149,3,20,10,-0.29999999999999999,-17.457603123722091,180.32900000000001
2149,3,20,11,-0.23333333333333334,-13.49339882155169,207.00200000000001
2149,3,20,12,-0.16666666666666666,-9.5940682268604611,312.48599999999999
2149,3,20,13,-0.10000000000000001,-5.7391704772667866,597.91399999999999
2149,3,20,14,-0.033333333333333333,-1.9102131717099304,629.029
2149,3,20,15,0.033333333333333333,1.9102131717099304,459.73000000000002
2149,3,20,16,0.10000000000000001,5.7391704772667866,402.19999999999999
2149,3,20,17,0.16666666666666666,9.5940682268604611,345.00200000000001
2149,3,20,18,0.23333333333333334,13.49339882155169,140.28700000000001
2149,3,20,19,0.29999999999999999,17.457603123722091,-8.9559999999999995
2149,3,20,20,0.36666666666666664,21.510188266887482,-30.594000000000001
2149,3,20,21,0.43333333333333335,25.679288619456855,34.411999999999999
2149,3,20,22,0.5,29.999999999999996,72.631
2149,3,20,23,0.56666666666666665,34.518107841061259,68.167000000000002
2149,3,20,24,0.6333333333333333,39.296480239187503,25.800999999999998
2149,3,20,25,0.69999999999999996,44.427004000805702,5.0209999999999999
2149,3,20,26,0.76666666666666672,50.055494810185124,5.9800000000000004
2149,3,20,27,0.83333333333333337,56.442690238079287,11.968
2149,3,20,28,0.90000000000000002,64.158067236832878,16.109000000000002
2149,3,20,29,0.96666666666666667,75.164888418024262,19.960000000000001
2149,4,25,0,-0.96666666666666667,-75.164888418024262,-11.656000000000001
2149,4,25,1,-0.90000000000000002,-64.158067236832878,-14.563000000000001
2149,4,25,2,-0.83333333333333337,-56.442690238079287,-18.189
2149,4,25,3,-0.76666666666666672,-50.055494810185124,-20.327999999999999
2149,4,25,4,-0.69999999999999996,-44.427004000805702,-25.469999999999999
2149,4,25,5,-0.6333333333333333,-39.296480239187503,-27.57
2149,4,25,6,-0.56666666666666665,-34.518107841061259,-8.5960000000000001
2149,4,25,7,-0.5,-29.999999999999996,27.609999999999999
2149,4,25,8,-0.43333333333333335,-25.679288619456855,59.938000000000002
2149,4,25,9,-0.36666666666666664,-21.510188266887482,48.500999999999998
2149,4,25,10,-0.29999999999999999,-17.457603123722091,-49.622
2149,4,25,11,-0.23333333333333334,-13.49339882155169,-55.883000000000003
2149,4,25,12,-0.16666666666666666,-9.5940682268604611,115.639
2149,4,25,13,-0.10000000000000001,-5.7391704772667866,210.44300000000001
2149,4,25,14,-0.033333333333333333,-1.9102131717099304,258.072
2149,4,25,15,0.033333333333333333,1.9102131717099304,403.99000000000001
2149,4,25,16,0.10000000000000001,5.7391704772667866,470.661
2149,4,25,17,0.16666666666666666,9.5940682268604611,428.01400000000001
2149,4,25,18,0.23333333333333334,13.49339882155169,289.48599999999999
2149,4,25,19,0.29999999999999999,17.457603123722091,174.345
2149,4,25,20,0.36666666666666664,21.510188266887482,126.07899999999999
2149,4,25,21,0.43333333333333335,25.679288619456855,92.545000000000002
2149,4,25,22,0.5,29.999999999999996,68.122
2149,4,25,23,0.56666666666666665,34.518107841061259,53.395000000000003
2149,4,25,24,0.6333333333333333,39.296480239187503,21.977
2149,4,25,25,0.69999999999999996,44.427004000805702,3.0110000000000001
2149,4,25,26,0.76666666666666672,50.055494810185124,5.1230000000000002
2149,4,25,27,0.83333333333333337,56.442690238079287,11.425000000000001
2149,4,25,28,0.90000000000000002,64.158067236832878,15.552
2149,4,25,29,0.96666666666666667,75.164888418024262,20.655999999999999
2149,5,30,0,-0.96666666666666667,-75.164888418024262,-16.919
2149,5,30,1,-0.90000000000000002,-64.158067236832878,-17.334
2149,5,30,2,-0.83333333333333337,-56.442690238079287,-18.863
2149,5,30,3,-0.76666666666666672,-50.055494810185124,-24.279
2149,5,30,4,-0.69999999999999996,-44.427004000805702,-37.259999999999998
2149,5,30,5,-0.6333333333333333,-39.296480239187503,-46.131
2149,5,30,6,-0.56666666666666665,-34.518107841061259,-32.012
2149,5,30,7,-0.5,-29.999999999999996,-11.069000000000001
2149,5,30,8,-0.43333333333333335,-25.679288619456855,26.402000000000001
2149,5,30,9,-0.36666666666666664,-21.510188266887482,154.785
2149,5,30,10,-0.29999999999999999,-17.457603123722091,338.18299999999999
2149,5,30,11,-0.23333333333333334,-13.49339882155169,395.44499999999999
2149,5,30,12,-0.16666666666666666,-9.5940682268604611,313.91399999999999
2149,5,30,13,-0.10000000000000001,-5.7391704772667866,138.86099999999999
2149,5,30,14,-0.033333333333333333,-1.9102131717099304,120.61499999999999
2149,5,30,15,0.033333333333333333,1.9102131717099304,216.24000000000001
2149,5,30,16,0.10000000000000001,5.7391704772667866,267.98200000000003
2149,5,30,17,0.16666666666666666,9.5940682268604611,227.13399999999999
2149,5,30,18,0.23333333333333334,13.49339882155169,134.27500000000001
2149,5,30,19,0.29999999999999999,17.457603123722091,61.237000000000002
2149,5,30,20,0.36666666666666664,21.510188266887482,31.314
2149,5,30,21,0.43333333333333335,25.679288619456855,4.75
2149,5,30,22,0.5,29.999999999999996,-18.353999999999999
2149,5,30,23,0.56666666666666665,34.518107841061259,-21.163
2149,5,30,24,0.6333333333333333,39.296480239187503,-15.489000000000001
2149,5,30,25,0.69999999999999996,44.427004000805702,-10.932
2149,5,30,26,0.76666666666666672,50.055494810185124,-3.754
2149,5,30,27,0.83333333333333337,56.442690238079287,3.9100000000000001
2149,5,30,28,0.90000000000000002,64.158067236832878,12.436
2149,5,30,29,0.96666666666666667,75.164888418024262,21.454000000000001
2149,6,35,0,-0.96666666666666667,-75.164888418024262,-26.882999999999999
2149,6,35,1,-0.90000000000000002,-64.158067236832878,-26.963999999999999
2149,6,35,2,-0.83333333333333337,-56.442690238079287,-24.106000000000002
2149,6,35,3,-0.76666666666666672,-50.055494810185124,-29.937000000000001
2149,6,35,4,-0.69999999999999996,-44.427004000805702,-48.021999999999998
2149,6,35,5,-0.6333333333333333,-39.296480239187503,-58.817999999999998
2149,6,35,6,-0.56666666666666665,-34.518107841061259,-55.188000000000002
2149,6,35,7,-0.5,-29.999999999999996,-60.384999999999998
2149,6,35,8,-0.43333333333333335,-25.679288619456855,-30.225999999999999
2149,6,35,9,-0.36666666666666664,-21.510188266887482,180.85499999999999
2149,6,35,10,-0.29999999999999999,-17.457603123722091,668.30999999999995
2149,6,35,11,-0.23333333333333334,-13.49339882155169,816.37800000000004
2149,6,35,12,-0.16666666666666666,-9.5940682268604611,555.97299999999996
2149,6,35,13,-0.10000000000000001,-5.7391704772667866,423.97399999999999
2149,6,35,14,-0.033333333333333333,-1.9102131717099304,353.52300000000002
2149,6,35,15,0.033333333333333333,1.9102131717099304,99.733999999999995
2149,6,35,16,0.10000000000000001,5.7391704772667866,-78.781999999999996
2149,6,35,17,0.16666666666666666,9.5940682268604611,-97.766000000000005
2149,6,35,18,0.23333333333333334,13.49339882155169,-58.338999999999999
2149,6,35,19,0.29999999999999999,17.457603123722091,-63.423999999999999
2149,6,35,20,0.36666666666666664,21.510188266887482,-72.512
2149,6,35,21,0.43333333333333335,25.679288619456855,-80.325000000000003
2149,6,35,22,0.5,29.999999999999996,-89.460999999999999
2149,6,35,23,0.56666666666666665,34.518107841061259,-84.587000000000003
2149,6,35,24,0.6333333333333333,39.296480239187503,-52.345999999999997
2149,6,35,25,0.69999999999999996,44.427004000805702,-32.369
2149,6,35,26,0.76666666666666672,50.055494810185124,-18.350999999999999
2149,6,35,27,0.83333333333333337,56.442690238079287,-2.738
2149,6,35,28,0.90000000000000002,64.158067236832878,13.388999999999999
2149,6,35,29,0.96666666666666667,75.164888418024262,29.146000000000001
2149,7,40,0,-0.96666666666666667,-75.164888418024262,-16.619
2149,7,40,1,-0.90000000000000002,-64.158067236832878,-14.323
2149,7,40,2,-0.83333333333333337,-56.442690238079287,-17.376000000000001
2149,7,40,3,-0.76666666666666672,-50.055494810185124,-31.390999999999998
2149,7,40,4,-0.69999999999999996,-44.427004000805702,-67.477000000000004
2149,7,40,5,-0.6333333333333333,-39.296480239187503,-97.768000000000001
2149,7,40,6,-0.56666666666666665,-34.518107841061259,-97.995999999999995
2149,7,40,7,-0.5,-29.999999999999996,-105.633
2149,7,40,8,-0.43333333333333335,-25.679288619456855,-77.316000000000003
2149,7,40,9,-0.36666666666666664,-21.510188266887482,-80.143000000000001
2149,7,40,10,-0.29999999999999999,-17.457603123722091,-127.146
2149,7,40,11,-0.23333333333333334,-13.49339882155169,-84.712999999999994
2149,7,40,12,-0.16666666666666666,-9.5940682268604611,102.83499999999999
2149,7,40,13,-0.10000000000000001,-5.7391704772667866,283.16800000000001
2149,7,40,14,-0.033333333333333333,-1.9102131717099304,238.71299999999999
2149,7,40,15,0.033333333333333333,1.9102131717099304,15.164999999999999
2149,7,40,16,0.10000000000000001,5.7391704772667866,-143.45599999999999
2149,7,40,17,0.16666666666666666,9.5940682268604611,-141.47
2149,7,40,18,0.23333333333333334,13.49339882155169,-21.756
2149,7,40,19,0.29999999999999999,17.457603123722091,33.064
2149,7,40,20,0.36666666666666664,21.510188266887482,-3.238
2149,7,40,21,0.43333333333333335,25.679288619456855,-92.292000000000002
2149,7,40,22,0.5,29.999999999999996,-134.851
2149,7,40,23,0.56666666666666665,34.518107841061259,-121.066
2149,7,40,24,0.6333333333333333,39.296480239187503,-64.802999999999997
2149,7,40,25,0.69999999999999996,44.427004000805702,-27.927
2149,7,40,26,0.76666666666666672,50.055494810185124,-12.839
2149,7,40,27,0.83333333333333337,56.442690238079287,-2.4729999999999999
2149,7,40,28,0.90000000000000002,64.158067236832878,10.154
2149,7,40,29,0.96666666666666667,75.164888418024262,21.241
2149,8,45,0,-0.96666666666666667,-75.164888418024262,-19.600000000000001
2149,8,45,1,-0.90000000000000002,-64.158067236832878,-13.416
2149,8,45,2,-0.83333333333333337,-56.442690238079287,-4.9000000000000004
2149,8,45,3,-0.76666666666666672,-50.055494810185124,-28.439
2149,8,45,4,-0.69999999999999996,-44.427004000805702,-97.352000000000004
2149,8,45,5,-0.6333333333333333,-39.296480239187503,-145.929
2149,8,45,6,-0.56666666666666665,-34.518107841061259,-125.315
2149,8,45,7,-0.5,-29.999999999999996,-78.793000000000006
2149,8,45,8,-0.43333333333333335,-25.679288619456855,-20.044
2149,8,45,9,-0.36666666666666664,-21.510188266887482,-32.219999999999999
2149,8,45,10,-0.29999999999999999,-17.457603123722091,-282.15100000000001
2149,8,45,11,-0.23333333333333334,-13.49339882155169,-335.05399999999997
2149,8,45,12,-0.16666666666666666,-9.5940682268604611,-38.072000000000003
2149,8,45,13,-0.10000000000000001,-5.7391704772667866,91.048000000000002
2149,8,45,14,-0.033333333333333333,-1.9102131717099304,49.212000000000003
2149,8,45,15,0.033333333333333333,1.9102131717099304,2.4990000000000001
2149,8,45,16,0.10000000000000001,5.7391704772667866,-24.210999999999999
2149,8,45,17,0.16666666666666666,9.5940682268604611,-21.332999999999998
2149,8,45,18,0.23333333333333334,13.49339882155169,78.582999999999998
2149,8,45,19,0.29999999999999999,17.457603123722091,127.08
2149,8,45,20,0.36666666666666664,21.510188266887482,68.585999999999999
2149,8,45,21,0.43333333333333335,25.679288619456855,-82.668999999999997
2149,8,45,22,0.5,29.999999999999996,-150.90100000000001
2149,8,45,23,0.56666666666666665,34.518107841061259,-128.624
2149,8,45,24,0.6333333333333333,39.296480239187503,-56.813000000000002
2149,8,45,25,0.69999999999999996,44.427004000805702,-17.236000000000001
2149,8,45,26,0.76666666666666672,50.055494810185124,-2.9590000000000001
2149,8,45,27,0.83333333333333337,56.442690238079287,0.42699999999999999
2149,8,45,28,0.90000000000000002,64.158067236832878,4.0960000000000001
2149,8,45,29,0.96666666666666667,75.164888418024262,6.9560000000000004
2149,9,50,0,-0.96666666666666667,-75.164888418024262,-17.361999999999998
2149,9,50,1,-0.90000000000000002,-64.158067236832878,-7.4260000000000002
2149,9,50,2,-0.83333333333333337,-56.442690238079287,12.273
2149,9,50,3,-0.76666666666666672,-50.055494810185124,-13.101000000000001
2149,9,50,4,-0.69999999999999996,-44.427004000805702,-126.202
2149,9,50,5,-0.6333333333333333,-39.296480239187503,-205.649
2149,9,50,6,-0.56666666666666665,-34.518107841061259,-159.24000000000001
2149,9,50,7,-0.5,-29.999999999999996,-2.0350000000000001
2149,9,50,8,-0.43333333333333335,-25.679288619456855,142.28299999999999
2149,9,50,9,-0.36666666666666664,-21.510188266887482,450.75099999999998
2149,9,50,10,-0.29999999999999999,-17.457603123722091,1043.251
2149,9,50,11,-0.23333333333333334,-13.49339882155169,1152.7539999999999
2149,9,50,12,-0.16666666666666666,-9.5940682268604611,573.12800000000004
2149,9,50,13,-0.10000000000000001,-5.7391704772667866,110.794
2149,9,50,14,-0.033333333333333333,-1.9102131717099304,16.712
2149,9,50,15,0.033333333333333333,1.9102131717099304,23.463000000000001
2149,9,50,16,0.10000000000000001,5.7391704772667866,16.145
2149,9,50,17,0.16666666666666666,9.5940682268604611,15.537000000000001
2149,9,50,18,0.23333333333333334,13.49339882155169,65.444000000000003
2149,9,50,19,0.29999999999999999,17.457603123722091,62.058
2149,9,50,20,0.36666666666666664,21.510188266887482,20.276
2149,9,50,21,0.43333333333333335,25.679288619456855,-92.674000000000007
2149,9,50,22,0.5,29.999999999999996,-137.87899999999999
2149,9,50,23,0.56666666666666665,34.518107841061259,-108.179
2149,9,50,24,0.6333333333333333,39.296480239187503,-22.582000000000001
2149,9,50,25,0.69999999999999996,44.427004000805702,19.539000000000001
2149,9,50,26,0.76666666666666672,50.055494810185124,18.706
2149,9,50,27,0.83333333333333337,56.442690238079287,1.0649999999999999
2149,9,50,28,0.90000000000000002,64.158067236832878,-3.8679999999999999
2149,9,50,29,0.96666666666666667,75.164888418024262,-8.4990000000000006
2149,10,55,0,-0.96666666666666667,-75.164888418024262,-3.133
2149,10,55,1,-0.90000000000000002,-64.158067236832878,17.189
2149,10,55,2,-0.83333333333333337,-56.442690238079287,24.629000000000001
2149,10,55,3,-0.76666666666666672,-50.055494810185124,-34.725999999999999
2149,10,55,4,-0.69999999999999996,-44.427004000805702,-205.55699999999999
2149,10,55,5,-0.6333333333333333,-39.296480239187503,-329.99200000000002
2149,10,55,6,-0.56666666666666665,-34.518107841061259,-317.66199999999998
2149,10,55,7,-0.5,-29.999999999999996,-227.072
2149,10,55,8,-0.43333333333333335,-25.679288619456855,-99.438999999999993
2149,10,55,9,-0.36666666666666664,-21.510188266887482,254.047
2149,10,55,10,-0.29999999999999999,-17.457603123722091,706.38999999999999
2149,10,55,11,-0.23333333333333334,-13.49339882155169,788.904
2149,10,55,12,-0.16666666666666666,-9.5940682268604611,510.86500000000001
2149,10,55,13,-0.10000000000000001,-5.7391704772667866,142.50200000000001
2149,10,55,14,-0.033333333333333333,-1.9102131717099304,44.561
2149,10,55,15,0.033333333333333333,1.9102131717099304,65.179000000000002
2149,10,55,16,0.10000000000000001,5.7391704772667866,65.001999999999995
2149,10,55,17,0.16666666666666666,9.5940682268604611,17.844999999999999
2149,10,55,18,0.23333333333333334,13.49339882155169,-43.613999999999997
2149,10,55,19,0.29999999999999999,17.457603123722091,-83.319999999999993
2149,10,55,20,0.36666666666666664,21.510188266887482,-113.76900000000001
2149,10,55,21,0.43333333333333335,25.679288619456855,-159.691
2149,10,55,22,0.5,29.999999999999996,-164.167
2149,10,55,23,0.56666666666666665,34.518107841061259,-113.821
2149,10,55,24,0.6333333333333333,39.296480239187503,-19.666
2149,10,55,25,0.69999999999999996,44.427004000805702,32.362000000000002
2149,10,55,26,0.76666666666666672,50.055494810185124,34.479999999999997
2149,10,55,27,0.83333333333333337,56.442690238079287,14.699
2149,10,55,28,0.90000000000000002,64.158067236832878,-0.49399999999999999
2149,10,55,29,0.96666666666666667,75.164888418024262,-13.318
2149,11,60,0,-0.96666666666666667,-75.164888418024262,-28.579000000000001
2149,11,60,1,-0.90000000000000002,-64.158067236832878,-14.673999999999999
2149,11,60,2,-0.83333333333333337,-56.442690238079287,15.734
2149,11,60,3,-0.76666666666666672,-50.055494810185124,-17.992000000000001
2149,11,60,4,-0.69999999999999996,-44.427004000805702,-167.708
2149,11,60,5,-0.6333333333333333,-39.296480239187503,-285.36500000000001
2149,11,60,6,-0.56666666666666665,-34.518107841061259,-362.40100000000001
2149,11,60,7,-0.5,-29.999999999999996,-512.65200000000004
2149,11,60,8,-0.43333333333333335,-25.679288619456855,-504.48500000000001
2149,11,60,9,-0.36666666666666664,-21.510188266887482,-168.089
2149,11,60,10,-0.29999999999999999,-17.457603123722091,332.5
2149,11,60,11,-0.23333333333333334,-13.49339882155169,450.29700000000003
2149,11,60,12,-0.16666666666666666,-9.5940682268604611,299.44299999999998
2149,11,60,13,-0.10000000000000001,-5.7391704772667866,140.03800000000001
2149,11,60,14,-0.033333333333333333,-1.9102131717099304,69.858999999999995
2149,11,60,15,0.033333333333333333,1.9102131717099304,17.736999999999998
2149,11,60,16,0.10000000000000001,5.7391704772667866,-29.155000000000001
2149,11,60,17,0.16666666666666666,9.5940682268604611,-126.878
2149,11,60,18,0.23333333333333334,13.49339882155169,-306.39999999999998
2149,11,60,19,0.29999999999999999,17.457603123722091,-388.63600000000002
2149,11,60,20,0.36666666666666664,21.510188266887482,-349.80000000000001
2149,11,60,21,0.43333333333333335,25.679288619456855,-233.30199999999999
2149,11,60,22,0.5,29.999999999999996,-160.52199999999999
2149,11,60,23,0.56666666666666665,34.518107841061259,-96.936000000000007
2149,11,60,24,0.6333333333333333,39.296480239187503,-15.099
2149,11,60,25,0.69999999999999996,44.427004000805702,29.018999999999998
2149,11,60,26,0.76666666666666672,50.055494810185124,30.422000000000001
2149,11,60,27,0.83333333333333337,56.442690238079287,17.178999999999998
2149,11,60,28,0.90000000000000002,64.158067236832878,6.2359999999999998
2149,11,60,29,0.96666666666666667,75.164888418024262,-10.156000000000001
2149,12,65,0,-0.96666666666666667,-75.164888418024262,-23.603999999999999
2149,12,65,1,-0.90000000000000002,-64.158067236832878,-5.0199999999999996
2149,12,65,2,-0.83333333333333337,-56.442690238079287,15.247
2149,12,65,3,-0.76666666666666672,-50.055494810185124,-12.874000000000001
2149,12,65,4,-0.69999999999999996,-44.427004000805702,-99.299000000000007
2149,12,65,5,-0.6333333333333333,-39.296480239187503,-175.364
2149,12,65,6,-0.56666666666666665,-34.518107841061259,-284.25
2149,12,65,7,-0.5,-29.999999999999996,-512.48099999999999
2149,12,65,8,-0.43333333333333335,-25.679288619456855,-550.774
2149,12,65,9,-0.36666666666666664,-21.510188266887482,-295.15100000000001
2149,12,65,10,-0.29999999999999999,-17.457603123722091,121.197
2149,12,65,11,-0.23333333333333334,-13.49339882155169,236.50899999999999
2149,12,65,12,-0.16666666666666666,-9.5940682268604611,162.905
2149,12,65,13,-0.10000000000000001,-5.7391704772667866,104.18899999999999
2149,12,65,14,-0.033333333333333333,-1.9102131717099304,49.414999999999999
2149,12,65,15,0.033333333333333333,1.9102131717099304,-49.835999999999999
2149,12,65,16,0.10000000000000001,5.7391704772667866,-128.96799999999999
2149,12,65,17,0.16666666666666666,9.5940682268604611,-229.50299999999999
2149,12,65,18,0.23333333333333334,13.49339882155169,-415.166
2149,12,65,19,0.29999999999999999,17.457603123722091,-492.50900000000001
2149,12,65,20,0.36666666666666664,21.510188266887482,-417.291
2149,12,65,21,0.43333333333333335,25.679288619456855,-218.851
2149,12,65,22,0.5,29.999999999999996,-108.28100000000001
2149,12,65,23,0.56666666666666665,34.518107841061259,-54.329999999999998
2149,12,65,24,0.6333333333333333,39.296480239187503,-2.4420000000000002
2149,12,65,25,0.69999999999999996,44.427004000805702,29.934000000000001
2149,12,65,26,0.76666666666666672,50.055494810185124,23.960999999999999
2149,12,65,27,0.83333333333333337,56.442690238079287,4.5860000000000003
2149,12,65,28,0.90000000000000002,64.158067236832878,-8.0449999999999999
2149,12,65,29,0.96666666666666667,75.164888418024262,-21.5
2149,13,70,0,-0.96666666666666667,-75.164888418024262,-26.247
2149,13,70,1,-0.90000000000000002,-64.158067236832878,-6.234
2149,13,70,2,-0.83333333333333337,-56.442690238079287,13.092000000000001
2149,13,70,3,-0.76666666666666672,-50.055494810185124,8.3499999999999996
2149,13,70,4,-0.69999999999999996,-44.427004000805702,-14.403
2149,13,70,5,-0.6333333333333333,-39.296480239187503,-54.866
2149,13,70,6,-0.56666666666666665,-34.518107841061259,-147.92599999999999
2149,13,70,7,-0.5,-29.999999999999996,-314.18299999999999
2149,13,70,8,-0.43333333333333335,-25.679288619456855,-365.18099999999998
2149,13,70,9,-0.36666666666666664,-21.510188266887482,-367.40300000000002
2149,13,70,10,-0.29999999999999999,-17.457603123722091,-354.93200000000002
2149,13,70,11,-0.23333333333333334,-13.49339882155169,-298.20400000000001
2149,13,70,12,-0.16666666666666666,-9.5940682268604611,-125.291
2149,13,70,13,-0.10000000000000001,-5.7391704772667866,19.780000000000001
2149,13,70,14,-0.033333333333333333,-1.9102131717099304,-1.2529999999999999
2149,13,70,15,0.033333333333333333,1.9102131717099304,-140.99600000000001
2149,13,70,16,0.10000000000000001,5.7391704772667866,-264.76999999999998
2149,13,70,17,0.16666666666666666,9.5940682268604611,-329.36900000000003
2149,13,70,18,0.23333333333333334,13.49339882155169,-451.01400000000001
2149,13,70,19,0.29999999999999999,17.457603123722091,-504.02199999999999
2149,13,70,20,0.36666666666666664,21.510188266887482,-386.81900000000002
2149,13,70,21,0.43333333333333335,25.679288619456855,-127.89100000000001
2149,13,70,22,0.5,29.999999999999996,0.66400000000000003
2149,13,70,23,0.56666666666666665,34.518107841061259,38.094000000000001
2149,13,70,24,0.6333333333333333,39.296480239187503,38.923999999999999
2149,13,70,25,0.69999999999999996,44.427004000805702,39.363999999999997
2149,13,70,26,0.76666666666666672,50.055494810185124,21.835999999999999
2149,13,70,27,0.83333333333333337,56.442690238079287,-2.5139999999999998
2149,13,70,28,0.90000000000000002,64.158067236832878,-21.585999999999999
2149,13,70,29,0.96666666666666667,75.164888418024262,-36.369999999999997
2149,14,75,0,-0.96666666666666667,-75.164888418024262,-34.588000000000001
2149,14,75,1,-0.90000000000000002,-64.158067236832878,-19.402000000000001
2149,14,75,2,-0.83333333333333337,-56.442690238079287,-0.60299999999999998
2149,14,75,3,-0.76666666666666672,-50.055494810185124,7.694
2149,14,75,4,-0.69999999999999996,-44.427004000805702,36.835000000000001
2149,14,75,5,-0.6333333333333333,-39.296480239187503,40.170000000000002
2149,14,75,6,-0.56666666666666665,-34.518107841061259,-27.277999999999999
2149,14,75,7,-0.5,-29.999999999999996,-153.43100000000001
2149,14,75,8,-0.43333333333333335,-25.679288619456855,-201.19900000000001
2149,14,75,9,-0.36666666666666664,-21.510188266887482,-294.08499999999998
2149,14,75,10,-0.29999999999999999,-17.457603123722091,-413.21300000000002
2149,14,75,11,-0.23333333333333334,-13.49339882155169,-388.56299999999999
2149,14,75,12,-0.16666666666666666,-9.5940682268604611,-196.626
2149,14,75,13,-0.10000000000000001,-5.7391704772667866,-40.308
2149,14,75,14,-0.033333333333333333,-1.9102131717099304,-32.524000000000001
2149,14,75,15,0.033333333333333333,1.9102131717099304,-54.112000000000002
2149,14,75,16,0.10000000000000001,5.7391704772667866,-84.331999999999994
2149,14,75,17,0.16666666666666666,9.5940682268604611,-146.54599999999999
2149,14,75,18,0.23333333333333334,13.49339882155169,-226.328
2149,14,75,19,0.29999999999999999,17.457603123722091,-227.041
2149,14,75,20,0.36666666666666664,21.510188266887482,-155.66399999999999
2149,14,75,21,0.43333333333333335,25.679288619456855,28.132999999999999
2149,14,75,22,0.5,29.999999999999996,128.203
2149,14,75,23,0.56666666666666665,34.518107841061259,124.67
2149,14,75,24,0.6333333333333333,39.296480239187503,47.533000000000001
2149,14,75,25,0.69999999999999996,44.427004000805702,22.094000000000001
2149,14,75,26,0.76666666666666672,50.055494810185124,4.0289999999999999
2149,14,75,27,0.83333333333333337,56.442690238079287,-16.143000000000001
2149,14,75,28,0.90000000000000002,64.158067236832878,-30.052
2149,14,75,29,0.96666666666666667,75.164888418024262,-39.137999999999998
2149,15,80,0,-0.96666666666666667,-75.164888418024262,-33.530999999999999
2149,15,80,1,-0.90000000000000002,-64.158067236832878,-19.998000000000001
2149,15,80,2,-0.83333333333333337,-56.442690238079287,-4.7009999999999996
2149,15,80,3,-0.76666666666666672,-50.055494810185124,12.363
2149,15,80,4,-0.69999999999999996,-44.427004000805702,44.250999999999998
2149,15,80,5,-0.6333333333333333,-39.296480239187503,49.886000000000003
2149,15,80,6,-0.56666666666666665,-34.518107841061259,-0.216
2149,15,80,7,-0.5,-29.999999999999996,-122.498
2149,15,80,8,-0.43333333333333335,-25.679288619456855,-180.673
2149,15,80,9,-0.36666666666666664,-21.510188266887482,-138.41499999999999
2149,15,80,10,-0.29999999999999999,-17.457603123722091,-42.668999999999997
2149,15,80,11,-0.23333333333333334,-13.49339882155169,-10.569000000000001
2149,15,80,12,-0.16666666666666666,-9.5940682268604611,-18.552
2149,15,80,13,-0.10000000000000001,-5.7391704772667866,-5.9080000000000004
2149,15,80,14,-0.033333333333333333,-1.9102131717099304,-16.571000000000002
2149,15,80,15,0.033333333333333333,1.9102131717099304,-14.532999999999999
2149,15,80,16,0.10000000000000001,5.7391704772667866,-14.01
2149,15,80,17,0.16666666666666666,9.5940682268604611,-79.406000000000006
2149,15,80,18,0.23333333333333334,13.49339882155169,-180.702
2149,15,80,19,0.29999999999999999,17.457603123722091,-198.392
2149,15,80,20,0.36666666666666664,21.510188266887482,-111.015
2149,15,80,21,0.43333333333333335,25.679288619456855,49.128
2149,15,80,22,0.5,29.999999999999996,129.05500000000001
2149,15,80,23,0.56666666666666665,34.518107841061259,125.05800000000001
2149,15,80,24,0.6333333333333333,39.296480239187503,48.362000000000002
2149,15,80,25,0.69999999999999996,44.427004000805702,11.909000000000001
2149,15,80,26,0.76666666666666672,50.055494810185124,-0.76500000000000001
2149,15,80,27,0.83333333333333337,56.442690238079287,-5.6820000000000004
2149,15,80,28,0.90000000000000002,64.158067236832878,-11.603999999999999
2149,15,80,29,0.96666666666666667,75.164888418024262,-17.268000000000001
2149,16,85,0,-0.96666666666666667,-75.164888418024262,-25.023
2149,16,85,1,-0.90000000000000002,-64.158067236832878,-18.207000000000001
2149,16,85,2,-0.83333333333333337,-56.442690238079287,-12.552
2149,16,85,3,-0.76666666666666672,-50.055494810185124,-1.175
2149,16,85,4,-0.69999999999999996,-44.427004000805702,23.826000000000001
2149,16,85,5,-0.6333333333333333,-39.296480239187503,40.435000000000002
2149,16,85,6,-0.56666666666666665,-34.518107841061259,34.122
2149,16,85,7,-0.5,-29.999999999999996,-0.75700000000000001
2149,16,85,8,-0.43333333333333335,-25.679288619456855,-7.1079999999999997
2149,16,85,9,-0.36666666666666664,-21.510188266887482,52.534999999999997
2149,16,85,10,-0.29999999999999999,-17.457603123722091,134.94999999999999
2149,16,85,11,-0.23333333333333334,-13.49339882155169,147.69200000000001
2149,16,85,12,-0.16666666666666666,-9.5940682268604611,110.767
2149,16,85,13,-0.10000000000000001,-5.7391704772667866,68.248999999999995
2149,16,85,14,-0.033333333333333333,-1.9102131717099304,4.6609999999999996
2149,16,85,15,0.033333333333333333,1.9102131717099304,-148.518
2149,16,85,16,0.10000000000000001,5.7391704772667866,-269.86099999999999
2149,16,85,17,0.16666666666666666,9.5940682268604611,-285.88299999999998
2149,16,85,18,0.23333333333333334,13.49339882155169,-264.54199999999997
2149,16,85,19,0.29999999999999999,17.457603123722091,-235.29900000000001
2149,16,85,20,0.36666666666666664,21.510188266887482,-141.29400000000001
2149,16,85,21,0.43333333333333335,25.679288619456855,26.513000000000002
2149,16,85,22,0.5,29.999999999999996,109.271
2149,16,85,23,0.56666666666666665,34.518107841061259,101.83799999999999
2149,16,85,24,0.6333333333333333,39.296480239187503,36.637999999999998
2149,16,85,25,0.69999999999999996,44.427004000805702,5.944
2149,16,85,26,0.76666666666666672,50.055494810185124,-0.80600000000000005
2149,16,85,27,0.83333333333333337,56.442690238079287,1.087
2149,16,85,28,0.90000000000000002,64.158067236832878,-1.954
2149,16,85,29,0.96666666666666667,75.164888418024262,-6.5410000000000004
2149,17,90,0,-0.96666666666666667,-75.164888418024262,-11.907999999999999
2149,17,90,1,-0.90000000000000002,-64.158067236832878,-16.802
2149,17,90,2,-0.83333333333333337,-56.442690238079287,-27.352
2149,17,90,3,-0.76666666666666672,-50.055494810185124,-22.997
2149,17,90,4,-0.69999999999999996,-44.427004000805702,2.9630000000000001
2149,17,90,5,-0.6333333333333333,-39.296480239187503,23.219999999999999
2149,17,90,6,-0.56666666666666665,-34.518107841061259,62.274000000000001
2149,17,90,7,-0.5,-29.999999999999996,136.59
2149,17,90,8,-0.43333333333333335,-25.679288619456855,176.07599999999999
2149,17,90,9,-0.36666666666666664,-21.510188266887482,203.94399999999999
2149,17,90,10,-0.29999999999999999,-17.457603123722091,197.49199999999999
2149,17,90,11,-0.23333333333333334,-13.49339882155169,188.87700000000001
2149,17,90,12,-0.16666666666666666,-9.5940682268604611,164.06700000000001
2149,17,90,13,-0.10000000000000001,-5.7391704772667866,101.25700000000001
2149,17,90,14,-0.033333333333333333,-1.9102131717099304,7.1950000000000003
2149,17,90,15,0.033333333333333333,1.9102131717099304,-225.477
2149,17,90,16,0.10000000000000001,5.7391704772667866,-397.024
2149,17,90,17,0.16666666666666666,9.5940682268604611,-384.51299999999998
2149,17,90,18,0.23333333333333334,13.49339882155169,-303.73700000000002
2149,17,90,19,0.29999999999999999,17.457603123722091,-251.822
2149,17,90,20,0.36666666666666664,21.510188266887482,-153.11600000000001
2149,17,90,21,0.43333333333333335,25.679288619456855,19.061
2149,17,90,22,0.5,29.999999999999996,95.275999999999996
2149,17,90,23,0.56666666666666665,34.518107841061259,87.087000000000003
2149,17,90,24,0.6333333333333333,39.296480239187503,31.846
2149,17,90,25,0.69999999999999996,44.427004000805702,9.2430000000000003
2149,17,90,26,0.76666666666666672,50.055494810185124,0.067000000000000004
2149,17,90,27,0.83333333333333337,56.442690238079287,-3.4740000000000002
2149,17,90,28,0.90000000000000002,64.158067236832878,-7.5570000000000004
2149,17,90,29,0.96666666666666667,75.164888418024262,-10.199
2149,18,95,0,-0.96666666666666667,-75.164888418024262,-15.183999999999999
2149,18,95,1,-0.90000000000000002,-64.158067236832878,-20.210999999999999
2149,18,95,2,-0.83333333333333337,-56.442690238079287,-23.123000000000001
2149,18,95,3,-0.76666666666666672,-50.055494810185124,-17.169
2149,18,95,4,-0.69999999999999996,-44.427004000805702,-4.5570000000000004
2149,18,95,5,-0.6333333333333333,-39.296480239187503,2.0960000000000001
2149,18,95,6,-0.56666666666666665,-34.518107841061259,47.743000000000002
2149,18,95,7,-0.5,-29.999999999999996,157.58699999999999
2149,18,95,8,-0.43333333333333335,-25.679288619456855,219.19999999999999
2149,18,95,9,-0.36666666666666664,-21.510188266887482,272.96100000000001
2149,18,95,10,-0.29999999999999999,-17.457603123722091,334.60199999999998
2149,18,95,11,-0.23333333333333334,-13.49339882155169,335.82400000000001
2149,18,95,12,-0.16666666666666666,-9.5940682268604611,225.37200000000001
2149,18,95,13,-0.10000000000000001,-5.7391704772667866,98.997
2149,18,95,14,-0.033333333333333333,-1.9102131717099304,19.573
2149,18,95,15,0.033333333333333333,1.9102131717099304,-93.072999999999993
2149,18,95,16,0.10000000000000001,5.7391704772667866,-151.779
2149,18,95,17,0.16666666666666666,9.5940682268604611,-163.66300000000001
2149,18,95,18,0.23333333333333334,13.49339882155169,-128.31
2149,18,95,19,0.29999999999999999,17.457603123722091,-82.646000000000001
2149,18,95,20,0.36666666666666664,21.510188266887482,-29.385000000000002
2149,18,95,21,0.43333333333333335,25.679288619456855,54.622999999999998
2149,18,95,22,0.5,29.999999999999996,90.438999999999993
2149,18,95,23,0.56666666666666665,34.518107841061259,71.712999999999994
2149,18,95,24,0.6333333333333333,39.296480239187503,28.206
2149,18,95,25,0.69999999999999996,44.427004000805702,7.5999999999999996
2149,18,95,26,0.76666666666666672,50.055494810185124,1.669
2149,18,95,27,0.83333333333333337,56.442690238079287,0.60599999999999998
2149,18,95,28,0.90000000000000002,64.158067236832878,-1.698
2149,18,95,29,0.96666666666666667,75.164888418024262,-3.2639999999999998
2149,19,100,0,-0.96666666666666667,-75.164888418024262,-4.0739999999999998
2149,19,100,1,-0.90000000000000002,-64.158067236832878,-8.9949999999999992
2149,19,100,2,-0.83333333333333337,-56.442690238079287,-15.974
2149,19,100,3,-0.76666666666666672,-50.055494810185124,-16.474
2149,19,100,4,-0.69999999999999996,-44.427004000805702,13.313000000000001
2149,19,100,5,-0.6333333333333333,-39.296480239187503,21.318999999999999
2149,19,100,6,-0.56666666666666665,-34.518107841061259,-39.914999999999999
2149,19,100,7,-0.5,-29.999999999999996,-170.631
2149,19,100,8,-0.43333333333333335,-25.679288619456855,-183.66800000000001
2149,19,100,9,-0.36666666666666664,-21.510188266887482,-22.702999999999999
2149,19,100,10,-0.29999999999999999,-17.457603123722091,219.233
2149,19,100,11,-0.23333333333333334,-13.49339882155169,264.99799999999999
2149,19,100,12,-0.16666666666666666,-9.5940682268604611,141.96700000000001
2149,19,100,13,-0.10000000000000001,-5.7391704772667866,16.387
2149,19,100,14,-0.033333333333333333,-1.9102131717099304,-18.190000000000001
2149,19,100,15,0.033333333333333333,1.9102131717099304,-45.991999999999997
2149,19,100,16,0.10000000000000001,5.7391704772667866,-53.375
2149,19,100,17,0.16666666666666666,9.5940682268604611,-7.2110000000000003
2149,19,100,18,0.23333333333333334,13.49339882155169,103.36199999999999
2149,19,100,19,0.29999999999999999,17.457603123722091,152.08500000000001
2149,19,100,20,0.36666666666666664,21.510188266887482,134.27000000000001
2149,19,100,21,0.43333333333333335,25.679288619456855,47.704000000000001
2149,19,100,22,0.5,29.999999999999996,7.6699999999999999
2149,19,100,23,0.56666666666666665,34.518107841061259,1.484
2149,19,100,24,0.6333333333333333,39.296480239187503,6.4870000000000001
2149,19,100,25,0.69999999999999996,44.427004000805702,2.7599999999999998
2149,19,100,26,0.76666666666666672,50.055494810185124,3.25
2149,19,100,27,0.83333333333333337,56.442690238079287,5.601
2149,19,100,28,0.90000000000000002,64.158067236832878,4.5129999999999999
2149,19,100,29,0.96666666666666667,75.164888418024262,2.2170000000000001
2149,20,105,0,-0.96666666666666667,-75.164888418024262,-10.885
2149,20,105,1,-0.90000000000000002,-64.158067236832878,-6.8280000000000003
2149,20,105,2,-0.83333333333333337,-56.442690238079287,1.524
2149,20,105,3,-0.76666666666666672,-50.055494810185124,8.9030000000000005
2149,20,105,4,-0.69999999999999996,-44.427004000805702,25.558
2149,20,105,5,-0.6333333333333333,-39.296480239187503,14.585000000000001
2149,20,105,6,-0.56666666666666665,-34.518107841061259,-137.88200000000001
2149,20,105,7,-0.5,-29.999999999999996,-495.85300000000001
2149,20,105,8,-0.43333333333333335,-25.679288619456855,-609.25400000000002
2149,20,105,9,-0.36666666666666664,-21.510188266887482,-398.94
2149,20,105,10,-0.29999999999999999,-17.457603123722091,-56.993000000000002
2149,20,105,11,-0.23333333333333334,-13.49339882155169,32.779000000000003
2149,20,105,12,-0.16666666666666666,-9.5940682268604611,-9.8699999999999992
2149,20,105,13,-0.10000000000000001,-5.7391704772667866,-61.789999999999999
2149,20,105,14,-0.033333333333333333,-1.9102131717099304,-59.029000000000003
2149,20,105,15,0.033333333333333333,1.9102131717099304,-28.948
2149,20,105,16,0.10000000000000001,5.7391704772667866,6.7000000000000002
2149,20,105,17,0.16666666666666666,9.5940682268604611,82.859999999999999
2149,20,105,18,0.23333333333333334,13.49339882155169,258.38600000000002
2149,20,105,19,0.29999999999999999,17.457603123722091,336.15199999999999
2149,20,105,20,0.36666666666666664,21.510188266887482,268.98700000000002
2149,20,105,21,0.43333333333333335,25.679288619456855,76.587000000000003
2149,20,105,22,0.5,29.999999999999996,-18.199000000000002
2149,20,105,23,0.56666666666666665,34.518107841061259,-27.350000000000001
2149,20,105,24,0.6333333333333333,39.296480239187503,1.3320000000000001
2149,20,105,25,0.69999999999999996,44.427004000805702,8.0510000000000002
2149,20,105,26,0.76666666666666672,50.055494810185124,6.2670000000000003
2149,20,105,27,0.83333333333333337,56.442690238079287,3.9209999999999998
2149,20,105,28,0.90000000000000002,64.158067236832878,3.351
2149,20,105,29,0.96666666666666667,75.164888418024262,3.0819999999999999
2149,21,110,0,-0.96666666666666667,-75.164888418024262,-13.912000000000001
2149,21,110,1,-0.90000000000000002,-64.158067236832878,-5.4779999999999998
2149,21,110,2,-0.83333333333333337,-56.442690238079287,6.3490000000000002
2149,21,110,3,-0.76666666666666672,-50.055494810185124,10.638999999999999
2149,21,110,4,-0.69999999999999996,-44.427004000805702,23.536999999999999
2149,21,110,5,-0.6333333333333333,-39.296480239187503,20.802
2149,21,110,6,-0.56666666666666665,-34.518107841061259,-121.622
2149,21,110,7,-0.5,-29.999999999999996,-469.66300000000001
2149,21,110,8,-0.43333333333333335,-25.679288619456855,-607.41600000000005
2149,21,110,9,-0.36666666666666664,-21.510188266887482,-521.58299999999997
2149,21,110,10,-0.29999999999999999,-17.457603123722091,-317.27699999999999
2149,21,110,11,-0.23333333333333334,-13.49339882155169,-228.86600000000001
2149,21,110,12,-0.16666666666666666,-9.5940682268604611,-156.505
2149,21,110,13,-0.10000000000000001,-5.7391704772667866,-85.653000000000006
2149,21,110,14,-0.033333333333333333,-1.9102131717099304,-46.527000000000001
2149,21,110,15,0.033333333333333333,1.9102131717099304,13.026
2149,21,110,16,0.10000000000000001,5.7391704772667866,73.840999999999994
2149,21,110,17,0.16666666666666666,9.5940682268604611,151.88800000000001
2149,21,110,18,0.23333333333333334,13.49339882155169,313.72000000000003
2149,21,110,19,0.29999999999999999,17.457603123722091,381.98200000000003
2149,21,110,20,0.36666666666666664,21.510188266887482,307.71199999999999
2149,21,110,21,0.43333333333333335,25.679288619456855,88.659999999999997
2149,21,110,22,0.5,29.999999999999996,-28.372
2149,21,110,23,0.56666666666666665,34.518107841061259,-38.015999999999998
2149,21,110,24,0.6333333333333333,39.296480239187503,-4.4800000000000004
2149,21,110,25,0.69999999999999996,44.427004000805702,6.3280000000000003
2149,21,110,26,0.76666666666666672,50.055494810185124,7.4690000000000003
2149,21,110,27,0.83333333333333337,56.442690238079287,5.617
2149,21,110,28,0.90000000000000002,64.158067236832878,2.641
2149,21,110,29,0.96666666666666667,75.164888418024262,-0.96899999999999997
2149,22,115,0,-0.96666666666666667,-75.164888418024262,-14.199
2149,22,115,1,-0.90000000000000002,-64.158067236832878,-6.9039999999999999
2149,22,115,2,-0.83333333333333337,-56.442690238079287,3.8900000000000001
2149,22,115,3,-0.76666666666666672,-50.055494810185124,10.532
2149,22,115,4,-0.69999999999999996,-44.427004000805702,16.012
2149,22,115,5,-0.6333333333333333,-39.296480239187503,19.779
2149,22,115,6,-0.56666666666666665,-34.518107841061259,-5.923
2149,22,115,7,-0.5,-29.999999999999996,-74.472999999999999
2149,22,115,8,-0.43333333333333335,-25.679288619456855,-116.611
2149,22,115,9,-0.36666666666666664,-21.510188266887482,-175.59800000000001
2149,22,115,10,-0.29999999999999999,-17.457603123722091,-234.31200000000001
2149,22,115,11,-0.23333333333333334,-13.49339882155169,-217.09999999999999
2149,22,115,12,-0.16666666666666666,-9.5940682268604611,-142.952
2149,22,115,13,-0.10000000000000001,-5.7391704772667866,-46.215000000000003
2149,22,115,14,-0.033333333333333333,-1.9102131717099304,3.1040000000000001
2149,22,115,15,0.033333333333333333,1.9102131717099304,74.438000000000002
2149,22,115,16,0.10000000000000001,5.7391704772667866,136.446
2149,22,115,17,0.16666666666666666,9.5940682268604611,167.47999999999999
2149,22,115,18,0.23333333333333334,13.49339882155169,198.91900000000001
2149,22,115,19,0.29999999999999999,17.457603123722091,198.71799999999999
2149,22,115,20,0.36666666666666664,21.510188266887482,154.97499999999999
2149,22,115,21,0.43333333333333335,25.679288619456855,45.030999999999999
2149,22,115,22,0.5,29.999999999999996,-12.804
2149,22,115,23,0.56666666666666665,34.518107841061259,-18.661000000000001
2149,22,115,24,0.6333333333333333,39.296480239187503,-2.5209999999999999
2149,22,115,25,0.69999999999999996,44.427004000805702,1.9850000000000001
2149,22,115,26,0.76666666666666672,50.055494810185124,2.3119999999999998
2149,22,115,27,0.83333333333333337,56.442690238079287,1.7170000000000001
2149,22,115,28,0.90000000000000002,64.158067236832878,-0.28999999999999998
2149,22,115,29,0.96666666666666667,75.164888418024262,-4.6239999999999997
2149,23,120,0,-0.96666666666666667,-75.164888418024262,-6.0170000000000003
2149,23,120,1,-0.90000000000000002,-64.158067236832878,-3.8149999999999999
2149,23,120,2,-0.83333333333333337,-56.442690238079287,-4.6050000000000004
2149,23,120,3,-0.76666666666666672,-50.055494810185124,-2.3969999999999998
2149,23,120,4,-0.69999999999999996,-44.427004000805702,-9.9469999999999992
2149,23,120,5,-0.6333333333333333,-39.296480239187503,-3.8100000000000001
2149,23,120,6,-0.56666666666666665,-34.518107841061259,107.15300000000001
2149,23,120,7,-0.5,-29.999999999999996,395.05799999999999
2149,23,120,8,-0.43333333333333335,-25.679288619456855,489.76100000000002
2149,23,120,9,-0.36666666666666664,-21.510188266887482,304.62700000000001
2149,23,120,10,-0.29999999999999999,-17.457603123722091,-0.307
2149,23,120,11,-0.23333333333333334,-13.49339882155169,-74.600999999999999
2149,23,120,12,-0.16666666666666666,-9.5940682268604611,-17.311
2149,23,120,13,-0.10000000000000001,-5.7391704772667866,50.042999999999999
2149,23,120,14,-0.033333333333333333,-1.9102131717099304,73.125
2149,23,120,15,0.033333333333333333,1.9102131717099304,116.839
2149,23,120,16,0.10000000000000001,5.7391704772667866,136.952
2149,23,120,17,0.16666666666666666,9.5940682268604611,104.857
2149,23,120,18,0.23333333333333334,13.49339882155169,18.035
2149,23,120,19,0.29999999999999999,17.457603123722091,-28.524999999999999
2149,23,120,20,0.36666666666666664,21.510188266887482,-32.039999999999999
2149,23,120,21,0.43333333333333335,25.679288619456855,-5.1120000000000001
2149,23,120,22,0.5,29.999999999999996,4.6219999999999999
2149,23,120,23,0.56666666666666665,34.518107841061259,3.786
2149,23,120,24,0.6333333333333333,39.296480239187503,6.5700000000000003
2149,23,120,25,0.69999999999999996,44.427004000805702,8.4169999999999998
2149,23,120,26,0.76666666666666672,50.055494810185124,7.9589999999999996
2149,23,120,27,0.83333333333333337,56.442690238079287,6.617
2149,23,120,28,0.90000000000000002,64.158067236832878,4.2779999999999996
2149,23,120,29,0.96666666666666667,75.164888418024262,0.40500000000000003
2149,24,125,0,-0.96666666666666667,-75.164888418024262,-1.6220000000000001
2149,24,125,1,-0.90000000000000002,-64.158067236832878,-2.2839999999999998
2149,24,125,2,-0.83333333333333337,-56.442690238079287,-8.4580000000000002
2149,24,125,3,-0.76666666666666672,-50.055494810185124,-15.994
2149,24,125,4,-0.69999999999999996,-44.427004000805702,-39.625999999999998
2149,24,125,5,-0.6333333333333333,-39.296480239187503,-36.957000000000001
2149,24,125,6,-0.56666666666666665,-34.518107841061259,104.80800000000001
2149,24,125,7,-0.5,-29.999999999999996,416.80700000000002
2149,24,125,8,-0.43333333333333335,-25.679288619456855,549.25300000000004
2149,24,125,9,-0.36666666666666664,-21.510188266887482,481.55700000000002
2149,24,125,10,-0.29999999999999999,-17.457603123722091,315.68700000000001
2149,24,125,11,-0.23333333333333334,-13.49339882155169,262.92500000000001
2149,24,125,12,-0.16666666666666666,-9.5940682268604611,217.80199999999999
2149,24,125,13,-0.10000000000000001,-5.7391704772667866,170.34700000000001
2149,24,125,14,-0.033333333333333333,-1.9102131717099304,134.471
2149,24,125,15,0.033333333333333333,1.9102131717099304,103.77
2149,24,125,16,0.10000000000000001,5.7391704772667866,66.337000000000003
2149,24,125,17,0.16666666666666666,9.5940682268604611,-12.452999999999999
2149,24,125,18,0.23333333333333334,13.49339882155169,-165.971
2149,24,125,19,0.29999999999999999,17.457603123722091,-238.042
2149,24,125,20,0.36666666666666664,21.510188266887482,-197.25999999999999
2149,24,125,21,0.43333333333333335,25.679288619456855,-60.473999999999997
2149,24,125,22,0.5,29.999999999999996,8.5969999999999995
2149,24,125,23,0.56666666666666665,34.518107841061259,20.760000000000002
2149,24,125,24,0.6333333333333333,39.296480239187503,18.507999999999999
2149,24,125,25,0.69999999999999996,44.427004000805702,18.753
2149,24,125,26,0.76666666666666672,50.055494810185124,16.704000000000001
2149,24,125,27,0.83333333333333337,56.442690238079287,14.079000000000001
2149,24,125,28,0.90000000000000002,64.158067236832878,9.3580000000000005
2149,24,125,29,0.96666666666666667,75.164888418024262,1.7
2149,25,130,0,-0.96666666666666667,-75.164888418024262,-3.242
2149,25,130,1,-0.90000000000000002,-64.158067236832878,-5.8710000000000004
2149,25,130,2,-0.83333333333333337,-56.442690238079287,-10.286
2149,25,130,3,-0.76666666666666672,-50.055494810185124,-18.145
2149,25,130,4,-0.69999999999999996,-44.427004000805702,-57.219999999999999
2149,25,130,5,-0.6333333333333333,-39.296480239187503,-68.480000000000004
2149,25,130,6,-0.56666666666666665,-34.518107841061259,10.798999999999999
2149,25,130,7,-0.5,-29.999999999999996,145.00999999999999
2149,25,130,8,-0.43333333333333335,-25.679288619456855,246.92099999999999
2149,25,130,9,-0.36666666666666664,-21.510188266887482,359.52999999999997
2149,25,130,10,-0.29999999999999999,-17.457603123722091,491.76799999999997
2149,25,130,11,-0.23333333333333334,-13.49339882155169,499.54700000000003
2149,25,130,12,-0.16666666666666666,-9.5940682268604611,385.34300000000002
2149,25,130,13,-0.10000000000000001,-5.7391704772667866,285.08199999999999
2149,25,130,14,-0.033333333333333333,-1.9102131717099304,196.03
2149,25,130,15,0.033333333333333333,1.9102131717099304,72.165000000000006
2149,25,130,16,0.10000000000000001,5.7391704772667866,-26.297000000000001
2149,25,130,17,0.16666666666666666,9.5940682268604611,-102.224
2149,25,130,18,0.23333333333333334,13.49339882155169,-194.001
2149,25,130,19,0.29999999999999999,17.457603123722091,-229.26499999999999
2149,25,130,20,0.36666666666666664,21.510188266887482,-175.661
2149,25,130,21,0.43333333333333335,25.679288619456855,-40.497
2149,25,130,22,0.5,29.999999999999996,23.076000000000001
2149,25,130,23,0.56666666666666665,34.518107841061259,30.603999999999999
2149,25,130,24,0.6333333333333333,39.296480239187503,19.734000000000002
2149,25,130,25,0.69999999999999996,44.427004000805702,17.984000000000002
2149,25,130,26,0.76666666666666672,50.055494810185124,18.608000000000001
2149,25,130,27,0.83333333333333337,56.442690238079287,18.247
2149,25,130,28,0.90000000000000002,64.158067236832878,13.961
2149,25,130,29,0.96666666666666667,75.164888418024262,7.8659999999999997
2149,26,135,0,-0.96666666666666667,-75.164888418024262,-10.625
2149,26,135,1,-0.90000000000000002,-64.158067236832878,-11.579000000000001
2149,26,135,2,-0.83333333333333337,-56.442690238079287,-15.48
2149,26,135,3,-0.76666666666666672,-50.055494810185124,-32.981999999999999
2149,26,135,4,-0.69999999999999996,-44.427004000805702,-77.994
2149,26,135,5,-0.6333333333333333,-39.296480239187503,-94.183999999999997
2149,26,135,6,-0.56666666666666665,-34.518107841061259,-70.004000000000005
2149,26,135,7,-0.5,-29.999999999999996,-52.972000000000001
2149,26,135,8,-0.43333333333333335,-25.679288619456855,40.472000000000001
2149,26,135,9,-0.36666666666666664,-21.510188266887482,275.47199999999998
2149,26,135,10,-0.29999999999999999,-17.457603123722091,444.62200000000001
2149,26,135,11,-0.23333333333333334,-13.49339882155169,498.666
2149,26,135,12,-0.16666666666666666,-9.5940682268604611,494.06200000000001
2149,26,135,13,-0.10000000000000001,-5.7391704772667866,388.84399999999999
2149,26,135,14,-0.033333333333333333,-1.9102131717099304,263.57499999999999
2149,26,135,15,0.033333333333333333,1.9102131717099304,82.284999999999997
2149,26,135,16,0.10000000000000001,5.7391704772667866,-48.692
2149,26,135,17,0.16666666666666666,9.5940682268604611,-94.822000000000003
2149,26,135,18,0.23333333333333334,13.49339882155169,-113.417
2149,26,135,19,0.29999999999999999,17.457603123722091,-125.55500000000001
2149,26,135,20,0.36666666666666664,21.510188266887482,-81.506
2149,26,135,21,0.43333333333333335,25.679288619456855,-1.1699999999999999
2149,26,135,22,0.5,29.999999999999996,31.885000000000002
2149,26,135,23,0.56666666666666665,34.518107841061259,31.251000000000001
2149,26,135,24,0.6333333333333333,39.296480239187503,15.377000000000001
2149,26,135,25,0.69999999999999996,44.427004000805702,10.629
2149,26,135,26,0.76666666666666672,50.055494810185124,9.3130000000000006
2149,26,135,27,0.83333333333333337,56.442690238079287,12.223000000000001
2149,26,135,28,0.90000000000000002,64.158067236832878,15.762
2149,26,135,29,0.96666666666666667,75.164888418024262,17.178999999999998
2149,27,140,0,-0.96666666666666667,-75.164888418024262,-22.353999999999999
2149,27,140,1,-0.90000000000000002,-64.158067236832878,-21.206
2149,27,140,2,-0.83333333333333337,-56.442690238079287,-14.897
2149,27,140,3,-0.76666666666666672,-50.055494810185124,-19.672999999999998
2149,27,140,4,-0.69999999999999996,-44.427004000805702,-50.418999999999997
2149,27,140,5,-0.6333333333333333,-39.296480239187503,-64.861999999999995
2149,27,140,6,-0.56666666666666665,-34.518107841061259,-52.703000000000003
2149,27,140,7,-0.5,-29.999999999999996,-43.140000000000001
2149,27,140,8,-0.43333333333333335,-25.679288619456855,71.533000000000001
2149,27,140,9,-0.36666666666666664,-21.510188266887482,511.36099999999999
2149,27,140,10,-0.29999999999999999,-17.457603123722091,1090.2090000000001
2149,27,140,11,-0.23333333333333334,-13.49339882155169,1145.7750000000001
2149,27,140,12,-0.16666666666666666,-9.5940682268604611,749.48000000000002
2149,27,140,13,-0.10000000000000001,-5.7391704772667866,444.41899999999998
2149,27,140,14,-0.033333333333333333,-1.9102131717099304,316.851
2149,27,140,15,0.033333333333333333,1.9102131717099304,151.41399999999999
2149,27,140,16,0.10000000000000001,5.7391704772667866,24.210999999999999
2149,27,140,17,0.16666666666666666,9.5940682268604611,-9.0700000000000003
2149,27,140,18,0.23333333333333334,13.49339882155169,25.257999999999999
2149,27,140,19,0.29999999999999999,17.457603123722091,34.822000000000003
2149,27,140,20,0.36666666666666664,21.510188266887482,35.090000000000003
2149,27,140,21,0.43333333333333335,25.679288619456855,27.335000000000001
2149,27,140,22,0.5,29.999999999999996,31.780999999999999
2149,27,140,23,0.56666666666666665,34.518107841061259,25.756
2149,27,140,24,0.6333333333333333,39.296480239187503,4.702
2149,27,140,25,0.69999999999999996,44.427004000805702,0.313
2149,27,140,26,0.76666666666666672,50.055494810185124,6.5010000000000003
2149,27,140,27,0.83333333333333337,56.442690238079287,15.58
2149,27,140,28,0.90000000000000002,64.158067236832878,18.262
2149,27,140,29,0.96666666666666667,75.164888418024262,18.417000000000002
2149,28,145,0,-0.96666666666666667,-75.164888418024262,-13.946999999999999
2149,28,145,1,-0.90000000000000002,-64.158067236832878,-13.268000000000001
2149,28,145,2,-0.83333333333333337,-56.442690238079287,-14.093
2149,28,145,3,-0.76666666666666672,-50.055494810185124,-18.452000000000002
2149,28,145,4,-0.69999999999999996,-44.427004000805702,-29.038
2149,28,145,5,-0.6333333333333333,-39.296480239187503,-42.072000000000003
2149,28,145,6,-0.56666666666666665,-34.518107841061259,-62.256999999999998
2149,28,145,7,-0.5,-29.999999999999996,-111.90300000000001
2149,28,145,8,-0.43333333333333335,-25.679288619456855,-26.928000000000001
2149,28,145,9,-0.36666666666666664,-21.510188266887482,371.28100000000001
2149,28,145,10,-0.29999999999999999,-17.457603123722091,805.15499999999997
2149,28,145,11,-0.23333333333333334,-13.49339882155169,886.39999999999998
2149,28,145,12,-0.16666666666666666,-9.5940682268604611,708.89300000000003
2149,28,145,13,-0.10000000000000001,-5.7391704772667866,520.01499999999999
2149,28,145,14,-0.033333333333333333,-1.9102131717099304,376.31799999999998
2149,28,145,15,0.033333333333333333,1.9102131717099304,135.72800000000001
2149,28,145,16,0.10000000000000001,5.7391704772667866,-12.458
2149,28,145,17,0.16666666666666666,9.5940682268604611,-34.579999999999998
2149,28,145,18,0.23333333333333334,13.49339882155169,33.813000000000002
2149,28,145,19,0.29999999999999999,17.457603123722091,71.021000000000001
2149,28,145,20,0.36666666666666664,21.510188266887482,62.148000000000003
2149,28,145,21,0.43333333333333335,25.679288619456855,41.673999999999999
2149,28,145,22,0.5,29.999999999999996,43.006
2149,28,145,23,0.56666666666666665,34.518107841061259,37.482999999999997
2149,28,145,24,0.6333333333333333,39.296480239187503,26.876000000000001
2149,28,145,25,0.69999999999999996,44.427004000805702,19.245999999999999
2149,28,145,26,0.76666666666666672,50.055494810185124,12.99
2149,28,145,27,0.83333333333333337,56.442690238079287,7.5099999999999998
2149,28,145,28,0.90000000000000002,64.158067236832878,0.191
2149,28,145,29,0.96666666666666667,75.164888418024262,-8.4190000000000005
2149,29,150,0,-0.96666666666666667,-75.164888418024262,-22.300000000000001
2149,29,150,1,-0.90000000000000002,-64.158067236832878,-21.079999999999998
2149,29,150,2,-0.83333333333333337,-56.442690238079287,-15.772
2149,29,150,3,-0.76666666666666672,-50.055494810185124,-14.576000000000001
2149,29,150,4,-0.69999999999999996,-44.427004000805702,-16.812000000000001
2149,29,150,5,-0.6333333333333333,-39.296480239187503,-35.810000000000002
2149,29,150,6,-0.56666666666666665,-34.518107841061259,-88.191999999999993
2149,29,150,7,-0.5,-29.999999999999996,-191.13300000000001
2149,29,150,8,-0.43333333333333335,-25.679288619456855,-174.892
2149,29,150,9,-0.36666666666666664,-21.510188266887482,107.175
2149,29,150,10,-0.29999999999999999,-17.457603123722091,407.59399999999999
2149,29,150,11,-0.23333333333333334,-13.49339882155169,488.01900000000001
2149,29,150,12,-0.16666666666666666,-9.5940682268604611,456.25799999999998
2149,29,150,13,-0.10000000000000001,-5.7391704772667866,377.37799999999999
2149,29,150,14,-0.033333333333333333,-1.9102131717099304,260.95600000000002
2149,29,150,15,0.033333333333333333,1.9102131717099304,-4.1200000000000001
2149,29,150,16,0.10000000000000001,5.7391704772667866,-146.048
2149,29,150,17,0.16666666666666666,9.5940682268604611,-159.32400000000001
2149,29,150,18,0.23333333333333334,13.49339882155169,-95.504000000000005
2149,29,150,19,0.29999999999999999,17.457603123722091,-46.401000000000003
2149,29,150,20,0.36666666666666664,21.510188266887482,-7.431
2149,29,150,21,0.43333333333333335,25.679288619456855,39.670000000000002
2149,29,150,22,0.5,29.999999999999996,55.829000000000001
2149,29,150,23,0.56666666666666665,34.518107841061259,45.694000000000003
2149,29,150,24,0.6333333333333333,39.296480239187503,28.760000000000002
2149,29,150,25,0.69999999999999996,44.427004000805702,12.733000000000001
2149,29,150,26,0.76666666666666672,50.055494810185124,1.347
2149,29,150,27,0.83333333333333337,56.442690238079287,-6.2880000000000003
2149,29,150,28,0.90000000000000002,64.158067236832878,-15.316000000000001
2149,29,150,29,0.96666666666666667,75.164888418024262,-25.702000000000002
2149,30,155,0,-0.96666666666666667,-75.164888418024262,-30.209
2149,30,155,1,-0.90000000000000002,-64.158067236832878,-24.202000000000002
2149,30,155,2,-0.83333333333333337,-56.442690238079287,-15.379
2149,30,155,3,-0.76666666666666672,-50.055494810185124,-10.673
2149,30,155,4,-0.69999999999999996,-44.427004000805702,16.791
2149,30,155,5,-0.6333333333333333,-39.296480239187503,9.2859999999999996
2149,30,155,6,-0.56666666666666665,-34.518107841061259,-66.912000000000006
2149,30,155,7,-0.5,-29.999999999999996,-206.119
2149,30,155,8,-0.43333333333333335,-25.679288619456855,-245.69800000000001
2149,30,155,9,-0.36666666666666664,-21.510188266887482,-204.92699999999999
2149,30,155,10,-0.29999999999999999,-17.457603123722091,-81.713999999999999
2149,30,155,11,-0.23333333333333334,-13.49339882155169,-19.151
2149,30,155,12,-0.16666666666666666,-9.5940682268604611,70.052999999999997
2149,30,155,13,-0.10000000000000001,-5.7391704772667866,156.49299999999999
2149,30,155,14,-0.033333333333333333,-1.9102131717099304,69.210999999999999
2149,30,155,15,0.033333333333333333,1.9102131717099304,-235.773
2149,30,155,16,0.10000000000000001,5.7391704772667866,-363.88400000000001
2149,30,155,17,0.16666666666666666,9.5940682268604611,-304.00599999999997
2149,30,155,18,0.23333333333333334,13.49339882155169,-177.14099999999999
2149,30,155,19,0.29999999999999999,17.457603123722091,-123.51600000000001
2149,30,155,20,0.36666666666666664,21.510188266887482,6.0670000000000002
2149,30,155,21,0.43333333333333335,25.679288619456855,103.34
2149,30,155,22,0.5,29.999999999999996,112.846
2149,30,155,23,0.56666666666666665,34.518107841061259,79.667000000000002
2149,30,155,24,0.6333333333333333,39.296480239187503,32.194000000000003
2149,30,155,25,0.69999999999999996,44.427004000805702,6.6120000000000001
2149,30,155,26,0.76666666666666672,50.055494810185124,-5.7290000000000001
2149,30,155,27,0.83333333333333337,56.442690238079287,-15.878
2149,30,155,28,0.90000000000000002,64.158067236832878,-27.309999999999999
2149,30,155,29,0.96666666666666667,75.164888418024262,-36.277999999999999
2149,31,160,0,-0.96666666666666667,-75.164888418024262,-25.800000000000001
2149,31,160,1,-0.90000000000000002,-64.158067236832878,-18.765999999999998
2149,31,160,2,-0.83333333333333337,-56.442690238079287,-6.3209999999999997
2149,31,160,3,-0.76666666666666672,-50.055494810185124,10.624000000000001
2149,31,160,4,-0.69999999999999996,-44.427004000805702,53.631
2149,31,160,5,-0.6333333333333333,-39.296480239187503,46.414000000000001
2149,31,160,6,-0.56666666666666665,-34.518107841061259,-83.215999999999994
2149,31,160,7,-0.5,-29.999999999999996,-306.13900000000001
2149,31,160,8,-0.43333333333333335,-25.679288619456855,-431.654
2149,31,160,9,-0.36666666666666664,-21.510188266887482,-684.78399999999999
2149,31,160,10,-0.29999999999999999,-17.457603123722091,-977.89200000000005
2149,31,160,11,-0.23333333333333334,-13.49339882155169,-911.83799999999997
2149,31,160,12,-0.16666666666666666,-9.5940682268604611,-450.95600000000002
2149,31,160,13,-0.10000000000000001,-5.7391704772667866,-128.17400000000001
2149,31,160,14,-0.033333333333333333,-1.9102131717099304,-130.797
2149,31,160,15,0.033333333333333333,1.9102131717099304,-353.02199999999999
2149,31,160,16,0.10000000000000001,5.7391704772667866,-444.31099999999998
2149,31,160,17,0.16666666666666666,9.5940682268604611,-249.21899999999999
2149,31,160,18,0.23333333333333334,13.49339882155169,264.80799999999999
2149,31,160,19,0.29999999999999999,17.457603123722091,495.99799999999999
2149,31,160,20,0.36666666666666664,21.510188266887482,392.476
2149,31,160,21,0.43333333333333335,25.679288619456855,203.18100000000001
2149,31,160,22,0.5,29.999999999999996,140.678
2149,31,160,23,0.56666666666666665,34.518107841061259,94.519000000000005
2149,31,160,24,0.6333333333333333,39.296480239187503,30.385000000000002
2149,31,160,25,0.69999999999999996,44.427004000805702,-3.4710000000000001
2149,31,160,26,0.76666666666666672,50.055494810185124,-16.513999999999999
2149,31,160,27,0.83333333333333337,56.442690238079287,-25.181999999999999
2149,31,160,28,0.90000000000000002,64.158067236832878,-33.067
2149,31,160,29,0.96666666666666667,75.164888418024262,-38.776000000000003
2149,32,165,0,-0.96666666666666667,-75.164888418024262,-16.155000000000001
2149,32,165,1,-0.90000000000000002,-64.158067236832878,-12.581
2149,32,165,2,-0.83333333333333337,-56.442690238079287,-7.4169999999999998
2149,32,165,3,-0.76666666666666672,-50.055494810185124,-5.8659999999999997
2149,32,165,4,-0.69999999999999996,-44.427004000805702,26.710000000000001
2149,32,165,5,-0.6333333333333333,-39.296480239187503,18.364000000000001
2149,32,165,6,-0.56666666666666665,-34.518107841061259,-142.065
2149,32,165,7,-0.5,-29.999999999999996,-425.18400000000003
2149,32,165,8,-0.43333333333333335,-25.679288619456855,-595.52599999999995
2149,32,165,9,-0.36666666666666664,-21.510188266887482,-776.66399999999999
2149,32,165,10,-0.29999999999999999,-17.457603123722091,-917.86500000000001
2149,32,165,11,-0.23333333333333334,-13.49339882155169,-857.5
2149,32,165,12,-0.16666666666666666,-9.5940682268604611,-534.57500000000005
2149,32,165,13,-0.10000000000000001,-5.7391704772667866,-229.39400000000001
2149,32,165,14,-0.033333333333333333,-1.9102131717099304,-155.46199999999999
2149,32,165,15,0.033333333333333333,1.9102131717099304,-171.88200000000001
2149,32,165,16,0.10000000000000001,5.7391704772667866,-143.00700000000001
2149,32,165,17,0.16666666666666666,9.5940682268604611,-71.215000000000003
2149,32,165,18,0.23333333333333334,13.49339882155169,84.439999999999998
2149,32,165,19,0.29999999999999999,17.457603123722091,169.90899999999999
2149,32,165,20,0.36666666666666664,21.510188266887482,176.489
2149,32,165,21,0.43333333333333335,25.679288619456855,111.074
2149,32,165,22,0.5,29.999999999999996,68.013000000000005
2149,32,165,23,0.56666666666666665,34.518107841061259,42.795999999999999
2149,32,165,24,0.6333333333333333,39.296480239187503,13.984
2149,32,165,25,0.69999999999999996,44.427004000805702,-5.4429999999999996
2149,32,165,26,0.76666666666666672,50.055494810185124,-14.712999999999999
2149,32,165,27,0.83333333333333337,56.442690238079287,-23.189
2149,32,165,28,0.90000000000000002,64.158067236832878,-30.013999999999999
2149,32,165,29,0.96666666666666667,75.164888418024262,-33.912999999999997
2149,33,170,0,-0.96666666666666667,-75.164888418024262,-13.215999999999999
2149,33,170,1,-0.90000000000000002,-64.158067236832878,-12.534000000000001
2149,33,170,2,-0.83333333333333337,-56.442690238079287,-7.4550000000000001
2149,33,170,3,-0.76666666666666672,-50.055494810185124,-9.7219999999999995
2149,33,170,4,-0.69999999999999996,-44.427004000805702,-2.0720000000000001
2149,33,170,5,-0.6333333333333333,-39.296480239187503,-25.111000000000001
2149,33,170,6,-0.56666666666666665,-34.518107841061259,-172.24700000000001
2149,33,170,7,-0.5,-29.999999999999996,-419.95299999999997
2149,33,170,8,-0.43333333333333335,-25.679288619456855,-539.98299999999995
2149,33,170,9,-0.36666666666666664,-21.510188266887482,-580.24900000000002
2149,33,170,10,-0.29999999999999999,-17.457603123722091,-569.34299999999996
2149,33,170,11,-0.23333333333333334,-13.49339882155169,-505.40199999999999
2149,33,170,12,-0.16666666666666666,-9.5940682268604611,-327.83499999999998
2149,33,170,13,-0.10000000000000001,-5.7391704772667866,-151.07599999999999
2149,33,170,14,-0.033333333333333333,-1.9102131717099304,-72.435000000000002
2149,33,170,15,0.033333333333333333,1.9102131717099304,-22.538
2149,33,170,16,0.10000000000000001,5.7391704772667866,24.151
2149,33,170,17,0.16666666666666666,9.5940682268604611,11.662000000000001
2149,33,170,18,0.23333333333333334,13.49339882155169,-89.149000000000001
2149,33,170,19,0.29999999999999999,17.457603123722091,-122.738
2149,33,170,20,0.36666666666666664,21.510188266887482,-65.649000000000001
2149,33,170,21,0.43333333333333335,25.679288619456855,1.093
2149,33,170,22,0.5,29.999999999999996,2.5649999999999999
2149,33,170,23,0.56666666666666665,34.518107841061259,-10.749000000000001
2149,33,170,24,0.6333333333333333,39.296480239187503,-6.9039999999999999
2149,33,170,25,0.69999999999999996,44.427004000805702,-8.327
2149,33,170,26,0.76666666666666672,50.055494810185124,-13.263
2149,33,170,27,0.83333333333333337,56.442690238079287,-17.698
2149,33,170,28,0.90000000000000002,64.158067236832878,-20.632999999999999
2149,33,170,29,0.96666666666666667,75.164888418024262,-22.928999999999998
2149,34,175,0,-0.96666666666666667,-75.164888418024262,-17.420000000000002
2149,34,175,1,-0.90000000000000002,-64.158067236832878,-19.542000000000002
2149,34,175,2,-0.83333333333333337,-56.442690238079287,-15.351000000000001
2149,34,175,3,-0.76666666666666672,-50.055494810185124,-19.728999999999999
2149,34,175,4,-0.69999999999999996,-44.427004000805702,-25.895
2149,34,175,5,-0.6333333333333333,-39.296480239187503,-51.744999999999997
2149,34,175,6,-0.56666666666666665,-34.518107841061259,-153.39599999999999
2149,34,175,7,-0.5,-29.999999999999996,-334.76600000000002
2149,34,175,8,-0.43333333333333335,-25.679288619456855,-386.95400000000001
2149,34,175,9,-0.36666666666666664,-21.510188266887482,-267.255
2149,34,175,10,-0.29999999999999999,-17.457603123722091,-123.18600000000001
2149,34,175,11,-0.23333333333333334,-13.49339882155169,-57.634
2149,34,175,12,-0.16666666666666666,-9.5940682268604611,13.143000000000001
2149,34,175,13,-0.10000000000000001,-5.7391704772667866,103.711
2149,34,175,14,-0.033333333333333333,-1.9102131717099304,106.923
2149,34,175,15,0.033333333333333333,1.9102131717099304,70.031000000000006
2149,34,175,16,0.10000000000000001,5.7391704772667866,73.234999999999999
2149,34,175,17,0.16666666666666666,9.5940682268604611,122.539
2149,34,175,18,0.23333333333333334,13.49339882155169,210.38800000000001
2149,34,175,19,0.29999999999999999,17.457603123722091,215.62899999999999
2149,34,175,20,0.36666666666666664,21.510188266887482,114.229
2149,34,175,21,0.43333333333333335,25.679288619456855,-39.704000000000001
2149,34,175,22,0.5,29.999999999999996,-95.063000000000002
2149,34,175,23,0.56666666666666665,34.518107841061259,-80.230999999999995
2149,34,175,24,0.6333333333333333,39.296480239187503,-30.279
2149,34,175,25,0.69999999999999996,44.427004000805702,-7.9480000000000004
2149,34,175,26,0.76666666666666672,50.055494810185124,-4.7640000000000002
2149,34,175,27,0.83333333333333337,56.442690238079287,-7.5659999999999998
2149,34,175,28,0.90000000000000002,64.158067236832878,-7.9870000000000001
2149,34,175,29,0.96666666666666667,75.164888418024262,-10.195
2149,35,180,0,-0.96666666666666667,-75.164888418024262,-16.038
2149,35,180,1,-0.90000000000000002,-64.158067236832878,-20.132000000000001
2149,35,180,2,-0.83333333333333337,-56.442690238079287,-24.007000000000001
2149,35,180,3,-0.76666666666666672,-50.055494810185124,-20.135999999999999
2149,35,180,4,-0.69999999999999996,-44.427004000805702,6.8579999999999997
2149,35,180,5,-0.6333333333333333,-39.296480239187503,3.895
2149,35,180,6,-0.56666666666666665,-34.518107841061259,-53.505000000000003
2149,35,180,7,-0.5,-29.999999999999996,-162.36000000000001
2149,35,180,8,-0.43333333333333335,-25.679288619456855,-159.31999999999999
2149,35,180,9,-0.36666666666666664,-21.510188266887482,59.338999999999999
2149,35,180,10,-0.29999999999999999,-17.457603123722091,270.87599999999998
2149,35,180,11,-0.23333333333333334,-13.49339882155169,313.16699999999997
2149,35,180,12,-0.16666666666666666,-9.5940682268604611,129.19999999999999
2149,35,180,13,-0.10000000000000001,-5.7391704772667866,-97.206999999999994
2149,35,180,14,-0.033333333333333333,-1.9102131717099304,-13.428000000000001
2149,35,180,15,0.033333333333333333,1.9102131717099304,126.76300000000001
2149,35,180,16,0.10000000000000001,5.7391704772667866,146.345
2149,35,180,17,0.16666666666666666,9.5940682268604611,222.93000000000001
2149,35,180,18,0.23333333333333334,13.49339882155169,397.36399999999998
2149,35,180,19,0.29999999999999999,17.457603123722091,409.601
2149,35,180,20,0.36666666666666664,21.510188266887482,224.053
2149,35,180,21,0.43333333333333335,25.679288619456855,-91.402000000000001
2149,35,180,22,0.5,29.999999999999996,-180.05500000000001
2149,35,180,23,0.56666666666666665,34.518107841061259,-126.746
2149,35,180,24,0.6333333333333333,39.296480239187503,-23.972000000000001
2149,35,180,25,0.69999999999999996,44.427004000805702,10.454000000000001
2149,35,180,26,0.76666666666666672,50.055494810185124,15.169
2149,35,180,27,0.83333333333333337,56.442690238079287,12.486000000000001
2149,35,180,28,0.90000000000000002,64.158067236832878,10.130000000000001
2149,35,180,29,0.96666666666666667,75.164888418024262,2.0670000000000002
2149,36,185,0,-0.96666666666666667,-75.164888418024262,-20.033999999999999
2149,36,185,1,-0.90000000000000002,-64.158067236832878,-16.814
2149,36,185,2,-0.83333333333333337,-56.442690238079287,-10.169
2149,36,185,3,-0.76666666666666672,-50.055494810185124,11.356999999999999
2149,36,185,4,-0.69999999999999996,-44.427004000805702,73.027000000000001
2149,36,185,5,-0.6333333333333333,-39.296480239187503,95.281000000000006
2149,36,185,6,-0.56666666666666665,-34.518107841061259,47.369
2149,36,185,7,-0.5,-29.999999999999996,-52.145000000000003
2149,36,185,8,-0.43333333333333335,-25.679288619456855,-61.725999999999999
2149,36,185,9,-0.36666666666666664,-21.510188266887482,147.494
2149,36,185,10,-0.29999999999999999,-17.457603123722091,389.178
2149,36,185,11,-0.23333333333333334,-13.49339882155169,446.44099999999997
2149,36,185,12,-0.16666666666666666,-9.5940682268604611,434.75400000000002
2149,36,185,13,-0.10000000000000001,-5.7391704772667866,464.29899999999998
2149,36,185,14,-0.033333333333333333,-1.9102131717099304,392.41699999999997
2149,36,185,15,0.033333333333333333,1.9102131717099304,233.33500000000001
2149,36,185,16,0.10000000000000001,5.7391704772667866,170.22499999999999
2149,36,185,17,0.16666666666666666,9.5940682268604611,147.33600000000001
2149,36,185,18,0.23333333333333334,13.49339882155169,176.803
2149,36,185,19,0.29999999999999999,17.457603123722091,166.82900000000001
2149,36,185,20,0.36666666666666664,21.510188266887482,27.867999999999999
2149,36,185,21,0.43333333333333335,25.679288619456855,-163.571
2149,36,185,22,0.5,29.999999999999996,-204.69200000000001
2149,36,185,23,0.56666666666666665,34.518107841061259,-137.084
2149,36,185,24,0.6333333333333333,39.296480239187503,-18.306999999999999
2149,36,185,25,0.69999999999999996,44.427004000805702,30.908999999999999
2149,36,185,26,0.76666666666666672,50.055494810185124,26.039999999999999
2149,36,185,27,0.83333333333333337,56.442690238079287,8.1349999999999998
2149,36,185,28,0.90000000000000002,64.158067236832878,-2.843
2149,36,185,29,0.96666666666666667,75.164888418024262,-16.122
2149,37,190,0,-0.96666666666666667,-75.164888418024262,-5.0549999999999997
2149,37,190,1,-0.90000000000000002,-64.158067236832878,-2.1120000000000001
2149,37,190,2,-0.83333333333333337,-56.442690238079287,1.9430000000000001
2149,37,190,3,-0.76666666666666672,-50.055494810185124,31.462
2149,37,190,4,-0.69999999999999996,-44.427004000805702,100.035
2149,37,190,5,-0.6333333333333333,-39.296480239187503,120.93300000000001
2149,37,190,6,-0.56666666666666665,-34.518107841061259,66.774000000000001
2149,37,190,7,-0.5,-29.999999999999996,-22.117000000000001
2149,37,190,8,-0.43333333333333335,-25.679288619456855,-76.283000000000001
2149,37,190,9,-0.36666666666666664,-21.510188266887482,-103.009
2149,37,190,10,-0.29999999999999999,-17.457603123722091,-97.966999999999999
2149,37,190,11,-0.23333333333333334,-13.49339882155169,-46.18
2149,37,190,12,-0.16666666666666666,-9.5940682268604611,80.662999999999997
2149,37,190,13,-0.10000000000000001,-5.7391704772667866,163.226
2149,37,190,14,-0.033333333333333333,-1.9102131717099304,162.505
2149,37,190,15,0.033333333333333333,1.9102131717099304,71.703000000000003
2149,37,190,16,0.10000000000000001,5.7391704772667866,13.954000000000001
2149,37,190,17,0.16666666666666666,9.5940682268604611,-113.524
2149,37,190,18,0.23333333333333334,13.49339882155169,-369.90899999999999
2149,37,190,19,0.29999999999999999,17.457603123722091,-465.42500000000001
2149,37,190,20,0.36666666666666664,21.510188266887482,-368.66899999999998
2149,37,190,21,0.43333333333333335,25.679288619456855,-229.69800000000001
2149,37,190,22,0.5,29.999999999999996,-174.19200000000001
2149,37,190,23,0.56666666666666665,34.518107841061259,-96.966999999999999
2149,37,190,24,0.6333333333333333,39.296480239187503,3.2200000000000002
2149,37,190,25,0.69999999999999996,44.427004000805702,40.511000000000003
2149,37,190,26,0.76666666666666672,50.055494810185124,31.594999999999999
2149,37,190,27,0.83333333333333337,56.442690238079287,9.9719999999999995
2149,37,190,28,0.90000000000000002,64.158067236832878,-5.423
2149,37,190,29,0.96666666666666667,75.164888418024262,-20.23
2149,38,195,0,-0.96666666666666667,-75.164888418024262,6.8079999999999998
2149,38,195,1,-0.90000000000000002,-64.158067236832878,4.6379999999999999
2149,38,195,2,-0.83333333333333337,-56.442690238079287,-0.66200000000000003
2149,38,195,3,-0.76666666666666672,-50.055494810185124,7.3490000000000002
2149,38,195,4,-0.69999999999999996,-44.427004000805702,60.804000000000002
2149,38,195,5,-0.6333333333333333,-39.296480239187503,69.733999999999995
2149,38,195,6,-0.56666666666666665,-34.518107841061259,-12.077999999999999
2149,38,195,7,-0.5,-29.999999999999996,-159.73699999999999
2149,38,195,8,-0.43333333333333335,-25.679288619456855,-272.79000000000002
2149,38,195,9,-0.36666666666666664,-21.510188266887482,-472.98200000000003
2149,38,195,10,-0.29999999999999999,-17.457603123722091,-687.72799999999995
2149,38,195,11,-0.23333333333333334,-13.49339882155169,-632.49699999999996
2149,38,195,12,-0.16666666666666666,-9.5940682268604611,-338.19600000000003
2149,38,195,13,-0.10000000000000001,-5.7391704772667866,-173.31100000000001
2149,38,195,14,-0.033333333333333333,-1.9102131717099304,-104.256
2149,38,195,15,0.033333333333333333,1.9102131717099304,-86.754000000000005
2149,38,195,16,0.10000000000000001,5.7391704772667866,-102.81100000000001
2149,38,195,17,0.16666666666666666,9.5940682268604611,-224.369
2149,38,195,18,0.23333333333333334,13.49339882155169,-416.36099999999999
2149,38,195,19,0.29999999999999999,17.457603123722091,-455.80599999999998
2149,38,195,20,0.36666666666666664,21.510188266887482,-350.34399999999999
2149,38,195,21,0.43333333333333335,25.679288619456855,-115.251
2149,38,195,22,0.5,29.999999999999996,-30.478000000000002
2149,38,195,23,0.56666666666666665,34.518107841061259,-12.702
2149,38,195,24,0.6333333333333333,39.296480239187503,4.7990000000000004
2149,38,195,25,0.69999999999999996,44.427004000805702,23.981999999999999
2149,38,195,26,0.76666666666666672,50.055494810185124,19.094999999999999
2149,38,195,27,0.83333333333333337,56.442690238079287,7.3399999999999999
2149,38,195,28,0.90000000000000002,64.158067236832878,-2.1680000000000001
2149,38,195,29,0.96666666666666667,75.164888418024262,-15.686
2149,39,200,0,-0.96666666666666667,-75.164888418024262,-0.017000000000000001
2149,39,200,1,-0.90000000000000002,-64.158067236832878,-4.2789999999999999
2149,39,200,2,-0.83333333333333337,-56.442690238079287,-1.8899999999999999
2149,39,200,3,-0.76666666666666672,-50.055494810185124,3.4500000000000002
2149,39,200,4,-0.69999999999999996,-44.427004000805702,24.074000000000002
2149,39,200,5,-0.6333333333333333,-39.296480239187503,14.574999999999999
2149,39,200,6,-0.56666666666666665,-34.518107841061259,-51.512
2149,39,200,7,-0.5,-29.999999999999996,-144.452
2149,39,200,8,-0.43333333333333335,-25.679288619456855,-281.52800000000002
2149,39,200,9,-0.36666666666666664,-21.510188266887482,-579.44100000000003
2149,39,200,10,-0.29999999999999999,-17.457603123722091,-849.54100000000005
2149,39,200,11,-0.23333333333333334,-13.49339882155169,-803.09000000000003
2149,39,200,12,-0.16666666666666666,-9.5940682268604611,-443.06
2149,39,200,13,-0.10000000000000001,-5.7391704772667866,-167.91399999999999
2149,39,200,14,-0.033333333333333333,-1.9102131717099304,-97.096999999999994
2149,39,200,15,0.033333333333333333,1.9102131717099304,-107.642
2149,39,200,16,0.10000000000000001,5.7391704772667866,-100.069
2149,39,200,17,0.16666666666666666,9.5940682268604611,-161.98699999999999
2149,39,200,18,0.23333333333333334,13.49339882155169,-263.00700000000001
2149,39,200,19,0.29999999999999999,17.457603123722091,-276.51900000000001
2149,39,200,20,0.36666666666666664,21.510188266887482,-215.47399999999999
2149,39,200,21,0.43333333333333335,25.679288619456855,-85.588999999999999
2149,39,200,22,0.5,29.999999999999996,-25.259
2149,39,200,23,0.56666666666666665,34.518107841061259,-0.17100000000000001
2149,39,200,24,0.6333333333333333,39.296480239187503,10.381
2149,39,200,25,0.69999999999999996,44.427004000805702,18.593
2149,39,200,26,0.76666666666666672,50.055494810185124,11.451000000000001
2149,39,200,27,0.83333333333333337,56.442690238079287,0.53300000000000003
2149,39,200,28,0.90000000000000002,64.158067236832878,-8.9900000000000002
2149,39,200,29,0.96666666666666667,75.164888418024262,-20.132000000000001
2149,40,205,0,-0.96666666666666667,-75.164888418024262,9.6760000000000002
2149,40,205,1,-0.90000000000000002,-64.158067236832878,0.83199999999999996
2149,40,205,2,-0.83333333333333337,-56.442690238079287,-7.6769999999999996
2149,40,205,3,-0.76666666666666672,-50.055494810185124,-11.762
2149,40,205,4,-0.69999999999999996,-44.427004000805702,0.26400000000000001
2149,40,205,5,-0.6333333333333333,-39.296480239187503,-14.385999999999999
2149,40,205,6,-0.56666666666666665,-34.518107841061259,-69.119
2149,40,205,7,-0.5,-29.999999999999996,-119.486
2149,40,205,8,-0.43333333333333335,-25.679288619456855,-279.62400000000002
2149,40,205,9,-0.36666666666666664,-21.510188266887482,-662.279
2149,40,205,10,-0.29999999999999999,-17.457603123722091,-950.48400000000004
2149,40,205,11,-0.23333333333333334,-13.49339882155169,-906.928
2149,40,205,12,-0.16666666666666666,-9.5940682268604611,-538.19500000000005
2149,40,205,13,-0.10000000000000001,-5.7391704772667866,-215.25200000000001
2149,40,205,14,-0.033333333333333333,-1.9102131717099304,-108.712
2149,40,205,15,0.033333333333333333,1.9102131717099304,-108.381
2149,40,205,16,0.10000000000000001,5.7391704772667866,-76.313000000000002
2149,40,205,17,0.16666666666666666,9.5940682268604611,-57.021000000000001
2149,40,205,18,0.23333333333333334,13.49339882155169,-56.381999999999998
2149,40,205,19,0.29999999999999999,17.457603123722091,-52.716000000000001
2149,40,205,20,0.36666666666666664,21.510188266887482,-33.567
2149,40,205,21,0.43333333333333335,25.679288619456855,-23.100000000000001
2149,40,205,22,0.5,29.999999999999996,-17.776
2149,40,205,23,0.56666666666666665,34.518107841061259,-2.6970000000000001
2149,40,205,24,0.6333333333333333,39.296480239187503,14.585000000000001
2149,40,205,25,0.69999999999999996,44.427004000805702,17.541
2149,40,205,26,0.76666666666666672,50.055494810185124,6.7359999999999998
2149,40,205,27,0.83333333333333337,56.442690238079287,-7.2830000000000004
2149,40,205,28,0.90000000000000002,64.158067236832878,-18.584
2149,40,205,29,0.96666666666666667,75.164888418024262,-30.009
2149,41,210,0,-0.96666666666666667,-75.164888418024262,15.913
2149,41,210,1,-0.90000000000000002,-64.158067236832878,2.3170000000000002
2149,41,210,2,-0.83333333333333337,-56.442690238079287,-12.603
2149,41,210,3,-0.76666666666666672,-50.055494810185124,-25.893000000000001
2149,41,210,4,-0.69999999999999996,-44.427004000805702,-15.683
2149,41,210,5,-0.6333333333333333,-39.296480239187503,-41.634
2149,41,210,6,-0.56666666666666665,-34.518107841061259,-142.69300000000001
2149,41,210,7,-0.5,-29.999999999999996,-261.82600000000002
2149,41,210,8,-0.43333333333333335,-25.679288619456855,-457.35700000000003
2149,41,210,9,-0.36666666666666664,-21.510188266887482,-1000.6420000000001
2149,41,210,10,-0.29999999999999999,-17.457603123722091,-1330.9880000000001
2149,41,210,11,-0.23333333333333334,-13.49339882155169,-1270.4290000000001
2149,41,210,12,-0.16666666666666666,-9.5940682268604611,-749.82799999999997
2149,41,210,13,-0.10000000000000001,-5.7391704772667866,-308.64100000000002
2149,41,210,14,-0.033333333333333333,-1.9102131717099304,-160.095
2149,41,210,15,0.033333333333333333,1.9102131717099304,-93.421999999999997
2149,41,210,16,0.10000000000000001,5.7391704772667866,-24.257000000000001
2149,41,210,17,0.16666666666666666,9.5940682268604611,81.105000000000004
2149,41,210,18,0.23333333333333334,13.49339882155169,232.869
2149,41,210,19,0.29999999999999999,17.457603123722091,262.05500000000001
2149,41,210,20,0.36666666666666664,21.510188266887482,196.32599999999999
2149,41,210,21,0.43333333333333335,25.679288619456855,39.542000000000002
2149,41,210,22,0.5,29.999999999999996,-6.4180000000000001
2149,41,210,23,0.56666666666666665,34.518107841061259,-0.57699999999999996
2149,41,210,24,0.6333333333333333,39.296480239187503,14.491
2149,41,210,25,0.69999999999999996,44.427004000805702,14.023999999999999
2149,41,210,26,0.76666666666666672,50.055494810185124,2.4079999999999999
2149,41,210,27,0.83333333333333337,56.442690238079287,-12.359999999999999
2149,41,210,28,0.90000000000000002,64.158067236832878,-24.225999999999999
2149,41,210,29,0.96666666666666667,75.164888418024262,-36.970999999999997
2149,42,215,0,-0.96666666666666667,-75.164888418024262,9.2080000000000002
2149,42,215,1,-0.90000000000000002,-64.158067236832878,0.69399999999999995
2149,42,215,2,-0.83333333333333337,-56.442690238079287,-3.1760000000000002
2149,42,215,3,-0.76666666666666672,-50.055494810185124,-7.3559999999999999
2149,42,215,4,-0.69999999999999996,-44.427004000805702,6.2220000000000004
2149,42,215,5,-0.6333333333333333,-39.296480239187503,-23.856000000000002
2149,42,215,6,-0.56666666666666665,-34.518107841061259,-181.95500000000001
2149,42,215,7,-0.5,-29.999999999999996,-422.59500000000003
2149,42,215,8,-0.43333333333333335,-25.679288619456855,-600.22299999999996
2149,42,215,9,-0.36666666666666664,-21.510188266887482,-1260.8219999999999
2149,42,215,10,-0.29999999999999999,-17.457603123722091,-2018.3219999999999
2149,42,215,11,-0.23333333333333334,-13.49339882155169,-1795.691
2149,42,215,12,-0.16666666666666666,-9.5940682268604611,-687.96299999999997
2149,42,215,13,-0.10000000000000001,-5.7391704772667866,-104.959
2149,42,215,14,-0.033333333333333333,-1.9102131717099304,-27.681000000000001
2149,42,215,15,0.033333333333333333,1.9102131717099304,-43.372999999999998
2149,42,215,16,0.10000000000000001,5.7391704772667866,-14.265000000000001
2149,42,215,17,0.16666666666666666,9.5940682268604611,139.19800000000001
2149,42,215,18,0.23333333333333334,13.49339882155169,475.75900000000001
2149,42,215,19,0.29999999999999999,17.457603123722091,559.78399999999999
2149,42,215,20,0.36666666666666664,21.510188266887482,345.60899999999998
2149,42,215,21,0.43333333333333335,25.679288619456855,64.924999999999997
2149,42,215,22,0.5,29.999999999999996,-1.288
2149,42,215,23,0.56666666666666665,34.518107841061259,5.274
2149,42,215,24,0.6333333333333333,39.296480239187503,19.295999999999999
2149,42,215,25,0.69999999999999996,44.427004000805702,18.277999999999999
2149,42,215,26,0.76666666666666672,50.055494810185124,6.6760000000000002
2149,42,215,27,0.83333333333333337,56.442690238079287,-9.3810000000000002
2149,42,215,28,0.90000000000000002,64.158067236832878,-22.856000000000002
2149,42,215,29,0.96666666666666667,75.164888418024262,-35.460999999999999
2149,43,220,0,-0.96666666666666667,-75.164888418024262,12.460000000000001
2149,43,220,1,-0.90000000000000002,-64.158067236832878,5.3319999999999999
2149,43,220,2,-0.83333333333333337,-56.442690238079287,-3.3900000000000001
2149,43,220,3,-0.76666666666666672,-50.055494810185124,-8.0109999999999992
2149,43,220,4,-0.69999999999999996,-44.427004000805702,12.458
2149,43,220,5,-0.6333333333333333,-39.296480239187503,1.198
2149,43,220,6,-0.56666666666666665,-34.518107841061259,-105.499
2149,43,220,7,-0.5,-29.999999999999996,-275.63499999999999
2149,43,220,8,-0.43333333333333335,-25.679288619456855,-268.608
2149,43,220,9,-0.36666666666666664,-21.510188266887482,-24.067
2149,43,220,10,-0.29999999999999999,-17.457603123722091,228.90799999999999
2149,43,220,11,-0.23333333333333334,-13.49339882155169,298.096
2149,43,220,12,-0.16666666666666666,-9.5940682268604611,277.06700000000001
2149,43,220,13,-0.10000000000000001,-5.7391704772667866,237.375
2149,43,220,14,-0.033333333333333333,-1.9102131717099304,184.38900000000001
2149,43,220,15,0.033333333333333333,1.9102131717099304,35.619999999999997
2149,43,220,16,0.10000000000000001,5.7391704772667866,-29.271999999999998
2149,43,220,17,0.16666666666666666,9.5940682268604611,-64.093999999999994
2149,43,220,18,0.23333333333333334,13.49339882155169,-86.825000000000003
2149,43,220,19,0.29999999999999999,17.457603123722091,-95.188999999999993
2149,43,220,20,0.36666666666666664,21.510188266887482,-48.890000000000001
2149,43,220,21,0.43333333333333335,25.679288619456855,5.327
2149,43,220,22,0.5,29.999999999999996,16.989000000000001
2149,43,220,23,0.56666666666666665,34.518107841061259,22.236999999999998
2149,43,220,24,0.6333333333333333,39.296480239187503,36.457999999999998
2149,43,220,25,0.69999999999999996,44.427004000805702,35.521000000000001
2149,43,220,26,0.76666666666666672,50.055494810185124,18.593
2149,43,220,27,0.83333333333333337,56.442690238079287,-0.90500000000000003
2149,43,220,28,0.90000000000000002,64.158067236832878,-18.483000000000001
2149,43,220,29,0.96666666666666667,75.164888418024262,-38.036000000000001
2149,44,225,0,-0.96666666666666667,-75.164888418024262,3.3460000000000001
2149,44,225,1,-0.90000000000000002,-64.158067236832878,1.4950000000000001
2149,44,225,2,-0.83333333333333337,-56.442690238079287,-0.065000000000000002
2149,44,225,3,-0.76666666666666672,-50.055494810185124,4.7350000000000003
2149,44,225,4,-0.69999999999999996,-44.427004000805702,14.452
2149,44,225,5,-0.6333333333333333,-39.296480239187503,8.0109999999999992
2149,44,225,6,-0.56666666666666665,-34.518107841061259,-30.503
2149,44,225,7,-0.5,-29.999999999999996,-120.81399999999999
2149,44,225,8,-0.43333333333333335,-25.679288619456855,37.872
2149,44,225,9,-0.36666666666666664,-21.510188266887482,1043.4349999999999
2149,44,225,10,-0.29999999999999999,-17.457603123722091,2104.616
2149,44,225,11,-0.23333333333333334,-13.49339882155169,2058.4400000000001
2149,44,225,12,-0.16666666666666666,-9.5940682268604611,1137.5609999999999
2149,44,225,13,-0.10000000000000001,-5.7391704772667866,653.35500000000002
2149,44,225,14,-0.033333333333333333,-1.9102131717099304,444.767
2149,44,225,15,0.033333333333333333,1.9102131717099304,130.898
2149,44,225,16,0.10000000000000001,5.7391704772667866,-16.227
2149,44,225,17,0.16666666666666666,9.5940682268604611,-177.38
2149,44,225,18,0.23333333333333334,13.49339882155169,-420.63099999999997
2149,44,225,19,0.29999999999999999,17.457603123722091,-497.279
2149,44,225,20,0.36666666666666664,21.510188266887482,-332.262
2149,44,225,21,0.43333333333333335,25.679288619456855,-74.542000000000002
2149,44,225,22,0.5,29.999999999999996,-4.3079999999999998
2149,44,225,23,0.56666666666666665,34.518107841061259,24.010000000000002
2149,44,225,24,0.6333333333333333,39.296480239187503,51.162999999999997
2149,44,225,25,0.69999999999999996,44.427004000805702,53.241999999999997
2149,44,225,26,0.76666666666666672,50.055494810185124,29.881
2149,44,225,27,0.83333333333333337,56.442690238079287,1.3520000000000001
2149,44,225,28,0.90000000000000002,64.158067236832878,-22.138999999999999
2149,44,225,29,0.96666666666666667,75.164888418024262,-44.418999999999997
2149,45,230,0,-0.96666666666666667,-75.164888418024262,-2.9319999999999999
2149,45,230,1,-0.90000000000000002,-64.158067236832878,-4.5789999999999997
2149,45,230,2,-0.83333333333333337,-56.442690238079287,-4.3159999999999998
2149,45,230,3,-0.76666666666666672,-50.055494810185124,6.141
2149,45,230,4,-0.69999999999999996,-44.427004000805702,22.817
2149,45,230,5,-0.6333333333333333,-39.296480239187503,28.183
2149,45,230,6,-0.56666666666666665,-34.518107841061259,14.173
2149,45,230,7,-0.5,-29.999999999999996,-42.091999999999999
2149,45,230,8,-0.43333333333333335,-25.679288619456855,121.72499999999999
2149,45,230,9,-0.36666666666666664,-21.510188266887482,838.84699999999998
2149,45,230,10,-0.29999999999999999,-17.457603123722091,1445.453
2149,45,230,11,-0.23333333333333334,-13.49339882155169,1442.24
2149,45,230,12,-0.16666666666666666,-9.5940682268604611,834.25999999999999
2149,45,230,13,-0.10000000000000001,-5.7391704772667866,424.30799999999999
2149,45,230,14,-0.033333333333333333,-1.9102131717099304,386.25700000000001
2149,45,230,15,0.033333333333333333,1.9102131717099304,353.74900000000002
2149,45,230,16,0.10000000000000001,5.7391704772667866,239.82300000000001
2149,45,230,17,0.16666666666666666,9.5940682268604611,159.13900000000001
2149,45,230,18,0.23333333333333334,13.49339882155169,-25.402000000000001
2149,45,230,19,0.29999999999999999,17.457603123722091,-132.58500000000001
2149,45,230,20,0.36666666666666664,21.510188266887482,-124.426
2149,45,230,21,0.43333333333333335,25.679288619456855,-18.562000000000001
2149,45,230,22,0.5,29.999999999999996,12.028
2149,45,230,23,0.56666666666666665,34.518107841061259,34.188000000000002
2149,45,230,24,0.6333333333333333,39.296480239187503,56.406999999999996
2149,45,230,25,0.69999999999999996,44.427004000805702,56.942999999999998
2149,45,230,26,0.76666666666666672,50.055494810185124,33.823999999999998
2149,45,230,27,0.83333333333333337,56.442690238079287,3.2189999999999999
2149,45,230,28,0.90000000000000002,64.158067236832878,-21.968
2149,45,230,29,0.96666666666666667,75.164888418024262,-44.616999999999997
2149,46,235,0,-0.96666666666666667,-75.164888418024262,5.2720000000000002
2149,46,235,1,-0.90000000000000002,-64.158067236832878,0.78000000000000003
2149,46,235,2,-0.83333333333333337,-56.442690238079287,-9.218
2149,46,235,3,-0.76666666666666672,-50.055494810185124,-2.3149999999999999
2149,46,235,4,-0.69999999999999996,-44.427004000805702,29.904
2149,46,235,5,-0.6333333333333333,-39.296480239187503,44.670999999999999
2149,46,235,6,-0.56666666666666665,-34.518107841061259,21.402000000000001
2149,46,235,7,-0.5,-29.999999999999996,-33.408999999999999
2149,46,235,8,-0.43333333333333335,-25.679288619456855,52.811999999999998
2149,46,235,9,-0.36666666666666664,-21.510188266887482,324.97800000000001
2149,46,235,10,-0.29999999999999999,-17.457603123722091,574.92700000000002
2149,46,235,11,-0.23333333333333334,-13.49339882155169,621.64999999999998
2149,46,235,12,-0.16666666666666666,-9.5940682268604611,430.483
2149,46,235,13,-0.10000000000000001,-5.7391704772667866,309.29599999999999
2149,46,235,14,-0.033333333333333333,-1.9102131717099304,516.90599999999995
2149,46,235,15,0.033333333333333333,1.9102131717099304,970.02499999999998
2149,46,235,16,0.10000000000000001,5.7391704772667866,1023.582
2149,46,235,17,0.16666666666666666,9.5940682268604611,838.53200000000004
2149,46,235,18,0.23333333333333334,13.49339882155169,388.291
2149,46,235,19,0.29999999999999999,17.457603123722091,177.053
2149,46,235,20,0.36666666666666664,21.510188266887482,77.097999999999999
2149,46,235,21,0.43333333333333335,25.679288619456855,20.721
2149,46,235,22,0.5,29.999999999999996,-8.3190000000000008
2149,46,235,23,0.56666666666666665,34.518107841061259,11.704000000000001
2149,46,235,24,0.6333333333333333,39.296480239187503,46.871000000000002
2149,46,235,25,0.69999999999999996,44.427004000805702,51.264000000000003
2149,46,235,26,0.76666666666666672,50.055494810185124,29.033999999999999
2149,46,235,27,0.83333333333333337,56.442690238079287,1.55
2149,46,235,28,0.90000000000000002,64.158067236832878,-18.52
2149,46,235,29,0.96666666666666667,75.164888418024262,-39.194000000000003
2149,47,240,0,-0.96666666666666667,-75.164888418024262,-10.619
2149,47,240,1,-0.90000000000000002,-64.158067236832878,-10.879
2149,47,240,2,-0.83333333333333337,-56.442690238079287,-8.2330000000000005
2149,47,240,3,-0.76666666666666672,-50.055494810185124,3.3839999999999999
2149,47,240,4,-0.69999999999999996,-44.427004000805702,24.661999999999999
2149,47,240,5,-0.6333333333333333,-39.296480239187503,29.853000000000002
2149,47,240,6,-0.56666666666666665,-34.518107841061259,-13.926
2149,47,240,7,-0.5,-29.999999999999996,-84.775000000000006
2149,47,240,8,-0.43333333333333335,-25.679288619456855,-54.057000000000002
2149,47,240,9,-0.36666666666666664,-21.510188266887482,-190.46199999999999
2149,47,240,10,-0.29999999999999999,-17.457603123722091,-409.28500000000003
2149,47,240,11,-0.23333333333333334,-13.49339882155169,-216.17099999999999
2149,47,240,12,-0.16666666666666666,-9.5940682268604611,317.87299999999999
2149,47,240,13,-0.10000000000000001,-5.7391704772667866,545.274
2149,47,240,14,-0.033333333333333333,-1.9102131717099304,684.85400000000004
2149,47,240,15,0.033333333333333333,1.9102131717099304,1183.604
2149,47,240,16,0.10000000000000001,5.7391704772667866,1404.3820000000001
2149,47,240,17,0.16666666666666666,9.5940682268604611,1011.206
2149,47,240,18,0.23333333333333334,13.49339882155169,531.91099999999994
2149,47,240,19,0.29999999999999999,17.457603123722091,363.78300000000002
2149,47,240,20,0.36666666666666664,21.510188266887482,229.02600000000001
2149,47,240,21,0.43333333333333335,25.679288619456855,35.225999999999999
2149,47,240,22,0.5,29.999999999999996,-43.883000000000003
2149,47,240,23,0.56666666666666665,34.518107841061259,-24.477
2149,47,240,24,0.6333333333333333,39.296480239187503,25.864999999999998
2149,47,240,25,0.69999999999999996,44.427004000805702,34.578000000000003
2149,47,240,26,0.76666666666666672,50.055494810185124,23.001000000000001
2149,47,240,27,0.83333333333333337,56.442690238079287,4.3369999999999997
2149,47,240,28,0.90000000000000002,64.158067236832878,-11.089
2149,47,240,29,0.96666666666666667,75.164888418024262,-26.445
2149,48,245,0,-0.96666666666666667,-75.164888418024262,-13.582000000000001
2149,48,245,1,-0.90000000000000002,-64.158067236832878,-13.403
2149,48,245,2,-0.83333333333333337,-56.442690238079287,-14.760999999999999
2149,48,245,3,-0.76666666666666672,-50.055494810185124,-8.1929999999999996
2149,48,245,4,-0.69999999999999996,-44.427004000805702,8.7590000000000003
2149,48,245,5,-0.6333333333333333,-39.296480239187503,16.984999999999999
2149,48,245,6,-0.56666666666666665,-34.518107841061259,-18.997
2149,48,245,7,-0.5,-29.999999999999996,-97.983999999999995
2149,48,245,8,-0.43333333333333335,-25.679288619456855,-0.54000000000000004
2149,48,245,9,-0.36666666666666664,-21.510188266887482,492.41000000000003
2149,48,245,10,-0.29999999999999999,-17.457603123722091,1012.675
2149,48,245,11,-0.23333333333333334,-13.49339882155169,1012.029
2149,48,245,12,-0.16666666666666666,-9.5940682268604611,743.92100000000005
2149,48,245,13,-0.10000000000000001,-5.7391704772667866,625.97699999999998
2149,48,245,14,-0.033333333333333333,-1.9102131717099304,298.81700000000001
2149,48,245,15,0.033333333333333333,1.9102131717099304,-596.98599999999999
2149,48,245,16,0.10000000000000001,5.7391704772667866,-953.05100000000004
2149,48,245,17,0.16666666666666666,9.5940682268604611,-342.53399999999999
2149,48,245,18,0.23333333333333334,13.49339882155169,405.61500000000001
2149,48,245,19,0.29999999999999999,17.457603123722091,505.42700000000002
2149,48,245,20,0.36666666666666664,21.510188266887482,318.06299999999999
2149,48,245,21,0.43333333333333335,25.679288619456855,30.324999999999999
2149,48,245,22,0.5,29.999999999999996,-58.536999999999999
2149,48,245,23,0.56666666666666665,34.518107841061259,-37.761000000000003
2149,48,245,24,0.6333333333333333,39.296480239187503,12.807
2149,48,245,25,0.69999999999999996,44.427004000805702,19.702000000000002
2149,48,245,26,0.76666666666666672,50.055494810185124,17.597000000000001
2149,48,245,27,0.83333333333333337,56.442690238079287,11.811
2149,48,245,28,0.90000000000000002,64.158067236832878,1.105
2149,48,245,29,0.96666666666666667,75.164888418024262,-15.955
2149,49,250,0,-0.96666666666666667,-75.164888418024262,-20.273
2149,49,250,1,-0.90000000000000002,-64.158067236832878,-19.751000000000001
2149,49,250,2,-0.83333333333333337,-56.442690238079287,-15.324999999999999
2149,49,250,3,-0.76666666666666672,-50.055494810185124,0.54600000000000004
2149,49,250,4,-0.69999999999999996,-44.427004000805702,26.494
2149,49,250,5,-0.6333333333333333,-39.296480239187503,38.518000000000001
2149,49,250,6,-0.56666666666666665,-34.518107841061259,-1.6160000000000001
2149,49,250,7,-0.5,-29.999999999999996,-79.921000000000006
2149,49,250,8,-0.43333333333333335,-25.679288619456855,40.531999999999996
2149,49,250,9,-0.36666666666666664,-21.510188266887482,652.577
2149,49,250,10,-0.29999999999999999,-17.457603123722091,1265.4680000000001
2149,49,250,11,-0.23333333333333334,-13.49339882155169,1237.5619999999999
2149,49,250,12,-0.16666666666666666,-9.5940682268604611,727.89800000000002
2149,49,250,13,-0.10000000000000001,-5.7391704772667866,424.34300000000002
2149,49,250,14,-0.033333333333333333,-1.9102131717099304,151.5
2149,49,250,15,0.033333333333333333,1.9102131717099304,-361.38600000000002
2149,49,250,16,0.10000000000000001,5.7391704772667866,-518.33299999999997
2149,49,250,17,0.16666666666666666,9.5940682268604611,-248.11199999999999
2149,49,250,18,0.23333333333333334,13.49339882155169,399.00599999999997
2149,49,250,19,0.29999999999999999,17.457603123722091,561.10900000000004
2149,49,250,20,0.36666666666666664,21.510188266887482,333.04500000000002
2149,49,250,21,0.43333333333333335,25.679288619456855,24.536999999999999
2149,49,250,22,0.5,29.999999999999996,-59.134
2149,49,250,23,0.56666666666666665,34.518107841061259,-33.969000000000001
2149,49,250,24,0.6333333333333333,39.296480239187503,27.376999999999999
2149,49,250,25,0.69999999999999996,44.427004000805702,40.003
2149,49,250,26,0.76666666666666672,50.055494810185124,29.669
2149,49,250,27,0.83333333333333337,56.442690238079287,12.191000000000001
2149,49,250,28,0.90000000000000002,64.158067236832878,-3.0819999999999999
2149,49,250,29,0.96666666666666667,75.164888418024262,-19.719000000000001
2149,50,255,0,-0.96666666666666667,-75.164888418024262,-23.523
2149,50,255,1,-0.90000000000000002,-64.158067236832878,-22.539999999999999
2149,50,255,2,-0.83333333333333337,-56.442690238079287,-17.184000000000001
2149,50,255,3,-0.76666666666666672,-50.055494810185124,2.548
2149,50,255,4,-0.69999999999999996,-44.427004000805702,38.226999999999997
2149,50,255,5,-0.6333333333333333,-39.296480239187503,53.220999999999997
2149,50,255,6,-0.56666666666666665,-34.518107841061259,7.6139999999999999
2149,50,255,7,-0.5,-29.999999999999996,-78.849000000000004
2149,50,255,8,-0.43333333333333335,-25.679288619456855,-20.016999999999999
2149,50,255,9,-0.36666666666666664,-21.510188266887482,214.38999999999999
2149,50,255,10,-0.29999999999999999,-17.457603123722091,364.68599999999998
2149,50,255,11,-0.23333333333333334,-13.49339882155169,407.65600000000001
2149,50,255,12,-0.16666666666666666,-9.5940682268604611,331.327
2149,50,255,13,-0.10000000000000001,-5.7391704772667866,194.59800000000001
2149,50,255,14,-0.033333333333333333,-1.9102131717099304,109.583
2149,50,255,15,0.033333333333333333,1.9102131717099304,96.147999999999996
2149,50,255,16,0.10000000000000001,5.7391704772667866,110.414
2149,50,255,17,0.16666666666666666,9.5940682268604611,47.198
2149,50,255,18,0.23333333333333334,13.49339882155169,99.058999999999997
2149,50,255,19,0.29999999999999999,17.457603123722091,131.30000000000001
2149,50,255,20,0.36666666666666664,21.510188266887482,65.725999999999999
2149,50,255,21,0.43333333333333335,25.679288619456855,-24.074000000000002
2149,50,255,22,0.5,29.999999999999996,-48.283999999999999
2149,50,255,23,0.56666666666666665,34.518107841061259,-18.73
2149,50,255,24,0.6333333333333333,39.296480239187503,36.957999999999998
2149,50,255,25,0.69999999999999996,44.427004000805702,49.5
2149,50,255,26,0.76666666666666672,50.055494810185124,32.593000000000004
2149,50,255,27,0.83333333333333337,56.442690238079287,8.5429999999999993
2149,50,255,28,0.90000000000000002,64.158067236832878,-11.516999999999999
2149,50,255,29,0.96666666666666667,75.164888418024262,-31.975000000000001
2149,51,260,0,-0.96666666666666667,-75.164888418024262,-27.236000000000001
2149,51,260,1,-0.90000000000000002,-64.158067236832878,-22.841000000000001
2149,51,260,2,-0.83333333333333337,-56.442690238079287,-20.792000000000002
2149,51,260,3,-0.76666666666666672,-50.055494810185124,-0.067000000000000004
2149,51,260,4,-0.69999999999999996,-44.427004000805702,53.643000000000001
2149,51,260,5,-0.6333333333333333,-39.296480239187503,83.135000000000005
2149,51,260,6,-0.56666666666666665,-34.518107841061259,58.188000000000002
2149,51,260,7,-0.5,-29.999999999999996,4.5449999999999999
2149,51,260,8,-0.43333333333333335,-25.679288619456855,15.695
2149,51,260,9,-0.36666666666666664,-21.510188266887482,29.780999999999999
2149,51,260,10,-0.29999999999999999,-17.457603123722091,41.854999999999997
2149,51,260,11,-0.23333333333333334,-13.49339882155169,70.441999999999993
2149,51,260,12,-0.16666666666666666,-9.5940682268604611,115.22799999999999
2149,51,260,13,-0.10000000000000001,-5.7391704772667866,101.99299999999999
2149,51,260,14,-0.033333333333333333,-1.9102131717099304,86.873999999999995
2149,51,260,15,0.033333333333333333,1.9102131717099304,75.293999999999997
2149,51,260,16,0.10000000000000001,5.7391704772667866,31.234000000000002
2149,51,260,17,0.16666666666666666,9.5940682268604611,-105.65000000000001
2149,51,260,18,0.23333333333333334,13.49339882155169,-500.39400000000001
2149,51,260,19,0.29999999999999999,17.457603123722091,-583.31899999999996
2149,51,260,20,0.36666666666666664,21.510188266887482,-290.04500000000002
2149,51,260,21,0.43333333333333335,25.679288619456855,-69.096999999999994
2149,51,260,22,0.5,29.999999999999996,-34.219999999999999
2149,51,260,23,0.56666666666666665,34.518107841061259,3.6850000000000001
2149,51,260,24,0.6333333333333333,39.296480239187503,57.878999999999998
2149,51,260,25,0.69999999999999996,44.427004000805702,64.688000000000002
2149,51,260,26,0.76666666666666672,50.055494810185124,37.098999999999997
2149,51,260,27,0.83333333333333337,56.442690238079287,4.6319999999999997
2149,51,260,28,0.90000000000000002,64.158067236832878,-18.260999999999999
2149,51,260,29,0.96666666666666667,75.164888418024262,-40.578000000000003
2149,52,265,0,-0.96666666666666667,-75.164888418024262,-33.743000000000002
2149,52,265,1,-0.90000000000000002,-64.158067236832878,-39.969999999999999
2149,52,265,2,-0.83333333333333337,-56.442690238079287,-37.860999999999997
2149,52,265,3,-0.76666666666666672,-50.055494810185124,-16.234000000000002
2149,52,265,4,-0.69999999999999996,-44.427004000805702,25.946000000000002
2149,52,265,5,-0.6333333333333333,-39.296480239187503,54.381999999999998
2149,52,265,6,-0.56666666666666665,-34.518107841061259,75.039000000000001
2149,52,265,7,-0.5,-29.999999999999996,93.144999999999996
2149,52,265,8,-0.43333333333333335,-25.679288619456855,97.623999999999995
2149,52,265,9,-0.36666666666666664,-21.510188266887482,70.829999999999998
2149,52,265,10,-0.29999999999999999,-17.457603123722091,64.376000000000005
2149,52,265,11,-0.23333333333333334,-13.49339882155169,73.244
2149,52,265,12,-0.16666666666666666,-9.5940682268604611,127.346
2149,52,265,13,-0.10000000000000001,-5.7391704772667866,150.947
2149,52,265,14,-0.033333333333333333,-1.9102131717099304,101.423
2149,52,265,15,0.033333333333333333,1.9102131717099304,20.878
2149,52,265,16,0.10000000000000001,5.7391704772667866,-20.158000000000001
2149,52,265,17,0.16666666666666666,9.5940682268604611,1.3029999999999999
2149,52,265,18,0.23333333333333334,13.49339882155169,109.261
2149,52,265,19,0.29999999999999999,17.457603123722091,142.90299999999999
2149,52,265,20,0.36666666666666664,21.510188266887482,54.164999999999999
2149,52,265,21,0.43333333333333335,25.679288619456855,-9.2449999999999992
2149,52,265,22,0.5,29.999999999999996,-5.8399999999999999
2149,52,265,23,0.56666666666666665,34.518107841061259,18.753
2149,52,265,24,0.6333333333333333,39.296480239187503,46.692
2149,52,265,25,0.69999999999999996,44.427004000805702,50.624000000000002
2149,52,265,26,0.76666666666666672,50.055494810185124,29.396000000000001
2149,52,265,27,0.83333333333333337,56.442690238079287,2.0339999999999998
2149,52,265,28,0.90000000000000002,64.158067236832878,-20.594000000000001
2149,52,265,29,0.96666666666666667,75.164888418024262,-42.058999999999997
2149,53,270,0,-0.96666666666666667,-75.164888418024262,-18.623999999999999
2149,53,270,1,-0.90000000000000002,-64.158067236832878,-29.456
2149,53,270,2,-0.83333333333333337,-56.442690238079287,-39.125999999999998
2149,53,270,3,-0.76666666666666672,-50.055494810185124,-24.420000000000002
2149,53,270,4,-0.69999999999999996,-44.427004000805702,11.151999999999999
2149,53,270,5,-0.6333333333333333,-39.296480239187503,46.408999999999999
2149,53,270,6,-0.56666666666666665,-34.518107841061259,98.927999999999997
2149,53,270,7,-0.5,-29.999999999999996,154.83600000000001
2149,53,270,8,-0.43333333333333335,-25.679288619456855,155.923
2149,53,270,9,-0.36666666666666664,-21.510188266887482,94.376000000000005
2149,53,270,10,-0.29999999999999999,-17.457603123722091,31.532
2149,53,270,11,-0.23333333333333334,-13.49339882155169,26.670000000000002
2149,53,270,12,-0.16666666666666666,-9.5940682268604611,90.691000000000003
2149,53,270,13,-0.10000000000000001,-5.7391704772667866,117.32299999999999
2149,53,270,14,-0.033333333333333333,-1.9102131717099304,33.518999999999998
2149,53,270,15,0.033333333333333333,1.9102131717099304,-106.42100000000001
2149,53,270,16,0.10000000000000001,5.7391704772667866,-150.203
2149,53,270,17,0.16666666666666666,9.5940682268604611,-48.375
2149,53,270,18,0.23333333333333334,13.49339882155169,264.452
2149,53,270,19,0.29999999999999999,17.457603123722091,357.41399999999999
2149,53,270,20,0.36666666666666664,21.510188266887482,177.124
2149,53,270,21,0.43333333333333335,25.679288619456855,32.088000000000001
2149,53,270,22,0.5,29.999999999999996,25.434999999999999
2149,53,270,23,0.56666666666666665,34.518107841061259,41.985999999999997
2149,53,270,24,0.6333333333333333,39.296480239187503,53.728999999999999
2149,53,270,25,0.69999999999999996,44.427004000805702,48.820999999999998
2149,53,270,26,0.76666666666666672,50.055494810185124,27.841999999999999
2149,53,270,27,0.83333333333333337,56.442690238079287,2.7250000000000001
2149,53,270,28,0.90000000000000002,64.158067236832878,-19.445
2149,53,270,29,0.96666666666666667,75.164888418024262,-40.710999999999999
2149,54,275,0,-0.96666666666666667,-75.164888418024262,-10.83
2149,54,275,1,-0.90000000000000002,-64.158067236832878,-20.751000000000001
2149,54,275,2,-0.83333333333333337,-56.442690238079287,-37.353000000000002
2149,54,275,3,-0.76666666666666672,-50.055494810185124,-29.324000000000002
2149,54,275,4,-0.69999999999999996,-44.427004000805702,-3.7970000000000002
2149,54,275,5,-0.6333333333333333,-39.296480239187503,24.318999999999999
2149,54,275,6,-0.56666666666666665,-34.518107841061259,108.746
2149,54,275,7,-0.5,-29.999999999999996,229.23599999999999
2149,54,275,8,-0.43333333333333335,-25.679288619456855,229.434
2149,54,275,9,-0.36666666666666664,-21.510188266887482,106.786
2149,54,275,10,-0.29999999999999999,-17.457603123722091,2.7850000000000001
2149,54,275,11,-0.23333333333333334,-13.49339882155169,-40.566000000000003
2149,54,275,12,-0.16666666666666666,-9.5940682268604611,-72.433999999999997
2149,54,275,13,-0.10000000000000001,-5.7391704772667866,-89.683000000000007
2149,54,275,14,-0.033333333333333333,-1.9102131717099304,-164.762
2149,54,275,15,0.033333333333333333,1.9102131717099304,-325.673
2149,54,275,16,0.10000000000000001,5.7391704772667866,-385.75200000000001
2149,54,275,17,0.16666666666666666,9.5940682268604611,-366.57299999999998
2149,54,275,18,0.23333333333333334,13.49339882155169,-460.54199999999997
2149,54,275,19,0.29999999999999999,17.457603123722091,-443.15100000000001
2149,54,275,20,0.36666666666666664,21.510188266887482,-168.81899999999999
2149,54,275,21,0.43333333333333335,25.679288619456855,35.549999999999997
2149,54,275,22,0.5,29.999999999999996,77.084999999999994
2149,54,275,23,0.56666666666666665,34.518107841061259,71.956000000000003
2149,54,275,24,0.6333333333333333,39.296480239187503,57.856999999999999
2149,54,275,25,0.69999999999999996,44.427004000805702,48.665999999999997
2149,54,275,26,0.76666666666666672,50.055494810185124,28.471
2149,54,275,27,0.83333333333333337,56.442690238079287,5.5629999999999997
2149,54,275,28,0.90000000000000002,64.158067236832878,-15.179
2149,54,275,29,0.96666666666666667,75.164888418024262,-36.768000000000001
2149,55,280,0,-0.96666666666666667,-75.164888418024262,-15.853
2149,55,280,1,-0.90000000000000002,-64.158067236832878,-36.738999999999997
2149,55,280,2,-0.83333333333333337,-56.442690238079287,-50.902000000000001
2149,55,280,3,-0.76666666666666672,-50.055494810185124,-49.060000000000002
2149,55,280,4,-0.69999999999999996,-44.427004000805702,-40.262
2149,55,280,5,-0.6333333333333333,-39.296480239187503,-15.85
2149,55,280,6,-0.56666666666666665,-34.518107841061259,70.908000000000001
2149,55,280,7,-0.5,-29.999999999999996,191.71299999999999
2149,55,280,8,-0.43333333333333335,-25.679288619456855,181.47
2149,55,280,9,-0.36666666666666664,-21.510188266887482,11.731999999999999
2149,55,280,10,-0.29999999999999999,-17.457603123722091,-149.035
2149,55,280,11,-0.23333333333333334,-13.49339882155169,-188.58199999999999
2149,55,280,12,-0.16666666666666666,-9.5940682268604611,-223.214
2149,55,280,13,-0.10000000000000001,-5.7391704772667866,-266.32499999999999
2149,55,280,14,-0.033333333333333333,-1.9102131717099304,-263.31999999999999
2149,55,280,15,0.033333333333333333,1.9102131717099304,-307.24700000000001
2149,55,280,16,0.10000000000000001,5.7391704772667866,-332.89699999999999
2149,55,280,17,0.16666666666666666,9.5940682268604611,-320.77800000000002
2149,55,280,18,0.23333333333333334,13.49339882155169,-265.61099999999999
2149,55,280,19,0.29999999999999999,17.457603123722091,-205.649
2149,55,280,20,0.36666666666666664,21.510188266887482,-87.787000000000006
2149,55,280,21,0.43333333333333335,25.679288619456855,56.639000000000003
2149,55,280,22,0.5,29.999999999999996,95.456000000000003
2149,55,280,23,0.56666666666666665,34.518107841061259,78.563000000000002
2149,55,280,24,0.6333333333333333,39.296480239187503,54.548999999999999
2149,55,280,25,0.69999999999999996,44.427004000805702,40.771000000000001
2149,55,280,26,0.76666666666666672,50.055494810185124,21.949999999999999
2149,55,280,27,0.83333333333333337,56.442690238079287,2.0790000000000002
2149,55,280,28,0.90000000000000002,64.158067236832878,-15.936999999999999
2149,55,280,29,0.96666666666666667,75.164888418024262,-32.531999999999996
2149,56,285,0,-0.96666666666666667,-75.164888418024262,0.84299999999999997
2149,56,285,1,-0.90000000000000002,-64.158067236832878,-24.372
2149,56,285,2,-0.83333333333333337,-56.442690238079287,-51.994
2149,56,285,3,-0.76666666666666672,-50.055494810185124,-59.383000000000003
2149,56,285,4,-0.69999999999999996,-44.427004000805702,-52.026000000000003
2149,56,285,5,-0.6333333333333333,-39.296480239187503,-36.679000000000002
2149,56,285,6,-0.56666666666666665,-34.518107841061259,22.597000000000001
2149,56,285,7,-0.5,-29.999999999999996,105.047
2149,56,285,8,-0.43333333333333335,-25.679288619456855,75.489999999999995
2149,56,285,9,-0.36666666666666664,-21.510188266887482,-106.18300000000001
2149,56,285,10,-0.29999999999999999,-17.457603123722091,-267.52600000000001
2149,56,285,11,-0.23333333333333334,-13.49339882155169,-233.81299999999999
2149,56,285,12,-0.16666666666666666,-9.5940682268604611,-11.846
2149,56,285,13,-0.10000000000000001,-5.7391704772667866,107.52800000000001
2149,56,285,14,-0.033333333333333333,-1.9102131717099304,62.313000000000002
2149,56,285,15,0.033333333333333333,1.9102131717099304,-73.652000000000001
2149,56,285,16,0.10000000000000001,5.7391704772667866,-111.626
2149,56,285,17,0.16666666666666666,9.5940682268604611,-65.025999999999996
2149,56,285,18,0.23333333333333334,13.49339882155169,97.454999999999998
2149,56,285,19,0.29999999999999999,17.457603123722091,158.07599999999999
2149,56,285,20,0.36666666666666664,21.510188266887482,103.011
2149,56,285,21,0.43333333333333335,25.679288619456855,56.634999999999998
2149,56,285,22,0.5,29.999999999999996,57.219000000000001
2149,56,285,23,0.56666666666666665,34.518107841061259,52.741
2149,56,285,24,0.6333333333333333,39.296480239187503,41.167999999999999
2149,56,285,25,0.69999999999999996,44.427004000805702,29.212
2149,56,285,26,0.76666666666666672,50.055494810185124,11.473000000000001
2149,56,285,27,0.83333333333333337,56.442690238079287,-7.4539999999999997
2149,56,285,28,0.90000000000000002,64.158067236832878,-21.873999999999999
2149,56,285,29,0.96666666666666667,75.164888418024262,-34.195
2149,57,290,0,-0.96666666666666667,-75.164888418024262,6.4029999999999996
2149,57,290,1,-0.90000000000000002,-64.158067236832878,-23.724
2149,57,290,2,-0.83333333333333337,-56.442690238079287,-56.539999999999999
2149,57,290,3,-0.76666666666666672,-50.055494810185124,-68.528000000000006
2149,57,290,4,-0.69999999999999996,-44.427004000805702,-62.015999999999998
2149,57,290,5,-0.6333333333333333,-39.296480239187503,-60.554000000000002
2149,57,290,6,-0.56666666666666665,-34.518107841061259,-44.511000000000003
2149,57,290,7,-0.5,-29.999999999999996,-18.672000000000001
2149,57,290,8,-0.43333333333333335,-25.679288619456855,-71.617000000000004
2149,57,290,9,-0.36666666666666664,-21.510188266887482,-248.53100000000001
2149,57,290,10,-0.29999999999999999,-17.457603123722091,-351.07999999999998
2149,57,290,11,-0.23333333333333334,-13.49339882155169,-262.59699999999998
2149,57,290,12,-0.16666666666666666,-9.5940682268604611,155.88800000000001
2149,57,290,13,-0.10000000000000001,-5.7391704772667866,417.68599999999998
2149,57,290,14,-0.033333333333333333,-1.9102131717099304,304.56700000000001
2149,57,290,15,0.033333333333333333,1.9102131717099304,61.503999999999998
2149,57,290,16,0.10000000000000001,5.7391704772667866,5.069
2149,57,290,17,0.16666666666666666,9.5940682268604611,36.741
2149,57,290,18,0.23333333333333334,13.49339882155169,81.652000000000001
2149,57,290,19,0.29999999999999999,17.457603123722091,95.992000000000004
2149,57,290,20,0.36666666666666664,21.510188266887482,83.242999999999995
2149,57,290,21,0.43333333333333335,25.679288619456855,39.408000000000001
2149,57,290,22,0.5,29.999999999999996,33.973999999999997
2149,57,290,23,0.56666666666666665,34.518107841061259,30.550000000000001
2149,57,290,24,0.6333333333333333,39.296480239187503,21.713999999999999
2149,57,290,25,0.69999999999999996,44.427004000805702,12.504
2149,57,290,26,0.76666666666666672,50.055494810185124,4.7830000000000004
2149,57,290,27,0.83333333333333337,56.442690238079287,-3.7999999999999998
2149,57,290,28,0.90000000000000002,64.158067236832878,-16.012
2149,57,290,29,0.96666666666666667,75.164888418024262,-29.971
2149,58,295,0,-0.96666666666666667,-75.164888418024262,-3.1200000000000001
2149,58,295,1,-0.90000000000000002,-64.158067236832878,-33.423999999999999
2149,58,295,2,-0.83333333333333337,-56.442690238079287,-57.219000000000001
2149,58,295,3,-0.76666666666666672,-50.055494810185124,-67.403000000000006
2149,58,295,4,-0.69999999999999996,-44.427004000805702,-61.780000000000001
2149,58,295,5,-0.6333333333333333,-39.296480239187503,-66.953999999999994
2149,58,295,6,-0.56666666666666665,-34.518107841061259,-91.436999999999998
2149,58,295,7,-0.5,-29.999999999999996,-123.991
2149,58,295,8,-0.43333333333333335,-25.679288619456855,-201.43199999999999
2149,58,295,9,-0.36666666666666664,-21.510188266887482,-469.15600000000001
2149,58,295,10,-0.29999999999999999,-17.457603123722091,-663.47199999999998
2149,58,295,11,-0.23333333333333334,-13.49339882155169,-570.03099999999995
2149,58,295,12,-0.16666666666666666,-9.5940682268604611,-234.328
2149,58,295,13,-0.10000000000000001,-5.7391704772667866,-49.688000000000002
2149,58,295,14,-0.033333333333333333,-1.9102131717099304,31.588000000000001
2149,58,295,15,0.033333333333333333,1.9102131717099304,25.469000000000001
2149,58,295,16,0.10000000000000001,5.7391704772667866,5.7329999999999997
2149,58,295,17,0.16666666666666666,9.5940682268604611,-7.4640000000000004
2149,58,295,18,0.23333333333333334,13.49339882155169,-41.052
2149,58,295,19,0.29999999999999999,17.457603123722091,-44.904000000000003
2149,58,295,20,0.36666666666666664,21.510188266887482,-4.7329999999999997
2149,58,295,21,0.43333333333333335,25.679288619456855,35.439999999999998
2149,58,295,22,0.5,29.999999999999996,42.087000000000003
2149,58,295,23,0.56666666666666665,34.518107841061259,22.919
2149,58,295,24,0.6333333333333333,39.296480239187503,-0.98899999999999999
2149,58,295,25,0.69999999999999996,44.427004000805702,-10.212
2149,58,295,26,0.76666666666666672,50.055494810185124,-9.0350000000000001
2149,58,295,27,0.83333333333333337,56.442690238079287,-5.5
2149,58,295,28,0.90000000000000002,64.158067236832878,-6.9290000000000003
2149,58,295,29,0.96666666666666667,75.164888418024262,-11.972
2149,59,300,0,-0.96666666666666667,-75.164888418024262,6.5899999999999999
2149,59,300,1,-0.90000000000000002,-64.158067236832878,-23.154
2149,59,300,2,-0.83333333333333337,-56.442690238079287,-53.262
2149,59,300,3,-0.76666666666666672,-50.055494810185124,-71.213999999999999
2149,59,300,4,-0.69999999999999996,-44.427004000805702,-69.828999999999994
2149,59,300,5,-0.6333333333333333,-39.296480239187503,-82.956000000000003
2149,59,300,6,-0.56666666666666665,-34.518107841061259,-122.864
2149,59,300,7,-0.5,-29.999999999999996,-175.547
2149,59,300,8,-0.43333333333333335,-25.679288619456855,-250.34999999999999
2149,59,300,9,-0.36666666666666664,-21.510188266887482,-490.41199999999998
2149,59,300,10,-0.29999999999999999,-17.457603123722091,-675.71799999999996
2149,59,300,11,-0.23333333333333334,-13.49339882155169,-565.22799999999995
2149,59,300,12,-0.16666666666666666,-9.5940682268604611,-210.48699999999999
2149,59,300,13,-0.10000000000000001,-5.7391704772667866,-11.122999999999999
2149,59,300,14,-0.033333333333333333,-1.9102131717099304,57.268000000000001
2149,59,300,15,0.033333333333333333,1.9102131717099304,88.254999999999995
2149,59,300,16,0.10000000000000001,5.7391704772667866,69.647999999999996
2149,59,300,17,0.16666666666666666,9.5940682268604611,3.8879999999999999
2149,59,300,18,0.23333333333333334,13.49339882155169,-78.965000000000003
2149,59,300,19,0.29999999999999999,17.457603123722091,-93.816999999999993
2149,59,300,20,0.36666666666666664,21.510188266887482,-40.295000000000002
2149,59,300,21,0.43333333333333335,25.679288619456855,42.009
2149,59,300,22,0.5,29.999999999999996,62.054000000000002
2149,59,300,23,0.56666666666666665,34.518107841061259,32.409999999999997
2149,59,300,24,0.6333333333333333,39.296480239187503,-7.5599999999999996
2149,59,300,25,0.69999999999999996,44.427004000805702,-19.27
2149,59,300,26,0.76666666666666672,50.055494810185124,-14.516999999999999
2149,59,300,27,0.83333333333333337,56.442690238079287,-5.9139999999999997
2149,59,300,28,0.90000000000000002,64.158067236832878,-3.3860000000000001
2149,59,300,29,0.96666666666666667,75.164888418024262,-4.9020000000000001
2149,60,305,0,-0.96666666666666667,-75.164888418024262,8.1790000000000003
2149,60,305,1,-0.90000000000000002,-64.158067236832878,-27.187000000000001
2149,60,305,2,-0.83333333333333337,-56.442690238079287,-57.098999999999997
2149,60,305,3,-0.76666666666666672,-50.055494810185124,-79.353999999999999
2149,60,305,4,-0.69999999999999996,-44.427004000805702,-87.055000000000007
2149,60,305,5,-0.6333333333333333,-39.296480239187503,-109.402
2149,60,305,6,-0.56666666666666665,-34.518107841061259,-158.85499999999999
2149,60,305,7,-0.5,-29.999999999999996,-221.869
2149,60,305,8,-0.43333333333333335,-25.679288619456855,-213.03299999999999
2149,60,305,9,-0.36666666666666664,-21.510188266887482,-164.88
2149,60,305,10,-0.29999999999999999,-17.457603123722091,-147.48099999999999
2149,60,305,11,-0.23333333333333334,-13.49339882155169,-6.5789999999999997
2149,60,305,12,-0.16666666666666666,-9.5940682268604611,258.05799999999999
2149,60,305,13,-0.10000000000000001,-5.7391704772667866,371.41300000000001
2149,60,305,14,-0.033333333333333333,-1.9102131717099304,318.00999999999999
2149,60,305,15,0.033333333333333333,1.9102131717099304,179.50999999999999
2149,60,305,16,0.10000000000000001,5.7391704772667866,102.886
2149,60,305,17,0.16666666666666666,9.5940682268604611,2.7509999999999999
2149,60,305,18,0.23333333333333334,13.49339882155169,-108.30800000000001
2149,60,305,19,0.29999999999999999,17.457603123722091,-124.117
2149,60,305,20,0.36666666666666664,21.510188266887482,-50.311
2149,60,305,21,0.43333333333333335,25.679288619456855,46.893999999999998
2149,60,305,22,0.5,29.999999999999996,71.795000000000002
2149,60,305,23,0.56666666666666665,34.518107841061259,43.444000000000003
2149,60,305,24,0.6333333333333333,39.296480239187503,1.853
2149,60,305,25,0.69999999999999996,44.427004000805702,-13.212999999999999
2149,60,305,26,0.76666666666666672,50.055494810185124,-13.215999999999999
2149,60,305,27,0.83333333333333337,56.442690238079287,-9.8230000000000004
2149,60,305,28,0.90000000000000002,64.158067236832878,-8.6340000000000003
2149,60,305,29,0.96666666666666667,75.164888418024262,-6.6879999999999997
2149,61,310,0,-0.96666666666666667,-75.164888418024262,20.332000000000001
2149,61,310,1,-0.90000000000000002,-64.158067236832878,-12.254
2149,61,310,2,-0.83333333333333337,-56.442690238079287,-39.991999999999997
2149,61,310,3,-0.76666666666666672,-50.055494810185124,-63.713000000000001
2149,61,310,4,-0.69999999999999996,-44.427004000805702,-88.108999999999995
2149,61,310,5,-0.6333333333333333,-39.296480239187503,-132.46700000000001
2149,61,310,6,-0.56666666666666665,-34.518107841061259,-221.22499999999999
2149,61,310,7,-0.5,-29.999999999999996,-320.79599999999999
2149,61,310,8,-0.43333333333333335,-25.679288619456855,-238.08699999999999
2149,61,310,9,-0.36666666666666664,-21.510188266887482,221.72200000000001
2149,61,310,10,-0.29999999999999999,-17.457603123722091,664.63999999999999
2149,61,310,11,-0.23333333333333334,-13.49339882155169,705.39400000000001
2149,61,310,12,-0.16666666666666666,-9.5940682268604611,584.45600000000002
2149,61,310,13,-0.10000000000000001,-5.7391704772667866,552.85299999999995
2149,61,310,14,-0.033333333333333333,-1.9102131717099304,387.26799999999997
2149,61,310,15,0.033333333333333333,1.9102131717099304,98.811000000000007
2149,61,310,16,0.10000000000000001,5.7391704772667866,-17.23
2149,61,310,17,0.16666666666666666,9.5940682268604611,-71.337000000000003
2149,61,310,18,0.23333333333333334,13.49339882155169,-104.518
2149,61,310,19,0.29999999999999999,17.457603123722091,-98.527000000000001
2149,61,310,20,0.36666666666666664,21.510188266887482,-22.202999999999999
2149,61,310,21,0.43333333333333335,25.679288619456855,72.456000000000003
2149,61,310,22,0.5,29.999999999999996,92.489000000000004
2149,61,310,23,0.56666666666666665,34.518107841061259,58.238999999999997
2149,61,310,24,0.6333333333333333,39.296480239187503,10.303000000000001
2149,61,310,25,0.69999999999999996,44.427004000805702,-8.1110000000000007
2149,61,310,26,0.76666666666666672,50.055494810185124,-13.631
2149,61,310,27,0.83333333333333337,56.442690238079287,-15.069000000000001
2149,61,310,28,0.90000000000000002,64.158067236832878,-16.128
2149,61,310,29,0.96666666666666667,75.164888418024262,-14.962999999999999
2149,62,315,0,-0.96666666666666667,-75.164888418024262,30.715
2149,62,315,1,-0.90000000000000002,-64.158067236832878,7.5199999999999996
2149,62,315,2,-0.83333333333333337,-56.442690238079287,-14.595000000000001
2149,62,315,3,-0.76666666666666672,-50.055494810185124,-46.287999999999997
2149,62,315,4,-0.69999999999999996,-44.427004000805702,-70.701999999999998
2149,62,315,5,-0.6333333333333333,-39.296480239187503,-113.041
2149,62,315,6,-0.56666666666666665,-34.518107841061259,-292.80000000000001
2149,62,315,7,-0.5,-29.999999999999996,-526.58699999999999
2149,62,315,8,-0.43333333333333335,-25.679288619456855,-459.22699999999998
2149,62,315,9,-0.36666666666666664,-21.510188266887482,-17.77
2149,62,315,10,-0.29999999999999999,-17.457603123722091,358.09800000000001
2149,62,315,11,-0.23333333333333334,-13.49339882155169,420.22000000000003
2149,62,315,12,-0.16666666666666666,-9.5940682268604611,321.90800000000002
2149,62,315,13,-0.10000000000000001,-5.7391704772667866,245.946
2149,62,315,14,-0.033333333333333333,-1.9102131717099304,152.28299999999999
2149,62,315,15,0.033333333333333333,1.9102131717099304,-61.796999999999997
2149,62,315,16,0.10000000000000001,5.7391704772667866,-161.91800000000001
2149,62,315,17,0.16666666666666666,9.5940682268604611,-134.76900000000001
2149,62,315,18,0.23333333333333334,13.49339882155169,-91.582999999999998
2149,62,315,19,0.29999999999999999,17.457603123722091,-70.570999999999998
2149,62,315,20,0.36666666666666664,21.510188266887482,7.8710000000000004
2149,62,315,21,0.43333333333333335,25.679288619456855,90.573999999999998
2149,62,315,22,0.5,29.999999999999996,103.652
2149,62,315,23,0.56666666666666665,34.518107841061259,64.075000000000003
2149,62,315,24,0.6333333333333333,39.296480239187503,17.454999999999998
2149,62,315,25,0.69999999999999996,44.427004000805702,-0.070000000000000007
2149,62,315,26,0.76666666666666672,50.055494810185124,-9.4600000000000009
2149,62,315,27,0.83333333333333337,56.442690238079287,-16.585000000000001
2149,62,315,28,0.90000000000000002,64.158067236832878,-19.106999999999999
2149,62,315,29,0.96666666666666667,75.164888418024262,-16.131
2149,63,320,0,-0.96666666666666667,-75.164888418024262,32.017000000000003
2149,63,320,1,-0.90000000000000002,-64.158067236832878,6.8339999999999996
2149,63,320,2,-0.83333333333333337,-56.442690238079287,-18.123000000000001
2149,63,320,3,-0.76666666666666672,-50.055494810185124,-49.395000000000003
2149,63,320,4,-0.69999999999999996,-44.427004000805702,-85.724999999999994
2149,63,320,5,-0.6333333333333333,-39.296480239187503,-144.34100000000001
2149,63,320,6,-0.56666666666666665,-34.518107841061259,-325.43900000000002
2149,63,320,7,-0.5,-29.999999999999996,-569.10000000000002
2149,63,320,8,-0.43333333333333335,-25.679288619456855,-521.89999999999998
2149,63,320,9,-0.36666666666666664,-21.510188266887482,-289.63299999999998
2149,63,320,10,-0.29999999999999999,-17.457603123722091,-164.38399999999999
2149,63,320,11,-0.23333333333333334,-13.49339882155169,-7.9720000000000004
2149,63,320,12,-0.16666666666666666,-9.5940682268604611,180.39699999999999
2149,63,320,13,-0.10000000000000001,-5.7391704772667866,202.49199999999999
2149,63,320,14,-0.033333333333333333,-1.9102131717099304,106.163
2149,63,320,15,0.033333333333333333,1.9102131717099304,9.5050000000000008
2149,63,320,16,0.10000000000000001,5.7391704772667866,-35.524000000000001
2149,63,320,17,0.16666666666666666,9.5940682268604611,-36.128
2149,63,320,18,0.23333333333333334,13.49339882155169,7.2350000000000003
2149,63,320,19,0.29999999999999999,17.457603123722091,25.962
2149,63,320,20,0.36666666666666664,21.510188266887482,46.289999999999999
2149,63,320,21,0.43333333333333335,25.679288619456855,67.444999999999993
2149,63,320,22,0.5,29.999999999999996,70.328000000000003
2149,63,320,23,0.56666666666666665,34.518107841061259,45.296999999999997
2149,63,320,24,0.6333333333333333,39.296480239187503,10.446999999999999
2149,63,320,25,0.69999999999999996,44.427004000805702,-4.4130000000000003
2149,63,320,26,0.76666666666666672,50.055494810185124,-6.9119999999999999
2149,63,320,27,0.83333333333333337,56.442690238079287,-6.4279999999999999
2149,63,320,28,0.90000000000000002,64.158067236832878,-7.2830000000000004
2149,63,320,29,0.96666666666666667,75.164888418024262,-8.4369999999999994
2149,64,325,0,-0.96666666666666667,-75.164888418024262,26.297999999999998
2149,64,325,1,-0.90000000000000002,-64.158067236832878,0.94399999999999995
2149,64,325,2,-0.83333333333333337,-56.442690238079287,-24.213000000000001
2149,64,325,3,-0.76666666666666672,-50.055494810185124,-53.209000000000003
2149,64,325,4,-0.69999999999999996,-44.427004000805702,-85.388999999999996
2149,64,325,5,-0.6333333333333333,-39.296480239187503,-121.682
2149,64,325,6,-0.56666666666666665,-34.518107841061259,-179.86199999999999
2149,64,325,7,-0.5,-29.999999999999996,-218.33199999999999
2149,64,325,8,-0.43333333333333335,-25.679288619456855,-85.822000000000003
2149,64,325,9,-0.36666666666666664,-21.510188266887482,391.78800000000001
2149,64,325,10,-0.29999999999999999,-17.457603123722091,800.52800000000002
2149,64,325,11,-0.23333333333333334,-13.49339882155169,738.76099999999997
2149,64,325,12,-0.16666666666666666,-9.5940682268604611,323.51999999999998
2149,64,325,13,-0.10000000000000001,-5.7391704772667866,121.52500000000001
2149,64,325,14,-0.033333333333333333,-1.9102131717099304,60.125999999999998
2149,64,325,15,0.033333333333333333,1.9102131717099304,28.367999999999999
2149,64,325,16,0.10000000000000001,5.7391704772667866,-1.107
2149,64,325,17,0.16666666666666666,9.5940682268604611,18.164000000000001
2149,64,325,18,0.23333333333333334,13.49339882155169,53.512999999999998
2149,64,325,19,0.29999999999999999,17.457603123722091,63.533999999999999
2149,64,325,20,0.36666666666666664,21.510188266887482,60.804000000000002
2149,64,325,21,0.43333333333333335,25.679288619456855,50.576000000000001
2149,64,325,22,0.5,29.999999999999996,43.243000000000002
2149,64,325,23,0.56666666666666665,34.518107841061259,27.279
2149,64,325,24,0.6333333333333333,39.296480239187503,9.5069999999999997
2149,64,325,25,0.69999999999999996,44.427004000805702,1.5509999999999999
2149,64,325,26,0.76666666666666672,50.055494810185124,3.8490000000000002
2149,64,325,27,0.83333333333333337,56.442690238079287,5.0099999999999998
2149,64,325,28,0.90000000000000002,64.158067236832878,1.984
2149,64,325,29,0.96666666666666667,75.164888418024262,-2.5640000000000001
2149,65,330,0,-0.96666666666666667,-75.164888418024262,25.437000000000001
2149,65,330,1,-0.90000000000000002,-64.158067236832878,1.754
2149,65,330,2,-0.83333333333333337,-56.442690238079287,-22.641999999999999
2149,65,330,3,-0.76666666666666672,-50.055494810185124,-49.061
2149,65,330,4,-0.69999999999999996,-44.427004000805702,-83.046999999999997
2149,65,330,5,-0.6333333333333333,-39.296480239187503,-114.526
2149,65,330,6,-0.56666666666666665,-34.518107841061259,-160.274
2149,65,330,7,-0.5,-29.999999999999996,-221.54900000000001
2149,65,330,8,-0.43333333333333335,-25.679288619456855,-47.947000000000003
2149,65,330,9,-0.36666666666666664,-21.510188266887482,614.56700000000001
2149,65,330,10,-0.29999999999999999,-17.457603123722091,1114.26
2149,65,330,11,-0.23333333333333334,-13.49339882155169,1023.8579999999999
2149,65,330,12,-0.16666666666666666,-9.5940682268604611,442.63099999999997
2149,65,330,13,-0.10000000000000001,-5.7391704772667866,136.476
2149,65,330,14,-0.033333333333333333,-1.9102131717099304,58.009999999999998
2149,65,330,15,0.033333333333333333,1.9102131717099304,16.434999999999999
2149,65,330,16,0.10000000000000001,5.7391704772667866,-10.489000000000001
2149,65,330,17,0.16666666666666666,9.5940682268604611,17.494
2149,65,330,18,0.23333333333333334,13.49339882155169,61.917000000000002
2149,65,330,19,0.29999999999999999,17.457603123722091,71.944999999999993
2149,65,330,20,0.36666666666666664,21.510188266887482,55.436
2149,65,330,21,0.43333333333333335,25.679288619456855,32.899999999999999
2149,65,330,22,0.5,29.999999999999996,21.126000000000001
2149,65,330,23,0.56666666666666665,34.518107841061259,10.052
2149,65,330,24,0.6333333333333333,39.296480239187503,-0.047
2149,65,330,25,0.69999999999999996,44.427004000805702,-4.484
2149,65,330,26,0.76666666666666672,50.055494810185124,-0.35299999999999998
2149,65,330,27,0.83333333333333337,56.442690238079287,3.9409999999999998
2149,65,330,28,0.90000000000000002,64.158067236832878,4.7460000000000004
2149,65,330,29,0.96666666666666667,75.164888418024262,3.516
2149,66,335,0,-0.96666666666666667,-75.164888418024262,15.255000000000001
2149,66,335,1,-0.90000000000000002,-64.158067236832878,-6.6550000000000002
2149,66,335,2,-0.83333333333333337,-56.442690238079287,-27.271000000000001
2149,66,335,3,-0.76666666666666672,-50.055494810185124,-50.326999999999998
2149,66,335,4,-0.69999999999999996,-44.427004000805702,-80.432000000000002
2149,66,335,5,-0.6333333333333333,-39.296480239187503,-109.173
2149,66,335,6,-0.56666666666666665,-34.518107841061259,-172.02799999999999
2149,66,335,7,-0.5,-29.999999999999996,-261.13200000000001
2149,66,335,8,-0.43333333333333335,-25.679288619456855,-125.90600000000001
2149,66,335,9,-0.36666666666666664,-21.510188266887482,453.24799999999999
2149,66,335,10,-0.29999999999999999,-17.457603123722091,866.58600000000001
2149,66,335,11,-0.23333333333333334,-13.49339882155169,791.35699999999997
2149,66,335,12,-0.16666666666666666,-9.5940682268604611,327.661
2149,66,335,13,-0.10000000000000001,-5.7391704772667866,83.512
2149,66,335,14,-0.033333333333333333,-1.9102131717099304,23.352
2149,66,335,15,0.033333333333333333,1.9102131717099304,-5.484
2149,66,335,16,0.10000000000000001,5.7391704772667866,-15.368
2149,66,335,17,0.16666666666666666,9.5940682268604611,12.913
2149,66,335,18,0.23333333333333334,13.49339882155169,55.793999999999997
2149,66,335,19,0.29999999999999999,17.457603123722091,64.724999999999994
2149,66,335,20,0.36666666666666664,21.510188266887482,38.639000000000003
2149,66,335,21,0.43333333333333335,25.679288619456855,12.412000000000001
2149,66,335,22,0.5,29.999999999999996,-2.4990000000000001
2149,66,335,23,0.56666666666666665,34.518107841061259,-9.1129999999999995
2149,66,335,24,0.6333333333333333,39.296480239187503,-11.875999999999999
2149,66,335,25,0.69999999999999996,44.427004000805702,-12.571999999999999
2149,66,335,26,0.76666666666666672,50.055494810185124,-4.3470000000000004
2149,66,335,27,0.83333333333333337,56.442690238079287,3.7930000000000001
2149,66,335,28,0.90000000000000002,64.158067236832878,8.0749999999999993
2149,66,335,29,0.96666666666666667,75.164888418024262,11.039999999999999
2149,67,340,0,-0.96666666666666667,-75.164888418024262,14.587
2149,67,340,1,-0.90000000000000002,-64.158067236832878,-8.5609999999999999
2149,67,340,2,-0.83333333333333337,-56.442690238079287,-31.718
2149,67,340,3,-0.76666666666666672,-50.055494810185124,-53.997999999999998
2149,67,340,4,-0.69999999999999996,-44.427004000805702,-72.120000000000005
2149,67,340,5,-0.6333333333333333,-39.296480239187503,-96.314999999999998
2149,67,340,6,-0.56666666666666665,-34.518107841061259,-160.577
2149,67,340,7,-0.5,-29.999999999999996,-240.535
2149,67,340,8,-0.43333333333333335,-25.679288619456855,-197.65899999999999
2149,67,340,9,-0.36666666666666664,-21.510188266887482,31.050000000000001
2149,67,340,10,-0.29999999999999999,-17.457603123722091,190.29300000000001
2149,67,340,11,-0.23333333333333334,-13.49339882155169,177.017
2149,67,340,12,-0.16666666666666666,-9.5940682268604611,32.642000000000003
2149,67,340,13,-0.10000000000000001,-5.7391704772667866,-30.786999999999999
2149,67,340,14,-0.033333333333333333,-1.9102131717099304,-41.921999999999997
2149,67,340,15,0.033333333333333333,1.9102131717099304,-35.686
2149,67,340,16,0.10000000000000001,5.7391704772667866,-13.425000000000001
2149,67,340,17,0.16666666666666666,9.5940682268604611,24.100000000000001
2149,67,340,18,0.23333333333333334,13.49339882155169,63.953000000000003
2149,67,340,19,0.29999999999999999,17.457603123722091,72.299000000000007
2149,67,340,20,0.36666666666666664,21.510188266887482,43.813000000000002
2149,67,340,21,0.43333333333333335,25.679288619456855,8.8130000000000006
2149,67,340,22,0.5,29.999999999999996,-13.797000000000001
2149,67,340,23,0.56666666666666665,34.518107841061259,-17.352
2149,67,340,24,0.6333333333333333,39.296480239187503,-13.68
2149,67,340,25,0.69999999999999996,44.427004000805702,-14.673999999999999
2149,67,340,26,0.76666666666666672,50.055494810185124,-10.743
2149,67,340,27,0.83333333333333337,56.442690238079287,-5.4820000000000002
2149,67,340,28,0.90000000000000002,64.158067236832878,0.996
2149,67,340,29,0.96666666666666667,75.164888418024262,9.0069999999999997
2149,68,345,0,-0.96666666666666667,-75.164888418024262,19.474
2149,68,345,1,-0.90000000000000002,-64.158067236832878,-0.17599999999999999
2149,68,345,2,-0.83333333333333337,-56.442690238079287,-22.707999999999998
2149,68,345,3,-0.76666666666666672,-50.055494810185124,-45.283999999999999
2149,68,345,4,-0.69999999999999996,-44.427004000805702,-63.314
2149,68,345,5,-0.6333333333333333,-39.296480239187503,-89.930999999999997
2149,68,345,6,-0.56666666666666665,-34.518107841061259,-135.483
2149,68,345,7,-0.5,-29.999999999999996,-181.797
2149,68,345,8,-0.43333333333333335,-25.679288619456855,-261.22199999999998
2149,68,345,9,-0.36666666666666664,-21.510188266887482,-503.83499999999998
2149,68,345,10,-0.29999999999999999,-17.457603123722091,-632.71699999999998
2149,68,345,11,-0.23333333333333334,-13.49339882155169,-573.899
2149,68,345,12,-0.16666666666666666,-9.5940682268604611,-330.08100000000002
2149,68,345,13,-0.10000000000000001,-5.7391704772667866,-186.83699999999999
2149,68,345,14,-0.033333333333333333,-1.9102131717099304,-124.952
2149,68,345,15,0.033333333333333333,1.9102131717099304,-67.188000000000002
2149,68,345,16,0.10000000000000001,5.7391704772667866,5.282
2149,68,345,17,0.16666666666666666,9.5940682268604611,117.557
2149,68,345,18,0.23333333333333334,13.49339882155169,224.08699999999999
2149,68,345,19,0.29999999999999999,17.457603123722091,235.68299999999999
2149,68,345,20,0.36666666666666664,21.510188266887482,154.17099999999999
2149,68,345,21,0.43333333333333335,25.679288619456855,38.968000000000004
2149,68,345,22,0.5,29.999999999999996,-12.679
2149,68,345,23,0.56666666666666665,34.518107841061259,-28.149000000000001
2149,68,345,24,0.6333333333333333,39.296480239187503,-31.440000000000001
2149,68,345,25,0.69999999999999996,44.427004000805702,-32.759999999999998
2149,68,345,26,0.76666666666666672,50.055494810185124,-22.632999999999999
2149,68,345,27,0.83333333333333337,56.442690238079287,-10.627000000000001
2149,68,345,28,0.90000000000000002,64.158067236832878,1.1679999999999999
2149,68,345,29,0.96666666666666667,75.164888418024262,14.314
2149,69,350,0,-0.96666666666666667,-75.164888418024262,30.312999999999999
2149,69,350,1,-0.90000000000000002,-64.158067236832878,2.7970000000000002
2149,69,350,2,-0.83333333333333337,-56.442690238079287,-27.914999999999999
2149,69,350,3,-0.76666666666666672,-50.055494810185124,-58.302
2149,69,350,4,-0.69999999999999996,-44.427004000805702,-91.356999999999999
2149,69,350,5,-0.6333333333333333,-39.296480239187503,-118.178
2149,69,350,6,-0.56666666666666665,-34.518107841061259,-126.452
2149,69,350,7,-0.5,-29.999999999999996,-128.434
2149,69,350,8,-0.43333333333333335,-25.679288619456855,-260.435
2149,69,350,9,-0.36666666666666664,-21.510188266887482,-775.06799999999998
2149,69,350,10,-0.29999999999999999,-17.457603123722091,-1123.2429999999999
2149,69,350,11,-0.23333333333333334,-13.49339882155169,-983.74000000000001
2149,69,350,12,-0.16666666666666666,-9.5940682268604611,-484.36200000000002
2149,69,350,13,-0.10000000000000001,-5.7391704772667866,-257.226
2149,69,350,14,-0.033333333333333333,-1.9102131717099304,-147.846
2149,69,350,15,0.033333333333333333,1.9102131717099304,-54.738999999999997
2149,69,350,16,0.10000000000000001,5.7391704772667866,49.037999999999997
2149,69,350,17,0.16666666666666666,9.5940682268604611,281.053
2149,69,350,18,0.23333333333333334,13.49339882155169,544.25800000000004
2149,69,350,19,0.29999999999999999,17.457603123722091,556.404
2149,69,350,20,0.36666666666666664,21.510188266887482,313.37900000000002
2149,69,350,21,0.43333333333333335,25.679288619456855,51.021999999999998
2149,69,350,22,0.5,29.999999999999996,-24.510000000000002
2149,69,350,23,0.56666666666666665,34.518107841061259,-35.005000000000003
2149,69,350,24,0.6333333333333333,39.296480239187503,-38.325000000000003
2149,69,350,25,0.69999999999999996,44.427004000805702,-41.603000000000002
2149,69,350,26,0.76666666666666672,50.055494810185124,-30.844999999999999
2149,69,350,27,0.83333333333333337,56.442690238079287,-19.027000000000001
2149,69,350,28,0.90000000000000002,64.158067236832878,-6.2140000000000004
2149,69,350,29,0.96666666666666667,75.164888418024262,9.5800000000000001
2149,70,355,0,-0.96666666666666667,-75.164888418024262,20.914999999999999
2149,70,355,1,-0.90000000000000002,-64.158067236832878,-5.0190000000000001
2149,70,355,2,-0.83333333333333337,-56.442690238079287,-30.902000000000001
2149,70,355,3,-0.76666666666666672,-50.055494810185124,-65.290999999999997
2149,70,355,4,-0.69999999999999996,-44.427004000805702,-114.125
2149,70,355,5,-0.6333333333333333,-39.296480239187503,-141.44900000000001
2149,70,355,6,-0.56666666666666665,-34.518107841061259,-118.82599999999999
2149,70,355,7,-0.5,-29.999999999999996,-83.683000000000007
2149,70,355,8,-0.43333333333333335,-25.679288619456855,-199.541
2149,70,355,9,-0.36666666666666664,-21.510188266887482,-670.31200000000001
2149,70,355,10,-0.29999999999999999,-17.457603123722091,-989.00099999999998
2149,70,355,11,-0.23333333333333334,-13.49339882155169,-869.154
2149,70,355,12,-0.16666666666666666,-9.5940682268604611,-432.24000000000001
2149,70,355,13,-0.10000000000000001,-5.7391704772667866,-226.74100000000001
2149,70,355,14,-0.033333333333333333,-1.9102131717099304,-124.45
2149,70,355,15,0.033333333333333333,1.9102131717099304,-17.466000000000001
2149,70,355,16,0.10000000000000001,5.7391704772667866,85.254999999999995
2149,70,355,17,0.16666666666666666,9.5940682268604611,288.04199999999997
2149,70,355,18,0.23333333333333334,13.49339882155169,538.39400000000001
2149,70,355,19,0.29999999999999999,17.457603123722091,545.27200000000005
2149,70,355,20,0.36666666666666664,21.510188266887482,296.012
2149,70,355,21,0.43333333333333335,25.679288619456855,42.639000000000003
2149,70,355,22,0.5,29.999999999999996,-27.093
2149,70,355,23,0.56666666666666665,34.518107841061259,-33.941000000000003
2149,70,355,24,0.6333333333333333,39.296480239187503,-34.235999999999997
2149,70,355,25,0.69999999999999996,44.427004000805702,-35.055999999999997
2149,70,355,26,0.76666666666666672,50.055494810185124,-18.850000000000001
2149,70,355,27,0.83333333333333337,56.442690238079287,-3.2709999999999999
2149,70,355,28,0.90000000000000002,64.158067236832878,9.1639999999999997
2149,70,355,29,0.96666666666666667,75.164888418024262,22.161999999999999
2149,71,360,0,-0.96666666666666667,-75.164888418024262,12.613
2149,71,360,1,-0.90000000000000002,-64.158067236832878,-17.334
2149,71,360,2,-0.83333333333333337,-56.442690238079287,-47.606000000000002
2149,71,360,3,-0.76666666666666672,-50.055494810185124,-84.021000000000001
2149,71,360,4,-0.69999999999999996,-44.427004000805702,-134.25999999999999
2149,71,360,5,-0.6333333333333333,-39.296480239187503,-141.922
2149,71,360,6,-0.56666666666666665,-34.518107841061259,-42.569000000000003
2149,71,360,7,-0.5,-29.999999999999996,89.611000000000004
2149,71,360,8,-0.43333333333333335,-25.679288619456855,72.090999999999994
2149,71,360,9,-0.36666666666666664,-21.510188266887482,-40.951000000000001
2149,71,360,10,-0.29999999999999999,-17.457603123722091,-99.849999999999994
2149,71,360,11,-0.23333333333333334,-13.49339882155169,-144.768
2149,71,360,12,-0.16666666666666666,-9.5940682268604611,-225.476
2149,71,360,13,-0.10000000000000001,-5.7391704772667866,-223.50999999999999
2149,71,360,14,-0.033333333333333333,-1.9102131717099304,-132.06100000000001
2149,71,360,15,0.033333333333333333,1.9102131717099304,9.3140000000000001
2149,71,360,16,0.10000000000000001,5.7391704772667866,84.638999999999996
2149,71,360,17,0.16666666666666666,9.5940682268604611,88.361999999999995
2149,71,360,18,0.23333333333333334,13.49339882155169,90.896000000000001
2149,71,360,19,0.29999999999999999,17.457603123722091,87.456000000000003
2149,71,360,20,0.36666666666666664,21.510188266887482,74.966999999999999
2149,71,360,21,0.43333333333333335,25.679288619456855,17.376999999999999
2149,71,360,22,0.5,29.999999999999996,-17.526
2149,71,360,23,0.56666666666666665,34.518107841061259,-28.510000000000002
2149,71,360,24,0.6333333333333333,39.296480239187503,-29.245999999999999
2149,71,360,25,0.69999999999999996,44.427004000805702,-28.129000000000001
2149,71,360,26,0.76666666666666672,50.055494810185124,-17.893000000000001
2149,71,360,27,0.83333333333333337,56.442690238079287,-6.2770000000000001
2149,71,360,28,0.90000000000000002,64.158067236832878,4.8410000000000002
2149,71,360,29,0.96666666666666667,75.164888418024262,16.414000000000001
1917,0,5,0,-0.96666666666666667,-75.164888418024262,-67.519000000000005
1917,0,5,1,-0.90000000000000002,-64.158067236832878,-54.228000000000002
1917,0,5,2,-0.83333333333333337,-56.442690238079287,-44.392000000000003
1917,0,5,3,-0.76666666666666672,-50.055494810185124,-35.058
1917,0,5,4,-0.69999999999999996,-44.427004000805702,-16.667999999999999
1917,0,5,5,-0.6333333333333333,-39.296480239187503,-0.53900000000000003
1917,0,5,6,-0.56666666666666665,-34.518107841061259,-5.7779999999999996
1917,0,5,7,-0.5,-29.999999999999996,-35.011000000000003
1917,0,5,8,-0.43333333333333335,-25.679288619456855,-57.247
1917,0,5,9,-0.36666666666666664,-21.510188266887482,-43.185000000000002
1917,0,5,10,-0.29999999999999999,-17.457603123722091,-13.673999999999999
1917,0,5,11,-0.23333333333333334,-13.49339882155169,0.53200000000000003
1917,0,5,12,-0.16666666666666666,-9.5940682268604611,-15.694000000000001
1917,0,5,13,-0.10000000000000001,-5.7391704772667866,-55.258000000000003
1917,0,5,14,-0.033333333333333333,-1.9102131717099304,-56.954000000000001
1917,0,5,15,0.033333333333333333,1.9102131717099304,-9.0760000000000005
1917,0,5,16,0.10000000000000001,5.7391704772667866,43.840000000000003
1917,0,5,17,0.16666666666666666,9.5940682268604611,47.570999999999998
1917,0,5,18,0.23333333333333334,13.49339882155169,25.742000000000001
1917,0,5,19,0.29999999999999999,17.457603123722091,17.527999999999999
1917,0,5,20,0.36666666666666664,21.510188266887482,24.867000000000001
1917,0,5,21,0.43333333333333335,25.679288619456855,37.807000000000002
1917,0,5,22,0.5,29.999999999999996,49.732999999999997
1917,0,5,23,0.56666666666666665,34.518107841061259,60.594999999999999
1917,0,5,24,0.6333333333333333,39.296480239187503,69.572000000000003
1917,0,5,25,0.69999999999999996,44.427004000805702,74.927000000000007
1917,0,5,26,0.76666666666666672,50.055494810185124,72.960999999999999
1917,0,5,27,0.83333333333333337,56.442690238079287,70.263000000000005
1917,0,5,28,0.90000000000000002,64.158067236832878,72.974999999999994
1917,0,5,29,0.96666666666666667,75.164888418024262,78.849999999999994
1917,1,10,0,-0.96666666666666667,-75.164888418024262,-74.697000000000003
1917,1,10,1,-0.90000000000000002,-64.158067236832878,-46.853999999999999
1917,1,10,2,-0.83333333333333337,-56.442690238079287,-22.344000000000001
1917,1,10,3,-0.76666666666666672,-50.055494810185124,-3.4119999999999999
1917,1,10,4,-0.69999999999999996,-44.427004000805702,8.6890000000000001
1917,1,10,5,-0.6333333333333333,-39.296480239187503,15.051
1917,1,10,6,-0.56666666666666665,-34.518107841061259,22.055
1917,1,10,7,-0.5,-29.999999999999996,40.700000000000003
1917,1,10,8,-0.43333333333333335,-25.679288619456855,54.125
1917,1,10,9,-0.36666666666666664,-21.510188266887482,55.371000000000002
1917,1,10,10,-0.29999999999999999,-17.457603123722091,39.081000000000003
1917,1,10,11,-0.23333333333333334,-13.49339882155169,30.382000000000001
1917,1,10,12,-0.16666666666666666,-9.5940682268604611,9.1229999999999993
1917,1,10,13,-0.10000000000000001,-5.7391704772667866,-36.460999999999999
1917,1,10,14,-0.033333333333333333,-1.9102131717099304,-40.628999999999998
1917,1,10,15,0.033333333333333333,1.9102131717099304,8.8439999999999994
1917,1,10,16,0.10000000000000001,5.7391704772667866,53.654000000000003
1917,1,10,17,0.16666666666666666,9.5940682268604611,57.014000000000003
1917,1,10,18,0.23333333333333334,13.49339882155169,37.948
1917,1,10,19,0.29999999999999999,17.457603123722091,29.484999999999999
1917,1,10,20,0.36666666666666664,21.510188266887482,34.573
1917,1,10,21,0.43333333333333335,25.679288619456855,48.667999999999999
1917,1,10,22,0.5,29.999999999999996,61.212000000000003
1917,1,10,23,0.56666666666666665,34.518107841061259,72.522000000000006
1917,1,10,24,0.6333333333333333,39.296480239187503,84.438000000000002
1917,1,10,25,0.69999999999999996,44.427004000805702,88.632999999999996
1917,1,10,26,0.76666666666666672,50.055494810185124,83.228999999999999
1917,1,10,27,0.83333333333333337,56.442690238079287,75.150000000000006
1917,1,10,28,0.90000000000000002,64.158067236832878,72.305000000000007
1917,1,10,29,0.96666666666666667,75.164888418024262,74.186000000000007
1917,2,15,0,-0.96666666666666667,-75.164888418024262,-108.81100000000001
1917,2,15,1,-0.90000000000000002,-64.158067236832878,-70.882000000000005
1917,2,15,2,-0.83333333333333337,-56.442690238079287,-34.225000000000001
1917,2,15,3,-0.76666666666666672,-50.055494810185124,-10.103
1917,2,15,4,-0.69999999999999996,-44.427004000805702,-8.9290000000000003
1917,2,15,5,-0.6333333333333333,-39.296480239187503,-14.351000000000001
1917,2,15,6,-0.56666666666666665,-34.518107841061259,-4.5199999999999996
1917,2,15,7,-0.5,-29.999999999999996,28.402000000000001
1917,2,15,8,-0.43333333333333335,-25.679288619456855,50.942
1917,2,15,9,-0.36666666666666664,-21.510188266887482,62.344000000000001
1917,2,15,10,-0.29999999999999999,-17.457603123722091,71.885999999999996
1917,2,15,11,-0.23333333333333334,-13.49339882155169,74.899000000000001
1917,2,15,12,-0.16666666666666666,-9.5940682268604611,59.280000000000001
1917,2,15,13,-0.10000000000000001,-5.7391704772667866,36.546999999999997
1917,2,15,14,-0.033333333333333333,-1.9102131717099304,33.976999999999997
1917,2,15,15,0.033333333333333333,1.9102131717099304,39.978000000000002
1917,2,15,16,0.10000000000000001,5.7391704772667866,42.786000000000001
1917,2,15,17,0.16666666666666666,9.5940682268604611,38.223999999999997
1917,2,15,18,0.23333333333333334,13.49339882155169,10.372
1917,2,15,19,0.29999999999999999,17.457603123722091,-5.548
1917,2,15,20,0.36666666666666664,21.510188266887482,7.9359999999999999
1917,2,15,21,0.43333333333333335,25.679288619456855,50.988999999999997
1917,2,15,22,0.5,29.999999999999996,75.414000000000001
1917,2,15,23,0.56666666666666665,34.518107841061259,80.302999999999997
1917,2,15,24,0.6333333333333333,39.296480239187503,80.435000000000002
1917,2,15,25,0.69999999999999996,44.427004000805702,82.349999999999994
1917,2,15,26,0.76666666666666672,50.055494810185124,82.495000000000005
1917,2,15,27,0.83333333333333337,56.442690238079287,80.061999999999998
1917,2,15,28,0.90000000000000002,64.158067236832878,79.421999999999997
1917,2,15,29,0.96666666666666667,75.164888418024262,80.712000000000003
1917,3,20,0,-0.96666666666666667,-75.164888418024262,-160.06899999999999
1917,3,20,1,-0.90000000000000002,-64.158067236832878,-113.87
1917,3,20,2,-0.83333333333333337,-56.442690238079287,-46.905000000000001
1917,3,20,3,-0.76666666666666672,-50.055494810185124,6.9180000000000001
1917,3,20,4,-0.69999999999999996,-44.427004000805702,0.32300000000000001
1917,3,20,5,-0.6333333333333333,-39.296480239187503,-25.888000000000002
1917,3,20,6,-0.56666666666666665,-34.518107841061259,-21.638999999999999
1917,3,20,7,-0.5,-29.999999999999996,4.5149999999999997
1917,3,20,8,-0.43333333333333335,-25.679288619456855,28.928000000000001
1917,3,20,9,-0.36666666666666664,-21.510188266887482,38.088999999999999
1917,3,20,10,-0.29999999999999999,-17.457603123722091,47.488999999999997
1917,3,20,11,-0.23333333333333334,-13.49339882155169,51.091999999999999
1917,3,20,12,-0.16666666666666666,-9.5940682268604611,49.706000000000003
1917,3,20,13,-0.10000000000000001,-5.7391704772667866,57.912999999999997
1917,3,20,14,-0.033333333333333333,-1.9102131717099304,59.392000000000003
1917,3,20,15,0.033333333333333333,1.9102131717099304,43.048000000000002
1917,3,20,16,0.10000000000000001,5.7391704772667866,32.942999999999998
1917,3,20,17,0.16666666666666666,9.5940682268604611,27.774000000000001
1917,3,20,18,0.23333333333333334,13.49339882155169,-2.9300000000000002
1917,3,20,19,0.29999999999999999,17.457603123722091,-23.419
1917,3,20,20,0.36666666666666664,21.510188266887482,-7.6299999999999999
1917,3,20,21,0.43333333333333335,25.679288619456855,29.265999999999998
1917,3,20,22,0.5,29.999999999999996,43.997999999999998
1917,3,20,23,0.56666666666666665,34.518107841061259,57.174999999999997
1917,3,20,24,0.6333333333333333,39.296480239187503,69.058000000000007
1917,3,20,25,0.69999999999999996,44.427004000805702,74.385000000000005
1917,3,20,26,0.76666666666666672,50.055494810185124,80.915000000000006
1917,3,20,27,0.83333333333333337,56.442690238079287,88.676000000000002
1917,3,20,28,0.90000000000000002,64.158067236832878,93.709000000000003
1917,3,20,29,0.96666666666666667,75.164888418024262,97.171000000000006
1917,4,25,0,-0.96666666666666667,-75.164888418024262,-147.53100000000001
1917,4,25,1,-0.90000000000000002,-64.158067236832878,-93.718999999999994
1917,4,25,2,-0.83333333333333337,-56.442690238079287,-13.006
1917,4,25,3,-0.76666666666666672,-50.055494810185124,46.420000000000002
1917,4,25,4,-0.69999999999999996,-44.427004000805702,33.951999999999998
1917,4,25,5,-0.6333333333333333,-39.296480239187503,-3.5979999999999999
1917,4,25,6,-0.56666666666666665,-34.518107841061259,-6.726
1917,4,25,7,-0.5,-29.999999999999996,-8.2739999999999991
1917,4,25,8,-0.43333333333333335,-25.679288619456855,-7.8710000000000004
1917,4,25,9,-0.36666666666666664,-21.510188266887482,0.040000000000000001
1917,4,25,10,-0.29999999999999999,-17.457603123722091,10.997999999999999
1917,4,25,11,-0.23333333333333334,-13.49339882155169,14.571999999999999
1917,4,25,12,-0.16666666666666666,-9.5940682268604611,18.140000000000001
1917,4,25,13,-0.10000000000000001,-5.7391704772667866,19.786999999999999
1917,4,25,14,-0.033333333333333333,-1.9102131717099304,25.241
1917,4,25,15,0.033333333333333333,1.9102131717099304,51.448999999999998
1917,4,25,16,0.10000000000000001,5.7391704772667866,85.504999999999995
1917,4,25,17,0.16666666666666666,9.5940682268604611,82.602000000000004
1917,4,25,18,0.23333333333333334,13.49339882155169,54.255000000000003
1917,4,25,19,0.29999999999999999,17.457603123722091,44.424999999999997
1917,4,25,20,0.36666666666666664,21.510188266887482,45.582000000000001
1917,4,25,21,0.43333333333333335,25.679288619456855,52.817
1917,4,25,22,0.5,29.999999999999996,59.222999999999999
1917,4,25,23,0.56666666666666665,34.518107841061259,58.317999999999998
1917,4,25,24,0.6333333333333333,39.296480239187503,49.875999999999998
1917,4,25,25,0.69999999999999996,44.427004000805702,51.604999999999997
1917,4,25,26,0.76666666666666672,50.055494810185124,65.927999999999997
1917,4,25,27,0.83333333333333337,56.442690238079287,85.254999999999995
1917,4,25,28,0.90000000000000002,64.158067236832878,93.757000000000005
1917,4,25,29,0.96666666666666667,75.164888418024262,94.900000000000006
1917,5,30,0,-0.96666666666666667,-75.164888418024262,-127.14400000000001
1917,5,30,1,-0.90000000000000002,-64.158067236832878,-78.135000000000005
1917,5,30,2,-0.83333333333333337,-56.442690238079287,-32.417000000000002
1917,5,30,3,-0.76666666666666672,-50.055494810185124,-0.23599999999999999
1917,5,30,4,-0.69999999999999996,-44.427004000805702,3.1110000000000002
1917,5,30,5,-0.6333333333333333,-39.296480239187503,-5.4160000000000004
1917,5,30,6,-0.56666666666666665,-34.518107841061259,-3.883
1917,5,30,7,-0.5,-29.999999999999996,-0.96199999999999997
1917,5,30,8,-0.43333333333333335,-25.679288619456855,5.2469999999999999
1917,5,30,9,-0.36666666666666664,-21.510188266887482,11.422000000000001
1917,5,30,10,-0.29999999999999999,-17.457603123722091,25.125
1917,5,30,11,-0.23333333333333334,-13.49339882155169,34.537999999999997
1917,5,30,12,-0.16666666666666666,-9.5940682268604611,20.355
1917,5,30,13,-0.10000000000000001,-5.7391704772667866,-3.2789999999999999
1917,5,30,14,-0.033333333333333333,-1.9102131717099304,-3.7269999999999999
1917,5,30,15,0.033333333333333333,1.9102131717099304,16.077000000000002
1917,5,30,16,0.10000000000000001,5.7391704772667866,25.696999999999999
1917,5,30,17,0.16666666666666666,9.5940682268604611,38.158999999999999
1917,5,30,18,0.23333333333333334,13.49339882155169,66.930999999999997
1917,5,30,19,0.29999999999999999,17.457603123722091,80.290999999999997
1917,5,30,20,0.36666666666666664,21.510188266887482,75.274000000000001
1917,5,30,21,0.43333333333333335,25.679288619456855,52.017000000000003
1917,5,30,22,0.5,29.999999999999996,41.414999999999999
1917,5,30,23,0.56666666666666665,34.518107841061259,43.402000000000001
1917,5,30,24,0.6333333333333333,39.296480239187503,43.731000000000002
1917,5,30,25,0.69999999999999996,44.427004000805702,47.488
1917,5,30,26,0.76666666666666672,50.055494810185124,58.595999999999997
1917,5,30,27,0.83333333333333337,56.442690238079287,72.902000000000001
1917,5,30,28,0.90000000000000002,64.158067236832878,83.924999999999997
1917,5,30,29,0.96666666666666667,75.164888418024262,93.275000000000006
1917,6,35,0,-0.96666666666666667,-75.164888418024262,-115.044
1917,6,35,1,-0.90000000000000002,-64.158067236832878,-78.926000000000002
1917,6,35,2,-0.83333333333333337,-56.442690238079287,-47.146999999999998
1917,6,35,3,-0.76666666666666672,-50.055494810185124,-20.428000000000001
1917,6,35,4,-0.69999999999999996,-44.427004000805702,-9.5540000000000003
1917,6,35,5,-0.6333333333333333,-39.296480239187503,-6.6710000000000003
1917,6,35,6,-0.56666666666666665,-34.518107841061259,0.72899999999999998
1917,6,35,7,-0.5,-29.999999999999996,12.131
1917,6,35,8,-0.43333333333333335,-25.679288619456855,23.498999999999999
1917,6,35,9,-0.36666666666666664,-21.510188266887482,27.850999999999999
1917,6,35,10,-0.29999999999999999,-17.457603123722091,26.446999999999999
1917,6,35,11,-0.23333333333333334,-13.49339882155169,26.292000000000002
1917,6,35,12,-0.16666666666666666,-9.5940682268604611,30.158000000000001
1917,6,35,13,-0.10000000000000001,-5.7391704772667866,37.127000000000002
1917,6,35,14,-0.033333333333333333,-1.9102131717099304,38.853000000000002
1917,6,35,15,0.033333333333333333,1.9102131717099304,28.289999999999999
1917,6,35,16,0.10000000000000001,5.7391704772667866,27.734999999999999
1917,6,35,17,0.16666666666666666,9.5940682268604611,38.408000000000001
1917,6,35,18,0.23333333333333334,13.49339882155169,72.855000000000004
1917,6,35,19,0.29999999999999999,17.457603123722091,95.525999999999996
1917,6,35,20,0.36666666666666664,21.510188266887482,89.566000000000003
1917,6,35,21,0.43333333333333335,25.679288619456855,66.033000000000001
1917,6,35,22,0.5,29.999999999999996,55.570999999999998
1917,6,35,23,0.56666666666666665,34.518107841061259,55.146000000000001
1917,6,35,24,0.6333333333333333,39.296480239187503,56.673000000000002
1917,6,35,25,0.69999999999999996,44.427004000805702,59.716000000000001
1917,6,35,26,0.76666666666666672,50.055494810185124,59.683
1917,6,35,27,0.83333333333333337,56.442690238079287,59.085000000000001
1917,6,35,28,0.90000000000000002,64.158067236832878,68.302000000000007
1917,6,35,29,0.96666666666666667,75.164888418024262,84.810000000000002
1917,7,40,0,-0.96666666666666667,-75.164888418024262,-120.31999999999999
1917,7,40,1,-0.90000000000000002,-64.158067236832878,-91.683999999999997
1917,7,40,2,-0.83333333333333337,-56.442690238079287,-71.260000000000005
1917,7,40,3,-0.76666666666666672,-50.055494810185124,-52.500999999999998
1917,7,40,4,-0.69999999999999996,-44.427004000805702,-28.399000000000001
1917,7,40,5,-0.6333333333333333,-39.296480239187503,4.5739999999999998
1917,7,40,6,-0.56666666666666665,-34.518107841061259,20.093
1917,7,40,7,-0.5,-29.999999999999996,23.102
1917,7,40,8,-0.43333333333333335,-25.679288619456855,24.981000000000002
1917,7,40,9,-0.36666666666666664,-21.510188266887482,31.274999999999999
1917,7,40,10,-0.29999999999999999,-17.457603123722091,38.453000000000003
1917,7,40,11,-0.23333333333333334,-13.49339882155169,42.902000000000001
1917,7,40,12,-0.16666666666666666,-9.5940682268604611,41.637
1917,7,40,13,-0.10000000000000001,-5.7391704772667866,36.865000000000002
1917,7,40,14,-0.033333333333333333,-1.9102131717099304,33.799999999999997
1917,7,40,15,0.033333333333333333,1.9102131717099304,27.713000000000001
1917,7,40,16,0.10000000000000001,5.7391704772667866,20.751000000000001
1917,7,40,17,0.16666666666666666,9.5940682268604611,25.504000000000001
1917,7,40,18,0.23333333333333334,13.49339882155169,41.899000000000001
1917,7,40,19,0.29999999999999999,17.457603123722091,49.746000000000002
1917,7,40,20,0.36666666666666664,21.510188266887482,49.503
1917,7,40,21,0.43333333333333335,25.679288619456855,38.307000000000002
1917,7,40,22,0.5,29.999999999999996,34.289999999999999
1917,7,40,23,0.56666666666666665,34.518107841061259,47.787999999999997
1917,7,40,24,0.6333333333333333,39.296480239187503,73.533000000000001
1917,7,40,25,0.69999999999999996,44.427004000805702,83.864000000000004
1917,7,40,26,0.76666666666666672,50.055494810185124,79.183999999999997
1917,7,40,27,0.83333333333333337,56.442690238079287,69.129000000000005
1917,7,40,28,0.90000000000000002,64.158067236832878,71.602000000000004
1917,7,40,29,0.96666666666666667,75.164888418024262,88.998999999999995
1917,8,45,0,-0.96666666666666667,-75.164888418024262,-163.72999999999999
1917,8,45,1,-0.90000000000000002,-64.158067236832878,-129.19800000000001
1917,8,45,2,-0.83333333333333337,-56.442690238079287,-83.709999999999994
1917,8,45,3,-0.76666666666666672,-50.055494810185124,-37.460000000000001
1917,8,45,4,-0.69999999999999996,-44.427004000805702,-12.999000000000001
1917,8,45,5,-0.6333333333333333,-39.296480239187503,4.8150000000000004
1917,8,45,6,-0.56666666666666665,-34.518107841061259,15.17
1917,8,45,7,-0.5,-29.999999999999996,14.689
1917,8,45,8,-0.43333333333333335,-25.679288619456855,17.056000000000001
1917,8,45,9,-0.36666666666666664,-21.510188266887482,26.765000000000001
1917,8,45,10,-0.29999999999999999,-17.457603123722091,42.545999999999999
1917,8,45,11,-0.23333333333333334,-13.49339882155169,50.866
1917,8,45,12,-0.16666666666666666,-9.5940682268604611,49.051000000000002
1917,8,45,13,-0.10000000000000001,-5.7391704772667866,42.695
1917,8,45,14,-0.033333333333333333,-1.9102131717099304,37.563000000000002
1917,8,45,15,0.033333333333333333,1.9102131717099304,25.498999999999999
1917,8,45,16,0.10000000000000001,5.7391704772667866,13.523
1917,8,45,17,0.16666666666666666,9.5940682268604611,10.151999999999999
1917,8,45,18,0.23333333333333334,13.49339882155169,6.5579999999999998
1917,8,45,19,0.29999999999999999,17.457603123722091,2.8700000000000001
1917,8,45,20,0.36666666666666664,21.510188266887482,0.38900000000000001
1917,8,45,21,0.43333333333333335,25.679288619456855,-2.5289999999999999
1917,8,45,22,0.5,29.999999999999996,1.5589999999999999
1917,8,45,23,0.56666666666666665,34.518107841061259,16.937000000000001
1917,8,45,24,0.6333333333333333,39.296480239187503,45.741999999999997
1917,8,45,25,0.69999999999999996,44.427004000805702,65.856999999999999
1917,8,45,26,0.76666666666666672,50.055494810185124,81.504000000000005
1917,8,45,27,0.83333333333333337,56.442690238079287,93.712000000000003
1917,8,45,28,0.90000000000000002,64.158067236832878,101.30500000000001
1917,8,45,29,0.96666666666666667,75.164888418024262,106.25700000000001
1917,9,50,0,-0.96666666666666667,-75.164888418024262,-186.81100000000001
1917,9,50,1,-0.90000000000000002,-64.158067236832878,-126.21299999999999
1917,9,50,2,-0.83333333333333337,-56.442690238079287,-54.68
1917,9,50,3,-0.76666666666666672,-50.055494810185124,-1.4299999999999999
1917,9,50,4,-0.69999999999999996,-44.427004000805702,-0.36199999999999999
1917,9,50,5,-0.6333333333333333,-39.296480239187503,-20.209
1917,9,50,6,-0.56666666666666665,-34.518107841061259,-17.783000000000001
1917,9,50,7,-0.5,-29.999999999999996,-7.8419999999999996
1917,9,50,8,-0.43333333333333335,-25.679288619456855,1.3979999999999999
1917,9,50,9,-0.36666666666666664,-21.510188266887482,15.446999999999999
1917,9,50,10,-0.29999999999999999,-17.457603123722091,43.255000000000003
1917,9,50,11,-0.23333333333333334,-13.49339882155169,59.244
1917,9,50,12,-0.16666666666666666,-9.5940682268604611,55.307000000000002
1917,9,50,13,-0.10000000000000001,-5.7391704772667866,43.140000000000001
1917,9,50,14,-0.033333333333333333,-1.9102131717099304,36.954000000000001
1917,9,50,15,0.033333333333333333,1.9102131717099304,32.030000000000001
1917,9,50,16,0.10000000000000001,5.7391704772667866,26.966999999999999
1917,9,50,17,0.16666666666666666,9.5940682268604611,19.366
1917,9,50,18,0.23333333333333334,13.49339882155169,8.2910000000000004
1917,9,50,19,0.29999999999999999,17.457603123722091,1.2090000000000001
1917,9,50,20,0.36666666666666664,21.510188266887482,-7.1639999999999997
1917,9,50,21,0.43333333333333335,25.679288619456855,-27.719999999999999
1917,9,50,22,0.5,29.999999999999996,-30.875
1917,9,50,23,0.56666666666666665,34.518107841061259,-6.649
1917,9,50,24,0.6333333333333333,39.296480239187503,35.322000000000003
1917,9,50,25,0.69999999999999996,44.427004000805702,61.386000000000003
1917,9,50,26,0.76666666666666672,50.055494810185124,84.593999999999994
1917,9,50,27,0.83333333333333337,56.442690238079287,105.23099999999999
1917,9,50,28,0.90000000000000002,64.158067236832878,115.337
1917,9,50,29,0.96666666666666667,75.164888418024262,117.26000000000001
1917,10,55,0,-0.96666666666666667,-75.164888418024262,-228.76900000000001
1917,10,55,1,-0.90000000000000002,-64.158067236832878,-152.40000000000001
1917,10,55,2,-0.83333333333333337,-56.442690238079287,-61.143999999999998
1917,10,55,3,-0.76666666666666672,-50.055494810185124,14.986000000000001
1917,10,55,4,-0.69999999999999996,-44.427004000805702,22.748999999999999
1917,10,55,5,-0.6333333333333333,-39.296480239187503,-2.9550000000000001
1917,10,55,6,-0.56666666666666665,-34.518107841061259,-4.4850000000000003
1917,10,55,7,-0.5,-29.999999999999996,-1.0109999999999999
1917,10,55,8,-0.43333333333333335,-25.679288619456855,8.2789999999999999
1917,10,55,9,-0.36666666666666664,-21.510188266887482,17.902000000000001
1917,10,55,10,-0.29999999999999999,-17.457603123722091,30.489999999999998
1917,10,55,11,-0.23333333333333334,-13.49339882155169,40.173999999999999
1917,10,55,12,-0.16666666666666666,-9.5940682268604611,43.960000000000001
1917,10,55,13,-0.10000000000000001,-5.7391704772667866,50.515999999999998
1917,10,55,14,-0.033333333333333333,-1.9102131717099304,49.357999999999997
1917,10,55,15,0.033333333333333333,1.9102131717099304,36.667999999999999
1917,10,55,16,0.10000000000000001,5.7391704772667866,20.193999999999999
1917,10,55,17,0.16666666666666666,9.5940682268604611,12.332000000000001
1917,10,55,18,0.23333333333333334,13.49339882155169,10.368
1917,10,55,19,0.29999999999999999,17.457603123722091,8.4339999999999993
1917,10,55,20,0.36666666666666664,21.510188266887482,2.7879999999999998
1917,10,55,21,0.43333333333333335,25.679288619456855,-4.9779999999999998
1917,10,55,22,0.5,29.999999999999996,-1.012
1917,10,55,23,0.56666666666666665,34.518107841061259,17.766999999999999
1917,10,55,24,0.6333333333333333,39.296480239187503,49.973999999999997
1917,10,55,25,0.69999999999999996,44.427004000805702,74.674000000000007
1917,10,55,26,0.76666666666666672,50.055494810185124,97.575999999999993
1917,10,55,27,0.83333333333333337,56.442690238079287,117.075
1917,10,55,28,0.90000000000000002,64.158067236832878,126.687
1917,10,55,29,0.96666666666666667,75.164888418024262,126.63500000000001
1917,11,60,0,-0.96666666666666667,-75.164888418024262,-225.523
1917,11,60,1,-0.90000000000000002,-64.158067236832878,-161.53100000000001
1917,11,60,2,-0.83333333333333337,-56.442690238079287,-82.424000000000007
1917,11,60,3,-0.76666666666666672,-50.055494810185124,-8.2590000000000003
1917,11,60,4,-0.69999999999999996,-44.427004000805702,10.811999999999999
1917,11,60,5,-0.6333333333333333,-39.296480239187503,15.638999999999999
1917,11,60,6,-0.56666666666666665,-34.518107841061259,22.937000000000001
1917,11,60,7,-0.5,-29.999999999999996,14.367000000000001
1917,11,60,8,-0.43333333333333335,-25.679288619456855,7.0170000000000003
1917,11,60,9,-0.36666666666666664,-21.510188266887482,14.506
1917,11,60,10,-0.29999999999999999,-17.457603123722091,26.190000000000001
1917,11,60,11,-0.23333333333333334,-13.49339882155169,31.283999999999999
1917,11,60,12,-0.16666666666666666,-9.5940682268604611,41.079000000000001
1917,11,60,13,-0.10000000000000001,-5.7391704772667866,56.439
1917,11,60,14,-0.033333333333333333,-1.9102131717099304,54.590000000000003
1917,11,60,15,0.033333333333333333,1.9102131717099304,37.570999999999998
1917,11,60,16,0.10000000000000001,5.7391704772667866,20.690999999999999
1917,11,60,17,0.16666666666666666,9.5940682268604611,13.593
1917,11,60,18,0.23333333333333334,13.49339882155169,9.6940000000000008
1917,11,60,19,0.29999999999999999,17.457603123722091,5.6660000000000004
1917,11,60,20,0.36666666666666664,21.510188266887482,4.0380000000000003
1917,11,60,21,0.43333333333333335,25.679288619456855,1.907
1917,11,60,22,0.5,29.999999999999996,3.4260000000000002
1917,11,60,23,0.56666666666666665,34.518107841061259,18.986000000000001
1917,11,60,24,0.6333333333333333,39.296480239187503,45.701000000000001
1917,11,60,25,0.69999999999999996,44.427004000805702,63.738
1917,11,60,26,0.76666666666666672,50.055494810185124,78.882000000000005
1917,11,60,27,0.83333333333333337,56.442690238079287,90.623000000000005
1917,11,60,28,0.90000000000000002,64.158067236832878,92.878
1917,11,60,29,0.96666666666666667,75.164888418024262,87.540999999999997
1917,12,65,0,-0.96666666666666667,-75.164888418024262,-191.881
1917,12,65,1,-0.90000000000000002,-64.158067236832878,-145.36699999999999
1917,12,65,2,-0.83333333333333337,-56.442690238079287,-89.004000000000005
1917,12,65,3,-0.76666666666666672,-50.055494810185124,-29.562000000000001
1917,12,65,4,-0.69999999999999996,-44.427004000805702,-8.4320000000000004
1917,12,65,5,-0.6333333333333333,-39.296480239187503,-5.508
1917,12,65,6,-0.56666666666666665,-34.518107841061259,-0.45100000000000001
1917,12,65,7,-0.5,-29.999999999999996,5.4379999999999997
1917,12,65,8,-0.43333333333333335,-25.679288619456855,14.858000000000001
1917,12,65,9,-0.36666666666666664,-21.510188266887482,31.187999999999999
1917,12,65,10,-0.29999999999999999,-17.457603123722091,66.510000000000005
1917,12,65,11,-0.23333333333333334,-13.49339882155169,87.019999999999996
1917,12,65,12,-0.16666666666666666,-9.5940682268604611,76.959000000000003
1917,12,65,13,-0.10000000000000001,-5.7391704772667866,45.783999999999999
1917,12,65,14,-0.033333333333333333,-1.9102131717099304,33.872
1917,12,65,15,0.033333333333333333,1.9102131717099304,23.603999999999999
1917,12,65,16,0.10000000000000001,5.7391704772667866,12.800000000000001
1917,12,65,17,0.16666666666666666,9.5940682268604611,9.2690000000000001
1917,12,65,18,0.23333333333333334,13.49339882155169,15.244999999999999
1917,12,65,19,0.29999999999999999,17.457603123722091,17.199999999999999
1917,12,65,20,0.36666666666666664,21.510188266887482,10.929
1917,12,65,21,0.43333333333333335,25.679288619456855,-5.9889999999999999
1917,12,65,22,0.5,29.999999999999996,-11.92
1917,12,65,23,0.56666666666666665,34.518107841061259,4.0910000000000002
1917,12,65,24,0.6333333333333333,39.296480239187503,35.186
1917,12,65,25,0.69999999999999996,44.427004000805702,49.301000000000002
1917,12,65,26,0.76666666666666672,50.055494810185124,44.878999999999998
1917,12,65,27,0.83333333333333337,56.442690238079287,37.133000000000003
1917,12,65,28,0.90000000000000002,64.158067236832878,32.281999999999996
1917,12,65,29,0.96666666666666667,75.164888418024262,25.074999999999999
1917,13,70,0,-0.96666666666666667,-75.164888418024262,-141.03
1917,13,70,1,-0.90000000000000002,-64.158067236832878,-94.923000000000002
1917,13,70,2,-0.83333333333333337,-56.442690238079287,-46.512
1917,13,70,3,-0.76666666666666672,-50.055494810185124,3.2759999999999998
1917,13,70,4,-0.69999999999999996,-44.427004000805702,22.238
1917,13,70,5,-0.6333333333333333,-39.296480239187503,3.9489999999999998
1917,13,70,6,-0.56666666666666665,-34.518107841061259,1.4059999999999999
1917,13,70,7,-0.5,-29.999999999999996,10.029999999999999
1917,13,70,8,-0.43333333333333335,-25.679288619456855,16.763999999999999
1917,13,70,9,-0.36666666666666664,-21.510188266887482,23.533999999999999
1917,13,70,10,-0.29999999999999999,-17.457603123722091,46.082000000000001
1917,13,70,11,-0.23333333333333334,-13.49339882155169,61.773000000000003
1917,13,70,12,-0.16666666666666666,-9.5940682268604611,56.122
1917,13,70,13,-0.10000000000000001,-5.7391704772667866,30.896999999999998
1917,13,70,14,-0.033333333333333333,-1.9102131717099304,17.832000000000001
1917,13,70,15,0.033333333333333333,1.9102131717099304,23.638999999999999
1917,13,70,16,0.10000000000000001,5.7391704772667866,38.398000000000003
1917,13,70,17,0.16666666666666666,9.5940682268604611,37.277999999999999
1917,13,70,18,0.23333333333333334,13.49339882155169,26.792999999999999
1917,13,70,19,0.29999999999999999,17.457603123722091,17.562000000000001
1917,13,70,20,0.36666666666666664,21.510188266887482,9.8460000000000001
1917,13,70,21,0.43333333333333335,25.679288619456855,-8.1470000000000002
1917,13,70,22,0.5,29.999999999999996,-15.268000000000001
1917,13,70,23,0.56666666666666665,34.518107841061259,-0.094
1917,13,70,24,0.6333333333333333,39.296480239187503,28.882000000000001
1917,13,70,25,0.69999999999999996,44.427004000805702,34.637
1917,13,70,26,0.76666666666666672,50.055494810185124,9.0370000000000008
1917,13,70,27,0.83333333333333337,56.442690238079287,-9.4160000000000004
1917,13,70,28,0.90000000000000002,64.158067236832878,-6.4429999999999996
1917,13,70,29,0.96666666666666667,75.164888418024262,15.147
1917,14,75,0,-0.96666666666666667,-75.164888418024262,-107.661
1917,14,75,1,-0.90000000000000002,-64.158067236832878,-43.520000000000003
1917,14,75,2,-0.83333333333333337,-56.442690238079287,5.367
1917,14,75,3,-0.76666666666666672,-50.055494810185124,35.487000000000002
1917,14,75,4,-0.69999999999999996,-44.427004000805702,51.003
1917,14,75,5,-0.6333333333333333,-39.296480239187503,51.067
1917,14,75,6,-0.56666666666666665,-34.518107841061259,46.988999999999997
1917,14,75,7,-0.5,-29.999999999999996,31.175999999999998
1917,14,75,8,-0.43333333333333335,-25.679288619456855,9.2650000000000006
1917,14,75,9,-0.36666666666666664,-21.510188266887482,7.4470000000000001
1917,14,75,10,-0.29999999999999999,-17.457603123722091,14.685
1917,14,75,11,-0.23333333333333334,-13.49339882155169,20.388999999999999
1917,14,75,12,-0.16666666666666666,-9.5940682268604611,21.135000000000002
1917,14,75,13,-0.10000000000000001,-5.7391704772667866,14.622999999999999
1917,14,75,14,-0.033333333333333333,-1.9102131717099304,12.009
1917,14,75,15,0.033333333333333333,1.9102131717099304,21.273
1917,14,75,16,0.10000000000000001,5.7391704772667866,35.996000000000002
1917,14,75,17,0.16666666666666666,9.5940682268604611,34.191000000000003
1917,14,75,18,0.23333333333333334,13.49339882155169,10.433
1917,14,75,19,0.29999999999999999,17.457603123722091,-15.348000000000001
1917,14,75,20,0.36666666666666664,21.510188266887482,-15.19
1917,14,75,21,0.43333333333333335,25.679288619456855,5.1079999999999997
1917,14,75,22,0.5,29.999999999999996,16.036000000000001
1917,14,75,23,0.56666666666666665,34.518107841061259,22.736999999999998
1917,14,75,24,0.6333333333333333,39.296480239187503,32.537999999999997
1917,14,75,25,0.69999999999999996,44.427004000805702,31.547000000000001
1917,14,75,26,0.76666666666666672,50.055494810185124,9.2959999999999994
1917,14,75,27,0.83333333333333337,56.442690238079287,-22.869
1917,14,75,28,0.90000000000000002,64.158067236832878,-35.811
1917,14,75,29,0.96666666666666667,75.164888418024262,9.7940000000000005
1917,15,80,0,-0.96666666666666667,-75.164888418024262,-137.637
1917,15,80,1,-0.90000000000000002,-64.158067236832878,-89.694000000000003
1917,15,80,2,-0.83333333333333337,-56.442690238079287,-38.987000000000002
1917,15,80,3,-0.76666666666666672,-50.055494810185124,15.583
1917,15,80,4,-0.69999999999999996,-44.427004000805702,54.058999999999997
1917,15,80,5,-0.6333333333333333,-39.296480239187503,74.888999999999996
1917,15,80,6,-0.56666666666666665,-34.518107841061259,78.528999999999996
1917,15,80,7,-0.5,-29.999999999999996,56.552999999999997
1917,15,80,8,-0.43333333333333335,-25.679288619456855,19.013000000000002
1917,15,80,9,-0.36666666666666664,-21.510188266887482,11.336
1917,15,80,10,-0.29999999999999999,-17.457603123722091,37.003999999999998
1917,15,80,11,-0.23333333333333334,-13.49339882155169,54.082000000000001
1917,15,80,12,-0.16666666666666666,-9.5940682268604611,49.164999999999999
1917,15,80,13,-0.10000000000000001,-5.7391704772667866,27.587
1917,15,80,14,-0.033333333333333333,-1.9102131717099304,20.059999999999999
1917,15,80,15,0.033333333333333333,1.9102131717099304,28.48
1917,15,80,16,0.10000000000000001,5.7391704772667866,42.924999999999997
1917,15,80,17,0.16666666666666666,9.5940682268604611,42.975000000000001
1917,15,80,18,0.23333333333333334,13.49339882155169,32.427
1917,15,80,19,0.29999999999999999,17.457603123722091,17.998000000000001
1917,15,80,20,0.36666666666666664,21.510188266887482,9.1359999999999992
1917,15,80,21,0.43333333333333335,25.679288619456855,-0.17899999999999999
1917,15,80,22,0.5,29.999999999999996,-3
1917,15,80,23,0.56666666666666665,34.518107841061259,1.474
1917,15,80,24,0.6333333333333333,39.296480239187503,9.109
1917,15,80,25,0.69999999999999996,44.427004000805702,22.196000000000002
1917,15,80,26,0.76666666666666672,50.055494810185124,38.694000000000003
1917,15,80,27,0.83333333333333337,56.442690238079287,56.866999999999997
1917,15,80,28,0.90000000000000002,64.158067236832878,79.272000000000006
1917,15,80,29,0.96666666666666667,75.164888418024262,106.23999999999999
1917,16,85,0,-0.96666666666666667,-75.164888418024262,-149.267
1917,16,85,1,-0.90000000000000002,-64.158067236832878,-104.76900000000001
1917,16,85,2,-0.83333333333333337,-56.442690238079287,-56.228999999999999
1917,16,85,3,-0.76666666666666672,-50.055494810185124,-10.634
1917,16,85,4,-0.69999999999999996,-44.427004000805702,13.545999999999999
1917,16,85,5,-0.6333333333333333,-39.296480239187503,21.039000000000001
1917,16,85,6,-0.56666666666666665,-34.518107841061259,18.803000000000001
1917,16,85,7,-0.5,-29.999999999999996,13.794
1917,16,85,8,-0.43333333333333335,-25.679288619456855,15.403
1917,16,85,9,-0.36666666666666664,-21.510188266887482,20.286000000000001
1917,16,85,10,-0.29999999999999999,-17.457603123722091,17.556999999999999
1917,16,85,11,-0.23333333333333334,-13.49339882155169,8.5530000000000008
1917,16,85,12,-0.16666666666666666,-9.5940682268604611,2.8660000000000001
1917,16,85,13,-0.10000000000000001,-5.7391704772667866,3.1600000000000001
1917,16,85,14,-0.033333333333333333,-1.9102131717099304,6.7140000000000004
1917,16,85,15,0.033333333333333333,1.9102131717099304,30.620999999999999
1917,16,85,16,0.10000000000000001,5.7391704772667866,38.585999999999999
1917,16,85,17,0.16666666666666666,9.5940682268604611,19.113
1917,16,85,18,0.23333333333333334,13.49339882155169,-4.8479999999999999
1917,16,85,19,0.29999999999999999,17.457603123722091,-16.218
1917,16,85,20,0.36666666666666664,21.510188266887482,-23.564
1917,16,85,21,0.43333333333333335,25.679288619456855,-16.584
1917,16,85,22,0.5,29.999999999999996,6.3689999999999998
1917,16,85,23,0.56666666666666665,34.518107841061259,31.722000000000001
1917,16,85,24,0.6333333333333333,39.296480239187503,54.220999999999997
1917,16,85,25,0.69999999999999996,44.427004000805702,71.905000000000001
1917,16,85,26,0.76666666666666672,50.055494810185124,78.402000000000001
1917,16,85,27,0.83333333333333337,56.442690238079287,75.709999999999994
1917,16,85,28,0.90000000000000002,64.158067236832878,77.307000000000002
1917,16,85,29,0.96666666666666667,75.164888418024262,86.927000000000007
1917,17,90,0,-0.96666666666666667,-75.164888418024262,1.744
1917,17,90,1,-0.90000000000000002,-64.158067236832878,-5.3579999999999997
1917,17,90,2,-0.83333333333333337,-56.442690238079287,-15.273
1917,17,90,3,-0.76666666666666672,-50.055494810185124,-30.702999999999999
1917,17,90,4,-0.69999999999999996,-44.427004000805702,-31.077999999999999
1917,17,90,5,-0.6333333333333333,-39.296480239187503,1.976
1917,17,90,6,-0.56666666666666665,-34.518107841061259,32.767000000000003
1917,17,90,7,-0.5,-29.999999999999996,45.091999999999999
1917,17,90,8,-0.43333333333333335,-25.679288619456855,53.253
1917,17,90,9,-0.36666666666666664,-21.510188266887482,51.280000000000001
1917,17,90,10,-0.29999999999999999,-17.457603123722091,29.245999999999999
1917,17,90,11,-0.23333333333333334,-13.49339882155169,0.84299999999999997
1917,17,90,12,-0.16666666666666666,-9.5940682268604611,-8.5530000000000008
1917,17,90,13,-0.10000000000000001,-5.7391704772667866,-7.6479999999999997
1917,17,90,14,-0.033333333333333333,-1.9102131717099304,-4.6029999999999998
1917,17,90,15,0.033333333333333333,1.9102131717099304,-0.92400000000000004
1917,17,90,16,0.10000000000000001,5.7391704772667866,14.884
1917,17,90,17,0.16666666666666666,9.5940682268604611,23
1917,17,90,18,0.23333333333333334,13.49339882155169,19.696999999999999
1917,17,90,19,0.29999999999999999,17.457603123722091,8.8840000000000003
1917,17,90,20,0.36666666666666664,21.510188266887482,5.008
1917,17,90,21,0.43333333333333335,25.679288619456855,3.5880000000000001
1917,17,90,22,0.5,29.999999999999996,7.3979999999999997
1917,17,90,23,0.56666666666666665,34.518107841061259,16.510999999999999
1917,17,90,24,0.6333333333333333,39.296480239187503,38.375
1917,17,90,25,0.69999999999999996,44.427004000805702,46.198
1917,17,90,26,0.76666666666666672,50.055494810185124,28.207999999999998
1917,17,90,27,0.83333333333333337,56.442690238079287,-1.6479999999999999
1917,17,90,28,0.90000000000000002,64.158067236832878,-15.9
1917,17,90,29,0.96666666666666667,75.164888418024262,19.905999999999999
1917,18,95,0,-0.96666666666666667,-75.164888418024262,-23.890999999999998
1917,18,95,1,-0.90000000000000002,-64.158067236832878,-29.571999999999999
1917,18,95,2,-0.83333333333333337,-56.442690238079287,-33.418999999999997
1917,18,95,3,-0.76666666666666672,-50.055494810185124,-33.716000000000001
1917,18,95,4,-0.69999999999999996,-44.427004000805702,-22.567
1917,18,95,5,-0.6333333333333333,-39.296480239187503,19.236999999999998
1917,18,95,6,-0.56666666666666665,-34.518107841061259,50.273000000000003
1917,18,95,7,-0.5,-29.999999999999996,56.634
1917,18,95,8,-0.43333333333333335,-25.679288619456855,60.927999999999997
1917,18,95,9,-0.36666666666666664,-21.510188266887482,60.703000000000003
1917,18,95,10,-0.29999999999999999,-17.457603123722091,42.776000000000003
1917,18,95,11,-0.23333333333333334,-13.49339882155169,19.888999999999999
1917,18,95,12,-0.16666666666666666,-9.5940682268604611,8.5280000000000005
1917,18,95,13,-0.10000000000000001,-5.7391704772667866,-9.2609999999999992
1917,18,95,14,-0.033333333333333333,-1.9102131717099304,-21.129999999999999
1917,18,95,15,0.033333333333333333,1.9102131717099304,-16.077000000000002
1917,18,95,16,0.10000000000000001,5.7391704772667866,4.5300000000000002
1917,18,95,17,0.16666666666666666,9.5940682268604611,12.839
1917,18,95,18,0.23333333333333334,13.49339882155169,0.73799999999999999
1917,18,95,19,0.29999999999999999,17.457603123722091,-18.318000000000001
1917,18,95,20,0.36666666666666664,21.510188266887482,-19.728000000000002
1917,18,95,21,0.43333333333333335,25.679288619456855,-15.159000000000001
1917,18,95,22,0.5,29.999999999999996,-6.5410000000000004
1917,18,95,23,0.56666666666666665,34.518107841061259,2.9489999999999998
1917,18,95,24,0.6333333333333333,39.296480239187503,18.645
1917,18,95,25,0.69999999999999996,44.427004000805702,25.637
1917,18,95,26,0.76666666666666672,50.055494810185124,6.6399999999999997
1917,18,95,27,0.83333333333333337,56.442690238079287,-10.593999999999999
1917,18,95,28,0.90000000000000002,64.158067236832878,-9.2929999999999993
1917,18,95,29,0.96666666666666667,75.164888418024262,9.0419999999999998
1917,19,100,0,-0.96666666666666667,-75.164888418024262,-40.496000000000002
1917,19,100,1,-0.90000000000000002,-64.158067236832878,-35.426000000000002
1917,19,100,2,-0.83333333333333337,-56.442690238079287,-22.265000000000001
1917,19,100,3,-0.76666666666666672,-50.055494810185124,-5.9279999999999999
1917,19,100,4,-0.69999999999999996,-44.427004000805702,10.356
1917,19,100,5,-0.6333333333333333,-39.296480239187503,32.188000000000002
1917,19,100,6,-0.56666666666666665,-34.518107841061259,47.143999999999998
1917,19,100,7,-0.5,-29.999999999999996,30.873000000000001
1917,19,100,8,-0.43333333333333335,-25.679288619456855,-12.52
1917,19,100,9,-0.36666666666666664,-21.510188266887482,-23.238
1917,19,100,10,-0.29999999999999999,-17.457603123722091,-5.1890000000000001
1917,19,100,11,-0.23333333333333334,-13.49339882155169,18.571000000000002
1917,19,100,12,-0.16666666666666666,-9.5940682268604611,16.652999999999999
1917,19,100,13,-0.10000000000000001,-5.7391704772667866,-3.492
1917,19,100,14,-0.033333333333333333,-1.9102131717099304,-22.527000000000001
1917,19,100,15,0.033333333333333333,1.9102131717099304,-25.387
1917,19,100,16,0.10000000000000001,5.7391704772667866,-12.273999999999999
1917,19,100,17,0.16666666666666666,9.5940682268604611,-7.7770000000000001
1917,19,100,18,0.23333333333333334,13.49339882155169,-22.193999999999999
1917,19,100,19,0.29999999999999999,17.457603123722091,-39.600000000000001
1917,19,100,20,0.36666666666666664,21.510188266887482,-38.119
1917,19,100,21,0.43333333333333335,25.679288619456855,-19.228999999999999
1917,19,100,22,0.5,29.999999999999996,1.3939999999999999
1917,19,100,23,0.56666666666666665,34.518107841061259,11.907
1917,19,100,24,0.6333333333333333,39.296480239187503,21.463999999999999
1917,19,100,25,0.69999999999999996,44.427004000805702,24.823
1917,19,100,26,0.76666666666666672,50.055494810185124,21.122
1917,19,100,27,0.83333333333333337,56.442690238079287,15.667999999999999
1917,19,100,28,0.90000000000000002,64.158067236832878,12.497999999999999
1917,19,100,29,0.96666666666666667,75.164888418024262,8.5180000000000007
1917,20,105,0,-0.96666666666666667,-75.164888418024262,-32.664999999999999
1917,20,105,1,-0.90000000000000002,-64.158067236832878,-23.300999999999998
1917,20,105,2,-0.83333333333333337,-56.442690238079287,-13.438000000000001
1917,20,105,3,-0.76666666666666672,-50.055494810185124,-4.1689999999999996
1917,20,105,4,-0.69999999999999996,-44.427004000805702,8.9670000000000005
1917,20,105,5,-0.6333333333333333,-39.296480239187503,27.832000000000001
1917,20,105,6,-0.56666666666666665,-34.518107841061259,41.872
1917,20,105,7,-0.5,-29.999999999999996,35.871000000000002
1917,20,105,8,-0.43333333333333335,-25.679288619456855,13.462999999999999
1917,20,105,9,-0.36666666666666664,-21.510188266887482,7.0209999999999999
1917,20,105,10,-0.29999999999999999,-17.457603123722091,17.824999999999999
1917,20,105,11,-0.23333333333333334,-13.49339882155169,31.109000000000002
1917,20,105,12,-0.16666666666666666,-9.5940682268604611,29.797999999999998
1917,20,105,13,-0.10000000000000001,-5.7391704772667866,30.713999999999999
1917,20,105,14,-0.033333333333333333,-1.9102131717099304,31.042999999999999
1917,20,105,15,0.033333333333333333,1.9102131717099304,9.8309999999999995
1917,20,105,16,0.10000000000000001,5.7391704772667866,-46.917999999999999
1917,20,105,17,0.16666666666666666,9.5940682268604611,-66.441999999999993
1917,20,105,18,0.23333333333333334,13.49339882155169,-56.231999999999999
1917,20,105,19,0.29999999999999999,17.457603123722091,-41.264000000000003
1917,20,105,20,0.36666666666666664,21.510188266887482,-28.001999999999999
1917,20,105,21,0.43333333333333335,25.679288619456855,17.978999999999999
1917,20,105,22,0.5,29.999999999999996,60.316000000000003
1917,20,105,23,0.56666666666666665,34.518107841061259,64.963999999999999
1917,20,105,24,0.6333333333333333,39.296480239187503,41.350000000000001
1917,20,105,25,0.69999999999999996,44.427004000805702,28
1917,20,105,26,0.76666666666666672,50.055494810185124,35.298000000000002
1917,20,105,27,0.83333333333333337,56.442690238079287,44.886000000000003
1917,20,105,28,0.90000000000000002,64.158067236832878,48.466000000000001
1917,20,105,29,0.96666666666666667,75.164888418024262,52.350999999999999
1917,21,110,0,-0.96666666666666667,-75.164888418024262,-23.731000000000002
1917,21,110,1,-0.90000000000000002,-64.158067236832878,-19.84
1917,21,110,2,-0.83333333333333337,-56.442690238079287,-27.084
1917,21,110,3,-0.76666666666666672,-50.055494810185124,-39.658000000000001
1917,21,110,4,-0.69999999999999996,-44.427004000805702,-29.135999999999999
1917,21,110,5,-0.6333333333333333,-39.296480239187503,0.035999999999999997
1917,21,110,6,-0.56666666666666665,-34.518107841061259,15.851000000000001
1917,21,110,7,-0.5,-29.999999999999996,25.853999999999999
1917,21,110,8,-0.43333333333333335,-25.679288619456855,36.161000000000001
1917,21,110,9,-0.36666666666666664,-21.510188266887482,37.334000000000003
1917,21,110,10,-0.29999999999999999,-17.457603123722091,31.658999999999999
1917,21,110,11,-0.23333333333333334,-13.49339882155169,23.754000000000001
1917,21,110,12,-0.16666666666666666,-9.5940682268604611,19.018000000000001
1917,21,110,13,-0.10000000000000001,-5.7391704772667866,9.4499999999999993
1917,21,110,14,-0.033333333333333333,-1.9102131717099304,0.52200000000000002
1917,21,110,15,0.033333333333333333,1.9102131717099304,2.702
1917,21,110,16,0.10000000000000001,5.7391704772667866,15.42
1917,21,110,17,0.16666666666666666,9.5940682268604611,17.268999999999998
1917,21,110,18,0.23333333333333334,13.49339882155169,5.4930000000000003
1917,21,110,19,0.29999999999999999,17.457603123722091,-0.65300000000000002
1917,21,110,20,0.36666666666666664,21.510188266887482,4.4850000000000003
1917,21,110,21,0.43333333333333335,25.679288619456855,23.885000000000002
1917,21,110,22,0.5,29.999999999999996,44.951999999999998
1917,21,110,23,0.56666666666666665,34.518107841061259,46.899000000000001
1917,21,110,24,0.6333333333333333,39.296480239187503,28.466000000000001
1917,21,110,25,0.69999999999999996,44.427004000805702,16.553000000000001
1917,21,110,26,0.76666666666666672,50.055494810185124,27.963000000000001
1917,21,110,27,0.83333333333333337,56.442690238079287,49.859999999999999
1917,21,110,28,0.90000000000000002,64.158067236832878,71.891000000000005
1917,21,110,29,0.96666666666666667,75.164888418024262,93.322000000000003
1917,22,115,0,-0.96666666666666667,-75.164888418024262,-38.972999999999999
1917,22,115,1,-0.90000000000000002,-64.158067236832878,-37.328000000000003
1917,22,115,2,-0.83333333333333337,-56.442690238079287,-40.512999999999998
1917,22,115,3,-0.76666666666666672,-50.055494810185124,-40.189
1917,22,115,4,-0.69999999999999996,-44.427004000805702,-25.567
1917,22,115,5,-0.6333333333333333,-39.296480239187503,1.9750000000000001
1917,22,115,6,-0.56666666666666665,-34.518107841061259,19.853999999999999
1917,22,115,7,-0.5,-29.999999999999996,33.085000000000001
1917,22,115,8,-0.43333333333333335,-25.679288619456855,48.694000000000003
1917,22,115,9,-0.36666666666666664,-21.510188266887482,51.066000000000003
1917,22,115,10,-0.29999999999999999,-17.457603123722091,31.606000000000002
1917,22,115,11,-0.23333333333333334,-13.49339882155169,12.141
1917,22,115,12,-0.16666666666666666,-9.5940682268604611,2.9569999999999999
1917,22,115,13,-0.10000000000000001,-5.7391704772667866,-17.795999999999999
1917,22,115,14,-0.033333333333333333,-1.9102131717099304,-21.131
1917,22,115,15,0.033333333333333333,1.9102131717099304,-5.9960000000000004
1917,22,115,16,0.10000000000000001,5.7391704772667866,25.129999999999999
1917,22,115,17,0.16666666666666666,9.5940682268604611,36.311
1917,22,115,18,0.23333333333333334,13.49339882155169,27.998999999999999
1917,22,115,19,0.29999999999999999,17.457603123722091,13.211
1917,22,115,20,0.36666666666666664,21.510188266887482,12.544
1917,22,115,21,0.43333333333333335,25.679288619456855,16.300999999999998
1917,22,115,22,0.5,29.999999999999996,16.591000000000001
1917,22,115,23,0.56666666666666665,34.518107841061259,13.032999999999999
1917,22,115,24,0.6333333333333333,39.296480239187503,-2.2610000000000001
1917,22,115,25,0.69999999999999996,44.427004000805702,-0.379
1917,22,115,26,0.76666666666666672,50.055494810185124,38.436
1917,22,115,27,0.83333333333333337,56.442690238079287,95.016000000000005
1917,22,115,28,0.90000000000000002,64.158067236832878,135.88900000000001
1917,22,115,29,0.96666666666666667,75.164888418024262,160.62
1917,23,120,0,-0.96666666666666667,-75.164888418024262,-63.32
1917,23,120,1,-0.90000000000000002,-64.158067236832878,-48.000999999999998
1917,23,120,2,-0.83333333333333337,-56.442690238079287,-35.585999999999999
1917,23,120,3,-0.76666666666666672,-50.055494810185124,-24.332999999999998
1917,23,120,4,-0.69999999999999996,-44.427004000805702,-12.233000000000001
1917,23,120,5,-0.6333333333333333,-39.296480239187503,2.8199999999999998
1917,23,120,6,-0.56666666666666665,-34.518107841061259,14.468
1917,23,120,7,-0.5,-29.999999999999996,14.484999999999999
1917,23,120,8,-0.43333333333333335,-25.679288619456855,8.3620000000000001
1917,23,120,9,-0.36666666666666664,-21.510188266887482,9.1829999999999998
1917,23,120,10,-0.29999999999999999,-17.457603123722091,14.423
1917,23,120,11,-0.23333333333333334,-13.49339882155169,14.993
1917,23,120,12,-0.16666666666666666,-9.5940682268604611,8.8960000000000008
1917,23,120,13,-0.10000000000000001,-5.7391704772667866,-12.237
1917,23,120,14,-0.033333333333333333,-1.9102131717099304,-17.314
1917,23,120,15,0.033333333333333333,1.9102131717099304,-2.3980000000000001
1917,23,120,16,0.10000000000000001,5.7391704772667866,25.193000000000001
1917,23,120,17,0.16666666666666666,9.5940682268604611,37.659999999999997
1917,23,120,18,0.23333333333333334,13.49339882155169,40.572000000000003
1917,23,120,19,0.29999999999999999,17.457603123722091,44.014000000000003
1917,23,120,20,0.36666666666666664,21.510188266887482,40.091999999999999
1917,23,120,21,0.43333333333333335,25.679288619456855,22.704000000000001
1917,23,120,22,0.5,29.999999999999996,5.1260000000000003
1917,23,120,23,0.56666666666666665,34.518107841061259,-0.14099999999999999
1917,23,120,24,0.6333333333333333,39.296480239187503,-9.952
1917,23,120,25,0.69999999999999996,44.427004000805702,-6.9850000000000003
1917,23,120,26,0.76666666666666672,50.055494810185124,30.106000000000002
1917,23,120,27,0.83333333333333337,56.442690238079287,83.697999999999993
1917,23,120,28,0.90000000000000002,64.158067236832878,127.14700000000001
1917,23,120,29,0.96666666666666667,75.164888418024262,163.708
1917,24,125,0,-0.96666666666666667,-75.164888418024262,-94.174999999999997
1917,24,125,1,-0.90000000000000002,-64.158067236832878,-69.512
1917,24,125,2,-0.83333333333333337,-56.442690238079287,-49.436
1917,24,125,3,-0.76666666666666672,-50.055494810185124,-33.884999999999998
1917,24,125,4,-0.69999999999999996,-44.427004000805702,-25.841999999999999
1917,24,125,5,-0.6333333333333333,-39.296480239187503,-22.986999999999998
1917,24,125,6,-0.56666666666666665,-34.518107841061259,-17.199000000000002
1917,24,125,7,-0.5,-29.999999999999996,-13.039999999999999
1917,24,125,8,-0.43333333333333335,-25.679288619456855,-7.8179999999999996
1917,24,125,9,-0.36666666666666664,-21.510188266887482,-1.669
1917,24,125,10,-0.29999999999999999,-17.457603123722091,11.198
1917,24,125,11,-0.23333333333333334,-13.49339882155169,23.759
1917,24,125,12,-0.16666666666666666,-9.5940682268604611,25.934000000000001
1917,24,125,13,-0.10000000000000001,-5.7391704772667866,15.372
1917,24,125,14,-0.033333333333333333,-1.9102131717099304,20.126000000000001
1917,24,125,15,0.033333333333333333,1.9102131717099304,20.858000000000001
1917,24,125,16,0.10000000000000001,5.7391704772667866,17.100000000000001
1917,24,125,17,0.16666666666666666,9.5940682268604611,19.393000000000001
1917,24,125,18,0.23333333333333334,13.49339882155169,36.466000000000001
1917,24,125,19,0.29999999999999999,17.457603123722091,53.773000000000003
1917,24,125,20,0.36666666666666664,21.510188266887482,50.076000000000001
1917,24,125,21,0.43333333333333335,25.679288619456855,22.055
1917,24,125,22,0.5,29.999999999999996,-3.9119999999999999
1917,24,125,23,0.56666666666666665,34.518107841061259,-8.8680000000000003
1917,24,125,24,0.6333333333333333,39.296480239187503,-11.380000000000001
1917,24,125,25,0.69999999999999996,44.427004000805702,-5.8620000000000001
1917,24,125,26,0.76666666666666672,50.055494810185124,30.484000000000002
1917,24,125,27,0.83333333333333337,56.442690238079287,79.774000000000001
1917,24,125,28,0.90000000000000002,64.158067236832878,115.54300000000001
1917,24,125,29,0.96666666666666667,75.164888418024262,149.21100000000001
1917,25,130,0,-0.96666666666666667,-75.164888418024262,-137.535
1917,25,130,1,-0.90000000000000002,-64.158067236832878,-112.423
1917,25,130,2,-0.83333333333333337,-56.442690238079287,-78.031000000000006
1917,25,130,3,-0.76666666666666672,-50.055494810185124,-41.368000000000002
1917,25,130,4,-0.69999999999999996,-44.427004000805702,-27.986000000000001
1917,25,130,5,-0.6333333333333333,-39.296480239187503,-26.32
1917,25,130,6,-0.56666666666666665,-34.518107841061259,-21.126000000000001
1917,25,130,7,-0.5,-29.999999999999996,-20.452000000000002
1917,25,130,8,-0.43333333333333335,-25.679288619456855,-17.196999999999999
1917,25,130,9,-0.36666666666666664,-21.510188266887482,-9.6869999999999994
1917,25,130,10,-0.29999999999999999,-17.457603123722091,7.7789999999999999
1917,25,130,11,-0.23333333333333334,-13.49339882155169,23.125
1917,25,130,12,-0.16666666666666666,-9.5940682268604611,27.574999999999999
1917,25,130,13,-0.10000000000000001,-5.7391704772667866,20.364999999999998
1917,25,130,14,-0.033333333333333333,-1.9102131717099304,21.372
1917,25,130,15,0.033333333333333333,1.9102131717099304,24.077000000000002
1917,25,130,16,0.10000000000000001,5.7391704772667866,28.077999999999999
1917,25,130,17,0.16666666666666666,9.5940682268604611,32.125
1917,25,130,18,0.23333333333333334,13.49339882155169,36.503999999999998
1917,25,130,19,0.29999999999999999,17.457603123722091,46.567999999999998
1917,25,130,20,0.36666666666666664,21.510188266887482,42.273000000000003
1917,25,130,21,0.43333333333333335,25.679288619456855,15.609999999999999
1917,25,130,22,0.5,29.999999999999996,-5.8470000000000004
1917,25,130,23,0.56666666666666665,34.518107841061259,-5.5510000000000002
1917,25,130,24,0.6333333333333333,39.296480239187503,17.670999999999999
1917,25,130,25,0.69999999999999996,44.427004000805702,35.82
1917,25,130,26,0.76666666666666672,50.055494810185124,50.732999999999997
1917,25,130,27,0.83333333333333337,56.442690238079287,69.278000000000006
1917,25,130,28,0.90000000000000002,64.158067236832878,93.519999999999996
1917,25,130,29,0.96666666666666667,75.164888418024262,126.178
1917,26,135,0,-0.96666666666666667,-75.164888418024262,-160.15199999999999
1917,26,135,1,-0.90000000000000002,-64.158067236832878,-113.316
1917,26,135,2,-0.83333333333333337,-56.442690238079287,-57.628999999999998
1917,26,135,3,-0.76666666666666672,-50.055494810185124,-11.336
1917,26,135,4,-0.69999999999999996,-44.427004000805702,2.2999999999999998
1917,26,135,5,-0.6333333333333333,-39.296480239187503,-4.0940000000000003
1917,26,135,6,-0.56666666666666665,-34.518107841061259,-0.32800000000000001
1917,26,135,7,-0.5,-29.999999999999996,0.71299999999999997
1917,26,135,8,-0.43333333333333335,-25.679288619456855,-4.8419999999999996
1917,26,135,9,-0.36666666666666664,-21.510188266887482,-2.3250000000000002
1917,26,135,10,-0.29999999999999999,-17.457603123722091,16.978999999999999
1917,26,135,11,-0.23333333333333334,-13.49339882155169,25.140000000000001
1917,26,135,12,-0.16666666666666666,-9.5940682268604611,27.376000000000001
1917,26,135,13,-0.10000000000000001,-5.7391704772667866,24.321000000000002
1917,26,135,14,-0.033333333333333333,-1.9102131717099304,24.475000000000001
1917,26,135,15,0.033333333333333333,1.9102131717099304,21.614000000000001
1917,26,135,16,0.10000000000000001,5.7391704772667866,15.161
1917,26,135,17,0.16666666666666666,9.5940682268604611,16.186
1917,26,135,18,0.23333333333333334,13.49339882155169,15.945
1917,26,135,19,0.29999999999999999,17.457603123722091,6.8390000000000004
1917,26,135,20,0.36666666666666664,21.510188266887482,8.7319999999999993
1917,26,135,21,0.43333333333333335,25.679288619456855,19.576000000000001
1917,26,135,22,0.5,29.999999999999996,16.285
1917,26,135,23,0.56666666666666665,34.518107841061259,7.2370000000000001
1917,26,135,24,0.6333333333333333,39.296480239187503,-16.361999999999998
1917,26,135,25,0.69999999999999996,44.427004000805702,-24.635999999999999
1917,26,135,26,0.76666666666666672,50.055494810185124,2.5720000000000001
1917,26,135,27,0.83333333333333337,56.442690238079287,41.902999999999999
1917,26,135,28,0.90000000000000002,64.158067236832878,81.046000000000006
1917,26,135,29,0.96666666666666667,75.164888418024262,128.816
1917,27,140,0,-0.96666666666666667,-75.164888418024262,-167.90100000000001
1917,27,140,1,-0.90000000000000002,-64.158067236832878,-119.27800000000001
1917,27,140,2,-0.83333333333333337,-56.442690238079287,-66.608999999999995
1917,27,140,3,-0.76666666666666672,-50.055494810185124,-21.067
1917,27,140,4,-0.69999999999999996,-44.427004000805702,5.4669999999999996
1917,27,140,5,-0.6333333333333333,-39.296480239187503,18.221
1917,27,140,6,-0.56666666666666665,-34.518107841061259,29.963999999999999
1917,27,140,7,-0.5,-29.999999999999996,44.213999999999999
1917,27,140,8,-0.43333333333333335,-25.679288619456855,62.814999999999998
1917,27,140,9,-0.36666666666666664,-21.510188266887482,60.298000000000002
1917,27,140,10,-0.29999999999999999,-17.457603123722091,35.954999999999998
1917,27,140,11,-0.23333333333333334,-13.49339882155169,29.504000000000001
1917,27,140,12,-0.16666666666666666,-9.5940682268604611,22.911999999999999
1917,27,140,13,-0.10000000000000001,-5.7391704772667866,19.866
1917,27,140,14,-0.033333333333333333,-1.9102131717099304,22.937999999999999
1917,27,140,15,0.033333333333333333,1.9102131717099304,14.954000000000001
1917,27,140,16,0.10000000000000001,5.7391704772667866,-1.2929999999999999
1917,27,140,17,0.16666666666666666,9.5940682268604611,-0.91600000000000004
1917,27,140,18,0.23333333333333334,13.49339882155169,27.135999999999999
1917,27,140,19,0.29999999999999999,17.457603123722091,62.549999999999997
1917,27,140,20,0.36666666666666664,21.510188266887482,60.710000000000001
1917,27,140,21,0.43333333333333335,25.679288619456855,44.136000000000003
1917,27,140,22,0.5,29.999999999999996,42.231999999999999
1917,27,140,23,0.56666666666666665,34.518107841061259,26.253
1917,27,140,24,0.6333333333333333,39.296480239187503,-30.206
1917,27,140,25,0.69999999999999996,44.427004000805702,-50.347999999999999
1917,27,140,26,0.76666666666666672,50.055494810185124,-14.281000000000001
1917,27,140,27,0.83333333333333337,56.442690238079287,43.624000000000002
1917,27,140,28,0.90000000000000002,64.158067236832878,94.191999999999993
1917,27,140,29,0.96666666666666667,75.164888418024262,139.423
1917,28,145,0,-0.96666666666666667,-75.164888418024262,-168.988
1917,28,145,1,-0.90000000000000002,-64.158067236832878,-129.53100000000001
1917,28,145,2,-0.83333333333333337,-56.442690238079287,-87.141999999999996
1917,28,145,3,-0.76666666666666672,-50.055494810185124,-46.192999999999998
1917,28,145,4,-0.69999999999999996,-44.427004000805702,-8.5519999999999996
1917,28,145,5,-0.6333333333333333,-39.296480239187503,45.591000000000001
1917,28,145,6,-0.56666666666666665,-34.518107841061259,74.340999999999994
1917,28,145,7,-0.5,-29.999999999999996,63.409999999999997
1917,28,145,8,-0.43333333333333335,-25.679288619456855,30.972000000000001
1917,28,145,9,-0.36666666666666664,-21.510188266887482,23.192
1917,28,145,10,-0.29999999999999999,-17.457603123722091,11.458
1917,28,145,11,-0.23333333333333334,-13.49339882155169,-15.618
1917,28,145,12,-0.16666666666666666,-9.5940682268604611,-18.242999999999999
1917,28,145,13,-0.10000000000000001,-5.7391704772667866,-12.545
1917,28,145,14,-0.033333333333333333,-1.9102131717099304,-12.454000000000001
1917,28,145,15,0.033333333333333333,1.9102131717099304,0.47899999999999998
1917,28,145,16,0.10000000000000001,5.7391704772667866,19.902999999999999
1917,28,145,17,0.16666666666666666,9.5940682268604611,26.213000000000001
1917,28,145,18,0.23333333333333334,13.49339882155169,19.919
1917,28,145,19,0.29999999999999999,17.457603123722091,6.1340000000000003
1917,28,145,20,0.36666666666666664,21.510188266887482,7.4489999999999998
1917,28,145,21,0.43333333333333335,25.679288619456855,7.9870000000000001
1917,28,145,22,0.5,29.999999999999996,-1.3720000000000001
1917,28,145,23,0.56666666666666665,34.518107841061259,8.0250000000000004
1917,28,145,24,0.6333333333333333,39.296480239187503,37.222000000000001
1917,28,145,25,0.69999999999999996,44.427004000805702,53.726999999999997
1917,28,145,26,0.76666666666666672,50.055494810185124,73.221000000000004
1917,28,145,27,0.83333333333333337,56.442690238079287,103.226
1917,28,145,28,0.90000000000000002,64.158067236832878,124.72799999999999
1917,28,145,29,0.96666666666666667,75.164888418024262,139.93299999999999
1917,29,150,0,-0.96666666666666667,-75.164888418024262,-167.08199999999999
1917,29,150,1,-0.90000000000000002,-64.158067236832878,-124.658
1917,29,150,2,-0.83333333333333337,-56.442690238079287,-80.025000000000006
1917,29,150,3,-0.76666666666666672,-50.055494810185124,-40.259
1917,29,150,4,-0.69999999999999996,-44.427004000805702,-12.18
1917,29,150,5,-0.6333333333333333,-39.296480239187503,7.391
1917,29,150,6,-0.56666666666666665,-34.518107841061259,25.602
1917,29,150,7,-0.5,-29.999999999999996,65.149000000000001
1917,29,150,8,-0.43333333333333335,-25.679288619456855,114.438
1917,29,150,9,-0.36666666666666664,-21.510188266887482,108.73
1917,29,150,10,-0.29999999999999999,-17.457603123722091,49.960999999999999
1917,29,150,11,-0.23333333333333334,-13.49339882155169,18.850999999999999
1917,29,150,12,-0.16666666666666666,-9.5940682268604611,-2.7970000000000002
1917,29,150,13,-0.10000000000000001,-5.7391704772667866,-26.343
1917,29,150,14,-0.033333333333333333,-1.9102131717099304,-29.614000000000001
1917,29,150,15,0.033333333333333333,1.9102131717099304,-4.6619999999999999
1917,29,150,16,0.10000000000000001,5.7391704772667866,36.259999999999998
1917,29,150,17,0.16666666666666666,9.5940682268604611,45.615000000000002
1917,29,150,18,0.23333333333333334,13.49339882155169,24.131
1917,29,150,19,0.29999999999999999,17.457603123722091,1.5269999999999999
1917,29,150,20,0.36666666666666664,21.510188266887482,0.45800000000000002
1917,29,150,21,0.43333333333333335,25.679288619456855,12.823
1917,29,150,22,0.5,29.999999999999996,25.446999999999999
1917,29,150,23,0.56666666666666665,34.518107841061259,26.289999999999999
1917,29,150,24,0.6333333333333333,39.296480239187503,21.954000000000001
1917,29,150,25,0.69999999999999996,44.427004000805702,25.739999999999998
1917,29,150,26,0.76666666666666672,50.055494810185124,49.356000000000002
1917,29,150,27,0.83333333333333337,56.442690238079287,80.876000000000005
1917,29,150,28,0.90000000000000002,64.158067236832878,104.26900000000001
1917,29,150,29,0.96666666666666667,75.164888418024262,121.59099999999999
1917,30,155,0,-0.96666666666666667,-75.164888418024262,-167.589
1917,30,155,1,-0.90000000000000002,-64.158067236832878,-124.074
1917,30,155,2,-0.83333333333333337,-56.442690238079287,-77.030000000000001
1917,30,155,3,-0.76666666666666672,-50.055494810185124,-32.585000000000001
1917,30,155,4,-0.69999999999999996,-44.427004000805702,-14.628
1917,30,155,5,-0.6333333333333333,-39.296480239187503,-6.6239999999999997
1917,30,155,6,-0.56666666666666665,-34.518107841061259,10.782999999999999
1917,30,155,7,-0.5,-29.999999999999996,44.505000000000003
1917,30,155,8,-0.43333333333333335,-25.679288619456855,72.489000000000004
1917,30,155,9,-0.36666666666666664,-21.510188266887482,70.248000000000005
1917,30,155,10,-0.29999999999999999,-17.457603123722091,36.890000000000001
1917,30,155,11,-0.23333333333333334,-13.49339882155169,-8.3450000000000006
1917,30,155,12,-0.16666666666666666,-9.5940682268604611,-19.611000000000001
1917,30,155,13,-0.10000000000000001,-5.7391704772667866,-41.704999999999998
1917,30,155,14,-0.033333333333333333,-1.9102131717099304,-27.469999999999999
1917,30,155,15,0.033333333333333333,1.9102131717099304,-0.877
1917,30,155,16,0.10000000000000001,5.7391704772667866,12.068
1917,30,155,17,0.16666666666666666,9.5940682268604611,17.600999999999999
1917,30,155,18,0.23333333333333334,13.49339882155169,8.1609999999999996
1917,30,155,19,0.29999999999999999,17.457603123722091,-7.5110000000000001
1917,30,155,20,0.36666666666666664,21.510188266887482,-6.282
1917,30,155,21,0.43333333333333335,25.679288619456855,2.4729999999999999
1917,30,155,22,0.5,29.999999999999996,9.1340000000000003
1917,30,155,23,0.56666666666666665,34.518107841061259,14.058
1917,30,155,24,0.6333333333333333,39.296480239187503,14.311
1917,30,155,25,0.69999999999999996,44.427004000805702,19.158000000000001
1917,30,155,26,0.76666666666666672,50.055494810185124,30.797999999999998
1917,30,155,27,0.83333333333333337,56.442690238079287,41.183999999999997
1917,30,155,28,0.90000000000000002,64.158067236832878,57.057000000000002
1917,30,155,29,0.96666666666666667,75.164888418024262,82.561999999999998
1917,31,160,0,-0.96666666666666667,-75.164888418024262,-165.291
1917,31,160,1,-0.90000000000000002,-64.158067236832878,-107.721
1917,31,160,2,-0.83333333333333337,-56.442690238079287,-48.530999999999999
1917,31,160,3,-0.76666666666666672,-50.055494810185124,-2.0590000000000002
1917,31,160,4,-0.69999999999999996,-44.427004000805702,8.7629999999999999
1917,31,160,5,-0.6333333333333333,-39.296480239187503,-9.6839999999999993
1917,31,160,6,-0.56666666666666665,-34.518107841061259,-3.4249999999999998
1917,31,160,7,-0.5,-29.999999999999996,27.960999999999999
1917,31,160,8,-0.43333333333333335,-25.679288619456855,65.567999999999998
1917,31,160,9,-0.36666666666666664,-21.510188266887482,66.870999999999995
1917,31,160,10,-0.29999999999999999,-17.457603123722091,65.786000000000001
1917,31,160,11,-0.23333333333333334,-13.49339882155169,66.745000000000005
1917,31,160,12,-0.16666666666666666,-9.5940682268604611,27.346
1917,31,160,13,-0.10000000000000001,-5.7391704772667866,-112.765
1917,31,160,14,-0.033333333333333333,-1.9102131717099304,-25.321999999999999
1917,31,160,15,0.033333333333333333,1.9102131717099304,-29.623999999999999
1917,31,160,16,0.10000000000000001,5.7391704772667866,-57.947000000000003
1917,31,160,17,0.16666666666666666,9.5940682268604611,-41.968000000000004
1917,31,160,18,0.23333333333333334,13.49339882155169,-19.792999999999999
1917,31,160,19,0.29999999999999999,17.457603123722091,-3.6059999999999999
1917,31,160,20,0.36666666666666664,21.510188266887482,3.9860000000000002
1917,31,160,21,0.43333333333333335,25.679288619456855,5.8840000000000003
1917,31,160,22,0.5,29.999999999999996,17.079000000000001
1917,31,160,23,0.56666666666666665,34.518107841061259,20.245000000000001
1917,31,160,24,0.6333333333333333,39.296480239187503,20.126999999999999
1917,31,160,25,0.69999999999999996,44.427004000805702,21.881
1917,31,160,26,0.76666666666666672,50.055494810185124,21.465
1917,31,160,27,0.83333333333333337,56.442690238079287,17.059999999999999
1917,31,160,28,0.90000000000000002,64.158067236832878,28.888999999999999
1917,31,160,29,0.96666666666666667,75.164888418024262,55.939999999999998
1917,32,165,0,-0.96666666666666667,-75.164888418024262,-166.16800000000001
1917,32,165,1,-0.90000000000000002,-64.158067236832878,-114.47
1917,32,165,2,-0.83333333333333337,-56.442690238079287,-56.625
1917,32,165,3,-0.76666666666666672,-50.055494810185124,-5.008
1917,32,165,4,-0.69999999999999996,-44.427004000805702,2.6320000000000001
1917,32,165,5,-0.6333333333333333,-39.296480239187503,-15.991
1917,32,165,6,-0.56666666666666665,-34.518107841061259,-17.068000000000001
1917,32,165,7,-0.5,-29.999999999999996,9.9719999999999995
1917,32,165,8,-0.43333333333333335,-25.679288619456855,41.744999999999997
1917,32,165,9,-0.36666666666666664,-21.510188266887482,25.449000000000002
1917,32,165,10,-0.29999999999999999,-17.457603123722091,-33.863
1917,32,165,11,-0.23333333333333334,-13.49339882155169,-99.966999999999999
1917,32,165,12,-0.16666666666666666,-9.5940682268604611,-148.47200000000001
1917,32,165,13,-0.10000000000000001,-5.7391704772667866,-405.54700000000003
1917,32,165,14,-0.033333333333333333,-1.9102131717099304,-340.34800000000001
1917,32,165,15,0.033333333333333333,1.9102131717099304,-276.65699999999998
1917,32,165,16,0.10000000000000001,5.7391704772667866,-134.34399999999999
1917,32,165,17,0.16666666666666666,9.5940682268604611,-53.450000000000003
1917,32,165,18,0.23333333333333334,13.49339882155169,-37.886000000000003
1917,32,165,19,0.29999999999999999,17.457603123722091,-36.578000000000003
1917,32,165,20,0.36666666666666664,21.510188266887482,-21.247
1917,32,165,21,0.43333333333333335,25.679288619456855,-9.4120000000000008
1917,32,165,22,0.5,29.999999999999996,-6.2039999999999997
1917,32,165,23,0.56666666666666665,34.518107841061259,-1.3640000000000001
1917,32,165,24,0.6333333333333333,39.296480239187503,1.7130000000000001
1917,32,165,25,0.69999999999999996,44.427004000805702,6.9530000000000003
1917,32,165,26,0.76666666666666672,50.055494810185124,19.170000000000002
1917,32,165,27,0.83333333333333337,56.442690238079287,31.120000000000001
1917,32,165,28,0.90000000000000002,64.158067236832878,52.076000000000001
1917,32,165,29,0.96666666666666667,75.164888418024262,82.593000000000004
1917,33,170,0,-0.96666666666666667,-75.164888418024262,-160.27699999999999
1917,33,170,1,-0.90000000000000002,-64.158067236832878,-111.78100000000001
1917,33,170,2,-0.83333333333333337,-56.442690238079287,-55.344999999999999
1917,33,170,3,-0.76666666666666672,-50.055494810185124,-4.9119999999999999
1917,33,170,4,-0.69999999999999996,-44.427004000805702,25.337
1917,33,170,5,-0.6333333333333333,-39.296480239187503,57.75
1917,33,170,6,-0.56666666666666665,-34.518107841061259,70.367000000000004
1917,33,170,7,-0.5,-29.999999999999996,39.695999999999998
1917,33,170,8,-0.43333333333333335,-25.679288619456855,7.6980000000000004
1917,33,170,9,-0.36666666666666664,-21.510188266887482,-25.533000000000001
1917,33,170,10,-0.29999999999999999,-17.457603123722091,-97.147000000000006
1917,33,170,11,-0.23333333333333334,-13.49339882155169,-150.35499999999999
1917,33,170,12,-0.16666666666666666,-9.5940682268604611,-274.94600000000003
1917,33,170,13,-0.10000000000000001,-5.7391704772667866,-695.44799999999998
1917,33,170,14,-0.033333333333333333,-1.9102131717099304,-838.12
1917,33,170,15,0.033333333333333333,1.9102131717099304,-586.14400000000001
1917,33,170,16,0.10000000000000001,5.7391704772667866,-182.892
1917,33,170,17,0.16666666666666666,9.5940682268604611,-53.07
1917,33,170,18,0.23333333333333334,13.49339882155169,-20.225000000000001
1917,33,170,19,0.29999999999999999,17.457603123722091,20.202999999999999
1917,33,170,20,0.36666666666666664,21.510188266887482,35.607999999999997
1917,33,170,21,0.43333333333333335,25.679288619456855,23.164999999999999
1917,33,170,22,0.5,29.999999999999996,19.062000000000001
1917,33,170,23,0.56666666666666665,34.518107841061259,17.437999999999999
1917,33,170,24,0.6333333333333333,39.296480239187503,6.7370000000000001
1917,33,170,25,0.69999999999999996,44.427004000805702,8.9480000000000004
1917,33,170,26,0.76666666666666672,50.055494810185124,42.087000000000003
1917,33,170,27,0.83333333333333337,56.442690238079287,93.046999999999997
1917,33,170,28,0.90000000000000002,64.158067236832878,127.637
1917,33,170,29,0.96666666666666667,75.164888418024262,159.24700000000001
1917,34,175,0,-0.96666666666666667,-75.164888418024262,-142.69200000000001
1917,34,175,1,-0.90000000000000002,-64.158067236832878,-99.659999999999997
1917,34,175,2,-0.83333333333333337,-56.442690238079287,-55.610999999999997
1917,34,175,3,-0.76666666666666672,-50.055494810185124,-17.123999999999999
1917,34,175,4,-0.69999999999999996,-44.427004000805702,18.562999999999999
1917,34,175,5,-0.6333333333333333,-39.296480239187503,58.372
1917,34,175,6,-0.56666666666666665,-34.518107841061259,66.263000000000005
1917,34,175,7,-0.5,-29.999999999999996,12.539999999999999
1917,34,175,8,-0.43333333333333335,-25.679288619456855,-60.146999999999998
1917,34,175,9,-0.36666666666666664,-21.510188266887482,-75.582999999999998
1917,34,175,10,-0.29999999999999999,-17.457603123722091,-64.677000000000007
1917,34,175,11,-0.23333333333333334,-13.49339882155169,-63.661999999999999
1917,34,175,12,-0.16666666666666666,-9.5940682268604611,-115.009
1917,34,175,13,-0.10000000000000001,-5.7391704772667866,-385.83300000000003
1917,34,175,14,-0.033333333333333333,-1.9102131717099304,-371.87700000000001
1917,34,175,15,0.033333333333333333,1.9102131717099304,-242.60599999999999
1917,34,175,16,0.10000000000000001,5.7391704772667866,-93.570999999999998
1917,34,175,17,0.16666666666666666,9.5940682268604611,-49.636000000000003
1917,34,175,18,0.23333333333333334,13.49339882155169,1.9570000000000001
1917,34,175,19,0.29999999999999999,17.457603123722091,47.698
1917,34,175,20,0.36666666666666664,21.510188266887482,55.936999999999998
1917,34,175,21,0.43333333333333335,25.679288619456855,41.183999999999997
1917,34,175,22,0.5,29.999999999999996,30.896999999999998
1917,34,175,23,0.56666666666666665,34.518107841061259,24.754000000000001
1917,34,175,24,0.6333333333333333,39.296480239187503,3.4609999999999999
1917,34,175,25,0.69999999999999996,44.427004000805702,-0.40899999999999997
1917,34,175,26,0.76666666666666672,50.055494810185124,41.848999999999997
1917,34,175,27,0.83333333333333337,56.442690238079287,109.723
1917,34,175,28,0.90000000000000002,64.158067236832878,172.09299999999999
1917,34,175,29,0.96666666666666667,75.164888418024262,223.904
1917,35,180,0,-0.96666666666666667,-75.164888418024262,-82.373999999999995
1917,35,180,1,-0.90000000000000002,-64.158067236832878,-62.119999999999997
1917,35,180,2,-0.83333333333333337,-56.442690238079287,-39.076999999999998
1917,35,180,3,-0.76666666666666672,-50.055494810185124,-16.632000000000001
1917,35,180,4,-0.69999999999999996,-44.427004000805702,-0.46600000000000003
1917,35,180,5,-0.6333333333333333,-39.296480239187503,25.036000000000001
1917,35,180,6,-0.56666666666666665,-34.518107841061259,36.805999999999997
1917,35,180,7,-0.5,-29.999999999999996,27.576000000000001
1917,35,180,8,-0.43333333333333335,-25.679288619456855,12.355
1917,35,180,9,-0.36666666666666664,-21.510188266887482,27.111000000000001
1917,35,180,10,-0.29999999999999999,-17.457603123722091,106.146
1917,35,180,11,-0.23333333333333334,-13.49339882155169,198.66300000000001
1917,35,180,12,-0.16666666666666666,-9.5940682268604611,257.245
1917,35,180,13,-0.10000000000000001,-5.7391704772667866,618.08399999999995
1917,35,180,14,-0.033333333333333333,-1.9102131717099304,852.37199999999996
1917,35,180,15,0.033333333333333333,1.9102131717099304,559.09799999999996
1917,35,180,16,0.10000000000000001,5.7391704772667866,166.50800000000001
1917,35,180,17,0.16666666666666666,9.5940682268604611,82.106999999999999
1917,35,180,18,0.23333333333333334,13.49339882155169,54.640000000000001
1917,35,180,19,0.29999999999999999,17.457603123722091,25.734000000000002
1917,35,180,20,0.36666666666666664,21.510188266887482,22.866
1917,35,180,21,0.43333333333333335,25.679288619456855,35.512999999999998
1917,35,180,22,0.5,29.999999999999996,33.819000000000003
1917,35,180,23,0.56666666666666665,34.518107841061259,24.247
1917,35,180,24,0.6333333333333333,39.296480239187503,-1.349
1917,35,180,25,0.69999999999999996,44.427004000805702,-3.1930000000000001
1917,35,180,26,0.76666666666666672,50.055494810185124,60.634
1917,35,180,27,0.83333333333333337,56.442690238079287,154.99799999999999
1917,35,180,28,0.90000000000000002,64.158067236832878,211.66499999999999
1917,35,180,29,0.96666666666666667,75.164888418024262,248.26599999999999
1917,36,185,0,-0.96666666666666667,-75.164888418024262,-50.908000000000001
1917,36,185,1,-0.90000000000000002,-64.158067236832878,-40.204000000000001
1917,36,185,2,-0.83333333333333337,-56.442690238079287,-34.947000000000003
1917,36,185,3,-0.76666666666666672,-50.055494810185124,-30.013000000000002
1917,36,185,4,-0.69999999999999996,-44.427004000805702,-25.716000000000001
1917,36,185,5,-0.6333333333333333,-39.296480239187503,-33.594999999999999
1917,36,185,6,-0.56666666666666665,-34.518107841061259,-31.902000000000001
1917,36,185,7,-0.5,-29.999999999999996,-8.6170000000000009
1917,36,185,8,-0.43333333333333335,-25.679288619456855,19.974
1917,36,185,9,-0.36666666666666664,-21.510188266887482,50.567999999999998
1917,36,185,10,-0.29999999999999999,-17.457603123722091,113.776
1917,36,185,11,-0.23333333333333334,-13.49339882155169,180.48500000000001
1917,36,185,12,-0.16666666666666666,-9.5940682268604611,282.07900000000001
1917,36,185,13,-0.10000000000000001,-5.7391704772667866,442.28399999999999
1917,36,185,14,-0.033333333333333333,-1.9102131717099304,434.99299999999999
1917,36,185,15,0.033333333333333333,1.9102131717099304,380.245
1917,36,185,16,0.10000000000000001,5.7391704772667866,173.065
1917,36,185,17,0.16666666666666666,9.5940682268604611,80.290999999999997
1917,36,185,18,0.23333333333333334,13.49339882155169,71.013999999999996
1917,36,185,19,0.29999999999999999,17.457603123722091,68.691999999999993
1917,36,185,20,0.36666666666666664,21.510188266887482,54.853000000000002
1917,36,185,21,0.43333333333333335,25.679288619456855,33.646999999999998
1917,36,185,22,0.5,29.999999999999996,16.099
1917,36,185,23,0.56666666666666665,34.518107841061259,5.6040000000000001
1917,36,185,24,0.6333333333333333,39.296480239187503,-15.819000000000001
1917,36,185,25,0.69999999999999996,44.427004000805702,-15.000999999999999
1917,36,185,26,0.76666666666666672,50.055494810185124,34.496000000000002
1917,36,185,27,0.83333333333333337,56.442690238079287,111.79000000000001
1917,36,185,28,0.90000000000000002,64.158067236832878,172.798
1917,36,185,29,0.96666666666666667,75.164888418024262,218.08500000000001
1917,37,190,0,-0.96666666666666667,-75.164888418024262,-38.104999999999997
1917,37,190,1,-0.90000000000000002,-64.158067236832878,-30.231000000000002
1917,37,190,2,-0.83333333333333337,-56.442690238079287,-21.242999999999999
1917,37,190,3,-0.76666666666666672,-50.055494810185124,-8.2379999999999995
1917,37,190,4,-0.69999999999999996,-44.427004000805702,-3.1560000000000001
1917,37,190,5,-0.6333333333333333,-39.296480239187503,-16.431999999999999
1917,37,190,6,-0.56666666666666665,-34.518107841061259,-23.356999999999999
1917,37,190,7,-0.5,-29.999999999999996,-9.0429999999999993
1917,37,190,8,-0.43333333333333335,-25.679288619456855,11.234999999999999
1917,37,190,9,-0.36666666666666664,-21.510188266887482,34.572000000000003
1917,37,190,10,-0.29999999999999999,-17.457603123722091,72.381
1917,37,190,11,-0.23333333333333334,-13.49339882155169,123.22499999999999
1917,37,190,12,-0.16666666666666666,-9.5940682268604611,177.02199999999999
1917,37,190,13,-0.10000000000000001,-5.7391704772667866,159.31200000000001
1917,37,190,14,-0.033333333333333333,-1.9102131717099304,160.21700000000001
1917,37,190,15,0.033333333333333333,1.9102131717099304,142.69300000000001
1917,37,190,16,0.10000000000000001,5.7391704772667866,87.632999999999996
1917,37,190,17,0.16666666666666666,9.5940682268604611,42.473999999999997
1917,37,190,18,0.23333333333333334,13.49339882155169,35.973999999999997
1917,37,190,19,0.29999999999999999,17.457603123722091,37.164000000000001
1917,37,190,20,0.36666666666666664,21.510188266887482,25.818999999999999
1917,37,190,21,0.43333333333333335,25.679288619456855,6.1529999999999996
1917,37,190,22,0.5,29.999999999999996,-8.25
1917,37,190,23,0.56666666666666665,34.518107841061259,-9.5950000000000006
1917,37,190,24,0.6333333333333333,39.296480239187503,-5.8520000000000003
1917,37,190,25,0.69999999999999996,44.427004000805702,4.6280000000000001
1917,37,190,26,0.76666666666666672,50.055494810185124,28.824000000000002
1917,37,190,27,0.83333333333333337,56.442690238079287,61.725000000000001
1917,37,190,28,0.90000000000000002,64.158067236832878,102.861
1917,37,190,29,0.96666666666666667,75.164888418024262,153.25999999999999
1917,38,195,0,-0.96666666666666667,-75.164888418024262,-54.701000000000001
1917,38,195,1,-0.90000000000000002,-64.158067236832878,-37.475000000000001
1917,38,195,2,-0.83333333333333337,-56.442690238079287,-22.533999999999999
1917,38,195,3,-0.76666666666666672,-50.055494810185124,-7.9029999999999996
1917,38,195,4,-0.69999999999999996,-44.427004000805702,-2.9449999999999998
1917,38,195,5,-0.6333333333333333,-39.296480239187503,-9.8179999999999996
1917,38,195,6,-0.56666666666666665,-34.518107841061259,-11.555
1917,38,195,7,-0.5,-29.999999999999996,-11.66
1917,38,195,8,-0.43333333333333335,-25.679288619456855,-16.991
1917,38,195,9,-0.36666666666666664,-21.510188266887482,-5.7690000000000001
1917,38,195,10,-0.29999999999999999,-17.457603123722091,18.712
1917,38,195,11,-0.23333333333333334,-13.49339882155169,51.203000000000003
1917,38,195,12,-0.16666666666666666,-9.5940682268604611,70.989000000000004
1917,38,195,13,-0.10000000000000001,-5.7391704772667866,60.296999999999997
1917,38,195,14,-0.033333333333333333,-1.9102131717099304,69.224000000000004
1917,38,195,15,0.033333333333333333,1.9102131717099304,49.200000000000003
1917,38,195,16,0.10000000000000001,5.7391704772667866,26.969999999999999
1917,38,195,17,0.16666666666666666,9.5940682268604611,12.018000000000001
1917,38,195,18,0.23333333333333334,13.49339882155169,11.776
1917,38,195,19,0.29999999999999999,17.457603123722091,15.361000000000001
1917,38,195,20,0.36666666666666664,21.510188266887482,9.7579999999999991
1917,38,195,21,0.43333333333333335,25.679288619456855,-1.2549999999999999
1917,38,195,22,0.5,29.999999999999996,-8.8659999999999997
1917,38,195,23,0.56666666666666665,34.518107841061259,-5.0119999999999996
1917,38,195,24,0.6333333333333333,39.296480239187503,10.539999999999999
1917,38,195,25,0.69999999999999996,44.427004000805702,23.773
1917,38,195,26,0.76666666666666672,50.055494810185124,38.158999999999999
1917,38,195,27,0.83333333333333337,56.442690238079287,56.662999999999997
1917,38,195,28,0.90000000000000002,64.158067236832878,84.376000000000005
1917,38,195,29,0.96666666666666667,75.164888418024262,123.876
1917,39,200,0,-0.96666666666666667,-75.164888418024262,-59.259999999999998
1917,39,200,1,-0.90000000000000002,-64.158067236832878,-41.270000000000003
1917,39,200,2,-0.83333333333333337,-56.442690238079287,-26.800000000000001
1917,39,200,3,-0.76666666666666672,-50.055494810185124,-15.446999999999999
1917,39,200,4,-0.69999999999999996,-44.427004000805702,-9.8580000000000005
1917,39,200,5,-0.6333333333333333,-39.296480239187503,-14.244999999999999
1917,39,200,6,-0.56666666666666665,-34.518107841061259,-13.257
1917,39,200,7,-0.5,-29.999999999999996,-10.768000000000001
1917,39,200,8,-0.43333333333333335,-25.679288619456855,-13.922000000000001
1917,39,200,9,-0.36666666666666664,-21.510188266887482,-12.054
1917,39,200,10,-0.29999999999999999,-17.457603123722091,-4.4020000000000001
1917,39,200,11,-0.23333333333333334,-13.49339882155169,4.2510000000000003
1917,39,200,12,-0.16666666666666666,-9.5940682268604611,15.656000000000001
1917,39,200,13,-0.10000000000000001,-5.7391704772667866,45.395000000000003
1917,39,200,14,-0.033333333333333333,-1.9102131717099304,63.569000000000003
1917,39,200,15,0.033333333333333333,1.9102131717099304,49.868000000000002
1917,39,200,16,0.10000000000000001,5.7391704772667866,29.946999999999999
1917,39,200,17,0.16666666666666666,9.5940682268604611,24.138999999999999
1917,39,200,18,0.23333333333333334,13.49339882155169,28.420000000000002
1917,39,200,19,0.29999999999999999,17.457603123722091,42.037999999999997
1917,39,200,20,0.36666666666666664,21.510188266887482,40.627000000000002
1917,39,200,21,0.43333333333333335,25.679288619456855,27.43
1917,39,200,22,0.5,29.999999999999996,19.420000000000002
1917,39,200,23,0.56666666666666665,34.518107841061259,20.122
1917,39,200,24,0.6333333333333333,39.296480239187503,21.635000000000002
1917,39,200,25,0.69999999999999996,44.427004000805702,21.079000000000001
1917,39,200,26,0.76666666666666672,50.055494810185124,38.286000000000001
1917,39,200,27,0.83333333333333337,56.442690238079287,64.597999999999999
1917,39,200,28,0.90000000000000002,64.158067236832878,92.795000000000002
1917,39,200,29,0.96666666666666667,75.164888418024262,134.27600000000001
1917,40,205,0,-0.96666666666666667,-75.164888418024262,-104.536
1917,40,205,1,-0.90000000000000002,-64.158067236832878,-76.164000000000001
1917,40,205,2,-0.83333333333333337,-56.442690238079287,-53.835999999999999
1917,40,205,3,-0.76666666666666672,-50.055494810185124,-31.106999999999999
1917,40,205,4,-0.69999999999999996,-44.427004000805702,-12.026
1917,40,205,5,-0.6333333333333333,-39.296480239187503,-10.534000000000001
1917,40,205,6,-0.56666666666666665,-34.518107841061259,-5.7770000000000001
1917,40,205,7,-0.5,-29.999999999999996,11.625
1917,40,205,8,-0.43333333333333335,-25.679288619456855,46.305
1917,40,205,9,-0.36666666666666664,-21.510188266887482,54.979999999999997
1917,40,205,10,-0.29999999999999999,-17.457603123722091,21.422000000000001
1917,40,205,11,-0.23333333333333334,-13.49339882155169,-15.760999999999999
1917,40,205,12,-0.16666666666666666,-9.5940682268604611,-12.073
1917,40,205,13,-0.10000000000000001,-5.7391704772667866,33.222999999999999
1917,40,205,14,-0.033333333333333333,-1.9102131717099304,47.735999999999997
1917,40,205,15,0.033333333333333333,1.9102131717099304,39.167000000000002
1917,40,205,16,0.10000000000000001,5.7391704772667866,8.1170000000000009
1917,40,205,17,0.16666666666666666,9.5940682268604611,-4.585
1917,40,205,18,0.23333333333333334,13.49339882155169,12.266999999999999
1917,40,205,19,0.29999999999999999,17.457603123722091,35.274999999999999
1917,40,205,20,0.36666666666666664,21.510188266887482,39.744999999999997
1917,40,205,21,0.43333333333333335,25.679288619456855,37.976999999999997
1917,40,205,22,0.5,29.999999999999996,31.465
1917,40,205,23,0.56666666666666665,34.518107841061259,23.251000000000001
1917,40,205,24,0.6333333333333333,39.296480239187503,-5.6799999999999997
1917,40,205,25,0.69999999999999996,44.427004000805702,-15.605
1917,40,205,26,0.76666666666666672,50.055494810185124,16.850999999999999
1917,40,205,27,0.83333333333333337,56.442690238079287,66.078999999999994
1917,40,205,28,0.90000000000000002,64.158067236832878,112.827
1917,40,205,29,0.96666666666666667,75.164888418024262,159.53100000000001
1917,41,210,0,-0.96666666666666667,-75.164888418024262,-150.15299999999999
1917,41,210,1,-0.90000000000000002,-64.158067236832878,-142.697
1917,41,210,2,-0.83333333333333337,-56.442690238079287,-119.54300000000001
1917,41,210,3,-0.76666666666666672,-50.055494810185124,-84.978999999999999
1917,41,210,4,-0.69999999999999996,-44.427004000805702,-55.101999999999997
1917,41,210,5,-0.6333333333333333,-39.296480239187503,-3.9950000000000001
1917,41,210,6,-0.56666666666666665,-34.518107841061259,25.027999999999999
1917,41,210,7,-0.5,-29.999999999999996,29.760000000000002
1917,41,210,8,-0.43333333333333335,-25.679288619456855,24.376000000000001
1917,41,210,9,-0.36666666666666664,-21.510188266887482,17.166
1917,41,210,10,-0.29999999999999999,-17.457603123722091,8.3059999999999992
1917,41,210,11,-0.23333333333333334,-13.49339882155169,-7.3099999999999996
1917,41,210,12,-0.16666666666666666,-9.5940682268604611,-2.2789999999999999
1917,41,210,13,-0.10000000000000001,-5.7391704772667866,23.481000000000002
1917,41,210,14,-0.033333333333333333,-1.9102131717099304,29.567
1917,41,210,15,0.033333333333333333,1.9102131717099304,23.045999999999999
1917,41,210,16,0.10000000000000001,5.7391704772667866,4.7779999999999996
1917,41,210,17,0.16666666666666666,9.5940682268604611,1.6559999999999999
1917,41,210,18,0.23333333333333334,13.49339882155169,8.5800000000000001
1917,41,210,19,0.29999999999999999,17.457603123722091,29.759
1917,41,210,20,0.36666666666666664,21.510188266887482,32.040999999999997
1917,41,210,21,0.43333333333333335,25.679288619456855,18.698
1917,41,210,22,0.5,29.999999999999996,4.1319999999999997
1917,41,210,23,0.56666666666666665,34.518107841061259,-1.585
1917,41,210,24,0.6333333333333333,39.296480239187503,-16.353999999999999
1917,41,210,25,0.69999999999999996,44.427004000805702,-19.154
1917,41,210,26,0.76666666666666672,50.055494810185124,17.782
1917,41,210,27,0.83333333333333337,56.442690238079287,78.013000000000005
1917,41,210,28,0.90000000000000002,64.158067236832878,130.58500000000001
1917,41,210,29,0.96666666666666667,75.164888418024262,179.86000000000001
1917,42,215,0,-0.96666666666666667,-75.164888418024262,-161.77799999999999
1917,42,215,1,-0.90000000000000002,-64.158067236832878,-145.822
1917,42,215,2,-0.83333333333333337,-56.442690238079287,-112.953
1917,42,215,3,-0.76666666666666672,-50.055494810185124,-72.662999999999997
1917,42,215,4,-0.69999999999999996,-44.427004000805702,-34.503999999999998
1917,42,215,5,-0.6333333333333333,-39.296480239187503,18.614999999999998
1917,42,215,6,-0.56666666666666665,-34.518107841061259,47.543999999999997
1917,42,215,7,-0.5,-29.999999999999996,32.488999999999997
1917,42,215,8,-0.43333333333333335,-25.679288619456855,-6.218
1917,42,215,9,-0.36666666666666664,-21.510188266887482,-26.007999999999999
1917,42,215,10,-0.29999999999999999,-17.457603123722091,-26.895
1917,42,215,11,-0.23333333333333334,-13.49339882155169,-32.869
1917,42,215,12,-0.16666666666666666,-9.5940682268604611,-20.942
1917,42,215,13,-0.10000000000000001,-5.7391704772667866,-21.059000000000001
1917,42,215,14,-0.033333333333333333,-1.9102131717099304,-2.7320000000000002
1917,42,215,15,0.033333333333333333,1.9102131717099304,-0.35899999999999999
1917,42,215,16,0.10000000000000001,5.7391704772667866,-17.564
1917,42,215,17,0.16666666666666666,9.5940682268604611,-25.238
1917,42,215,18,0.23333333333333334,13.49339882155169,-14.509
1917,42,215,19,0.29999999999999999,17.457603123722091,-0.55600000000000005
1917,42,215,20,0.36666666666666664,21.510188266887482,-2.9369999999999998
1917,42,215,21,0.43333333333333335,25.679288619456855,-20.738
1917,42,215,22,0.5,29.999999999999996,-29.716000000000001
1917,42,215,23,0.56666666666666665,34.518107841061259,-29.071999999999999
1917,42,215,24,0.6333333333333333,39.296480239187503,-27.116
1917,42,215,25,0.69999999999999996,44.427004000805702,-12.148
1917,42,215,26,0.76666666666666672,50.055494810185124,30.413
1917,42,215,27,0.83333333333333337,56.442690238079287,89.018000000000001
1917,42,215,28,0.90000000000000002,64.158067236832878,139.21299999999999
1917,42,215,29,0.96666666666666667,75.164888418024262,185.03700000000001
1917,43,220,0,-0.96666666666666667,-75.164888418024262,-124.009
1917,43,220,1,-0.90000000000000002,-64.158067236832878,-92.453000000000003
1917,43,220,2,-0.83333333333333337,-56.442690238079287,-66.646000000000001
1917,43,220,3,-0.76666666666666672,-50.055494810185124,-40.999000000000002
1917,43,220,4,-0.69999999999999996,-44.427004000805702,-17.244
1917,43,220,5,-0.6333333333333333,-39.296480239187503,3.7850000000000001
1917,43,220,6,-0.56666666666666665,-34.518107841061259,12.548
1917,43,220,7,-0.5,-29.999999999999996,-3.3359999999999999
1917,43,220,8,-0.43333333333333335,-25.679288619456855,-35.869
1917,43,220,9,-0.36666666666666664,-21.510188266887482,-71.331999999999994
1917,43,220,10,-0.29999999999999999,-17.457603123722091,-114.512
1917,43,220,11,-0.23333333333333334,-13.49339882155169,-125.48699999999999
1917,43,220,12,-0.16666666666666666,-9.5940682268604611,-113.333
1917,43,220,13,-0.10000000000000001,-5.7391704772667866,-76.754000000000005
1917,43,220,14,-0.033333333333333333,-1.9102131717099304,-30.710000000000001
1917,43,220,15,0.033333333333333333,1.9102131717099304,-8.5869999999999997
1917,43,220,16,0.10000000000000001,5.7391704772667866,19.035
1917,43,220,17,0.16666666666666666,9.5940682268604611,27.024000000000001
1917,43,220,18,0.23333333333333334,13.49339882155169,2.371
1917,43,220,19,0.29999999999999999,17.457603123722091,-35.273000000000003
1917,43,220,20,0.36666666666666664,21.510188266887482,-48.634
1917,43,220,21,0.43333333333333335,25.679288619456855,-69.936000000000007
1917,43,220,22,0.5,29.999999999999996,-90.709000000000003
1917,43,220,23,0.56666666666666665,34.518107841061259,-76.031000000000006
1917,43,220,24,0.6333333333333333,39.296480239187503,-19.446000000000002
1917,43,220,25,0.69999999999999996,44.427004000805702,25.757000000000001
1917,43,220,26,0.76666666666666672,50.055494810185124,56.908000000000001
1917,43,220,27,0.83333333333333337,56.442690238079287,97.423000000000002
1917,43,220,28,0.90000000000000002,64.158067236832878,137.625
1917,43,220,29,0.96666666666666667,75.164888418024262,177.66999999999999
1917,44,225,0,-0.96666666666666667,-75.164888418024262,-120.40300000000001
1917,44,225,1,-0.90000000000000002,-64.158067236832878,-87.494
1917,44,225,2,-0.83333333333333337,-56.442690238079287,-72.823999999999998
1917,44,225,3,-0.76666666666666672,-50.055494810185124,-62.280000000000001
1917,44,225,4,-0.69999999999999996,-44.427004000805702,-31.146999999999998
1917,44,225,5,-0.6333333333333333,-39.296480239187503,27.154
1917,44,225,6,-0.56666666666666665,-34.518107841061259,45.734999999999999
1917,44,225,7,-0.5,-29.999999999999996,5.4829999999999997
1917,44,225,8,-0.43333333333333335,-25.679288619456855,-59.826999999999998
1917,44,225,9,-0.36666666666666664,-21.510188266887482,-117.774
1917,44,225,10,-0.29999999999999999,-17.457603123722091,-267.09399999999999
1917,44,225,11,-0.23333333333333334,-13.49339882155169,-371.44499999999999
1917,44,225,12,-0.16666666666666666,-9.5940682268604611,-352.49099999999999
1917,44,225,13,-0.10000000000000001,-5.7391704772667866,-121.751
1917,44,225,14,-0.033333333333333333,-1.9102131717099304,-14.837999999999999
1917,44,225,15,0.033333333333333333,1.9102131717099304,6.8929999999999998
1917,44,225,16,0.10000000000000001,5.7391704772667866,21.565999999999999
1917,44,225,17,0.16666666666666666,9.5940682268604611,34.954999999999998
1917,44,225,18,0.23333333333333334,13.49339882155169,10.803000000000001
1917,44,225,19,0.29999999999999999,17.457603123722091,-15.433
1917,44,225,20,0.36666666666666664,21.510188266887482,-25.582999999999998
1917,44,225,21,0.43333333333333335,25.679288619456855,-31.873000000000001
1917,44,225,22,0.5,29.999999999999996,-36.683999999999997
1917,44,225,23,0.56666666666666665,34.518107841061259,-29.125
1917,44,225,24,0.6333333333333333,39.296480239187503,-0.222
1917,44,225,25,0.69999999999999996,44.427004000805702,31.422999999999998
1917,44,225,26,0.76666666666666672,50.055494810185124,70.885999999999996
1917,44,225,27,0.83333333333333337,56.442690238079287,118.336
1917,44,225,28,0.90000000000000002,64.158067236832878,154.292
1917,44,225,29,0.96666666666666667,75.164888418024262,183.60300000000001
1917,45,230,0,-0.96666666666666667,-75.164888418024262,-152.739
1917,45,230,1,-0.90000000000000002,-64.158067236832878,-121.836
1917,45,230,2,-0.83333333333333337,-56.442690238079287,-86.215000000000003
1917,45,230,3,-0.76666666666666672,-50.055494810185124,-49.527000000000001
1917,45,230,4,-0.69999999999999996,-44.427004000805702,-10.564
1917,45,230,5,-0.6333333333333333,-39.296480239187503,68.918999999999997
1917,45,230,6,-0.56666666666666665,-34.518107841061259,103.96599999999999
1917,45,230,7,-0.5,-29.999999999999996,33.677
1917,45,230,8,-0.43333333333333335,-25.679288619456855,-94.772999999999996
1917,45,230,9,-0.36666666666666664,-21.510188266887482,-153.57300000000001
1917,45,230,10,-0.29999999999999999,-17.457603123722091,-293.75700000000001
1917,45,230,11,-0.23333333333333334,-13.49339882155169,-511.07299999999998
1917,45,230,12,-0.16666666666666666,-9.5940682268604611,-461.351
1917,45,230,13,-0.10000000000000001,-5.7391704772667866,-140.61799999999999
1917,45,230,14,-0.033333333333333333,-1.9102131717099304,-2.8860000000000001
1917,45,230,15,0.033333333333333333,1.9102131717099304,21.172999999999998
1917,45,230,16,0.10000000000000001,5.7391704772667866,19.384
1917,45,230,17,0.16666666666666666,9.5940682268604611,22.823
1917,45,230,18,0.23333333333333334,13.49339882155169,33.273000000000003
1917,45,230,19,0.29999999999999999,17.457603123722091,48.247999999999998
1917,45,230,20,0.36666666666666664,21.510188266887482,36.210999999999999
1917,45,230,21,0.43333333333333335,25.679288619456855,14.669
1917,45,230,22,0.5,29.999999999999996,-11.683
1917,45,230,23,0.56666666666666665,34.518107841061259,-12.91
1917,45,230,24,0.6333333333333333,39.296480239187503,6.6769999999999996
1917,45,230,25,0.69999999999999996,44.427004000805702,25.41
1917,45,230,26,0.76666666666666672,50.055494810185124,50.716999999999999
1917,45,230,27,0.83333333333333337,56.442690238079287,85.594999999999999
1917,45,230,28,0.90000000000000002,64.158067236832878,121.029
1917,45,230,29,0.96666666666666667,75.164888418024262,158.489
1917,46,235,0,-0.96666666666666667,-75.164888418024262,-178.49700000000001
1917,46,235,1,-0.90000000000000002,-64.158067236832878,-129.91200000000001
1917,46,235,2,-0.83333333333333337,-56.442690238079287,-65.251000000000005
1917,46,235,3,-0.76666666666666672,-50.055494810185124,7.5069999999999997
1917,46,235,4,-0.69999999999999996,-44.427004000805702,20.859000000000002
1917,46,235,5,-0.6333333333333333,-39.296480239187503,-24.387
1917,46,235,6,-0.56666666666666665,-34.518107841061259,-53.555999999999997
1917,46,235,7,-0.5,-29.999999999999996,-35.887999999999998
1917,46,235,8,-0.43333333333333335,-25.679288619456855,21.486999999999998
1917,46,235,9,-0.36666666666666664,-21.510188266887482,34.676000000000002
1917,46,235,10,-0.29999999999999999,-17.457603123722091,32.024999999999999
1917,46,235,11,-0.23333333333333334,-13.49339882155169,78.478999999999999
1917,46,235,12,-0.16666666666666666,-9.5940682268604611,101.636
1917,46,235,13,-0.10000000000000001,-5.7391704772667866,85.498999999999995
1917,46,235,14,-0.033333333333333333,-1.9102131717099304,96.302999999999997
1917,46,235,15,0.033333333333333333,1.9102131717099304,132.67699999999999
1917,46,235,16,0.10000000000000001,5.7391704772667866,138.221
1917,46,235,17,0.16666666666666666,9.5940682268604611,113.90900000000001
1917,46,235,18,0.23333333333333334,13.49339882155169,141.191
1917,46,235,19,0.29999999999999999,17.457603123722091,145.626
1917,46,235,20,0.36666666666666664,21.510188266887482,115.914
1917,46,235,21,0.43333333333333335,25.679288619456855,63.826000000000001
1917,46,235,22,0.5,29.999999999999996,29.82
1917,46,235,23,0.56666666666666665,34.518107841061259,16.934000000000001
1917,46,235,24,0.6333333333333333,39.296480239187503,-12.800000000000001
1917,46,235,25,0.69999999999999996,44.427004000805702,-24.484000000000002
1917,46,235,26,0.76666666666666672,50.055494810185124,2.0009999999999999
1917,46,235,27,0.83333333333333337,56.442690238079287,38.963999999999999
1917,46,235,28,0.90000000000000002,64.158067236832878,80.664000000000001
1917,46,235,29,0.96666666666666667,75.164888418024262,133.45099999999999
1917,47,240,0,-0.96666666666666667,-75.164888418024262,-158.643
1917,47,240,1,-0.90000000000000002,-64.158067236832878,-89.421000000000006
1917,47,240,2,-0.83333333333333337,-56.442690238079287,-18.074999999999999
1917,47,240,3,-0.76666666666666672,-50.055494810185124,37.015000000000001
1917,47,240,4,-0.69999999999999996,-44.427004000805702,40.088999999999999
1917,47,240,5,-0.6333333333333333,-39.296480239187503,-1.2
1917,47,240,6,-0.56666666666666665,-34.518107841061259,-21.611999999999998
1917,47,240,7,-0.5,-29.999999999999996,-45.106999999999999
1917,47,240,8,-0.43333333333333335,-25.679288619456855,-86.201999999999998
1917,47,240,9,-0.36666666666666664,-21.510188266887482,-78.563999999999993
1917,47,240,10,-0.29999999999999999,-17.457603123722091,94.825000000000003
1917,47,240,11,-0.23333333333333334,-13.49339882155169,299.66199999999998
1917,47,240,12,-0.16666666666666666,-9.5940682268604611,335.35500000000002
1917,47,240,13,-0.10000000000000001,-5.7391704772667866,259.209
1917,47,240,14,-0.033333333333333333,-1.9102131717099304,232.82900000000001
1917,47,240,15,0.033333333333333333,1.9102131717099304,295.64400000000001
1917,47,240,16,0.10000000000000001,5.7391704772667866,449.22300000000001
1917,47,240,17,0.16666666666666666,9.5940682268604611,478.87299999999999
1917,47,240,18,0.23333333333333334,13.49339882155169,322.459
1917,47,240,19,0.29999999999999999,17.457603123722091,71.781999999999996
1917,47,240,20,0.36666666666666664,21.510188266887482,-0.23699999999999999
1917,47,240,21,0.43333333333333335,25.679288619456855,-5.9020000000000001
1917,47,240,22,0.5,29.999999999999996,-19.989999999999998
1917,47,240,23,0.56666666666666665,34.518107841061259,-19.315000000000001
1917,47,240,24,0.6333333333333333,39.296480239187503,4.9560000000000004
1917,47,240,25,0.69999999999999996,44.427004000805702,25.131
1917,47,240,26,0.76666666666666672,50.055494810185124,40.850000000000001
1917,47,240,27,0.83333333333333337,56.442690238079287,56.960000000000001
1917,47,240,28,0.90000000000000002,64.158067236832878,77.171999999999997
1917,47,240,29,0.96666666666666667,75.164888418024262,105.188
1917,48,245,0,-0.96666666666666667,-75.164888418024262,-120.28400000000001
1917,48,245,1,-0.90000000000000002,-64.158067236832878,-71.212999999999994
1917,48,245,2,-0.83333333333333337,-56.442690238079287,-25.122
1917,48,245,3,-0.76666666666666672,-50.055494810185124,20.829000000000001
1917,48,245,4,-0.69999999999999996,-44.427004000805702,32.990000000000002
1917,48,245,5,-0.6333333333333333,-39.296480239187503,6.4489999999999998
1917,48,245,6,-0.56666666666666665,-34.518107841061259,-12.837
1917,48,245,7,-0.5,-29.999999999999996,-48.256
1917,48,245,8,-0.43333333333333335,-25.679288619456855,-113.15300000000001
1917,48,245,9,-0.36666666666666664,-21.510188266887482,-128.566
1917,48,245,10,-0.29999999999999999,-17.457603123722091,-112.852
1917,48,245,11,-0.23333333333333334,-13.49339882155169,-119.82299999999999
1917,48,245,12,-0.16666666666666666,-9.5940682268604611,-63.460000000000001
1917,48,245,13,-0.10000000000000001,-5.7391704772667866,105.70699999999999
1917,48,245,14,-0.033333333333333333,-1.9102131717099304,169.952
1917,48,245,15,0.033333333333333333,1.9102131717099304,173.19999999999999
1917,48,245,16,0.10000000000000001,5.7391704772667866,193.637
1917,48,245,17,0.16666666666666666,9.5940682268604611,200.65000000000001
1917,48,245,18,0.23333333333333334,13.49339882155169,68.322000000000003
1917,48,245,19,0.29999999999999999,17.457603123722091,-49.353000000000002
1917,48,245,20,0.36666666666666664,21.510188266887482,-67.308000000000007
1917,48,245,21,0.43333333333333335,25.679288619456855,-64.930000000000007
1917,48,245,22,0.5,29.999999999999996,-64.100999999999999
1917,48,245,23,0.56666666666666665,34.518107841061259,-50.462000000000003
1917,48,245,24,0.6333333333333333,39.296480239187503,-20.667999999999999
1917,48,245,25,0.69999999999999996,44.427004000805702,4.6180000000000003
1917,48,245,26,0.76666666666666672,50.055494810185124,29.760000000000002
1917,48,245,27,0.83333333333333337,56.442690238079287,63.049999999999997
1917,48,245,28,0.90000000000000002,64.158067236832878,89.721000000000004
1917,48,245,29,0.96666666666666667,75.164888418024262,109.926
1917,49,250,0,-0.96666666666666667,-75.164888418024262,-103.828
1917,49,250,1,-0.90000000000000002,-64.158067236832878,-65.007999999999996
1917,49,250,2,-0.83333333333333337,-56.442690238079287,-34.433999999999997
1917,49,250,3,-0.76666666666666672,-50.055494810185124,-7.8879999999999999
1917,49,250,4,-0.69999999999999996,-44.427004000805702,15.688000000000001
1917,49,250,5,-0.6333333333333333,-39.296480239187503,52.787999999999997
1917,49,250,6,-0.56666666666666665,-34.518107841061259,64.689999999999998
1917,49,250,7,-0.5,-29.999999999999996,27.122
1917,49,250,8,-0.43333333333333335,-25.679288619456855,-33.289999999999999
1917,49,250,9,-0.36666666666666664,-21.510188266887482,-63.590000000000003
1917,49,250,10,-0.29999999999999999,-17.457603123722091,-114.562
1917,49,250,11,-0.23333333333333334,-13.49339882155169,-142.547
1917,49,250,12,-0.16666666666666666,-9.5940682268604611,-94.709999999999994
1917,49,250,13,-0.10000000000000001,-5.7391704772667866,116.75700000000001
1917,49,250,14,-0.033333333333333333,-1.9102131717099304,242.78700000000001
1917,49,250,15,0.033333333333333333,1.9102131717099304,67.635999999999996
1917,49,250,16,0.10000000000000001,5.7391704772667866,-496.57499999999999
1917,49,250,17,0.16666666666666666,9.5940682268604611,-744.69899999999996
1917,49,250,18,0.23333333333333334,13.49339882155169,-531.09199999999998
1917,49,250,19,0.29999999999999999,17.457603123722091,-186.78
1917,49,250,20,0.36666666666666664,21.510188266887482,-93.844999999999999
1917,49,250,21,0.43333333333333335,25.679288619456855,-66.775999999999996
1917,49,250,22,0.5,29.999999999999996,-43.222000000000001
1917,49,250,23,0.56666666666666665,34.518107841061259,-30.103000000000002
1917,49,250,24,0.6333333333333333,39.296480239187503,-37.969999999999999
1917,49,250,25,0.69999999999999996,44.427004000805702,-32.484000000000002
1917,49,250,26,0.76666666666666672,50.055494810185124,0.70999999999999996
1917,49,250,27,0.83333333333333337,56.442690238079287,51.343000000000004
1917,49,250,28,0.90000000000000002,64.158067236832878,98.704999999999998
1917,49,250,29,0.96666666666666667,75.164888418024262,139.101
1917,50,255,0,-0.96666666666666667,-75.164888418024262,-124.81
1917,50,255,1,-0.90000000000000002,-64.158067236832878,-85.944000000000003
1917,50,255,2,-0.83333333333333337,-56.442690238079287,-43.442
1917,50,255,3,-0.76666666666666672,-50.055494810185124,1.7929999999999999
1917,50,255,4,-0.69999999999999996,-44.427004000805702,40.619999999999997
1917,50,255,5,-0.6333333333333333,-39.296480239187503,85.111999999999995
1917,50,255,6,-0.56666666666666665,-34.518107841061259,106.348
1917,50,255,7,-0.5,-29.999999999999996,88.823999999999998
1917,50,255,8,-0.43333333333333335,-25.679288619456855,53.259999999999998
1917,50,255,9,-0.36666666666666664,-21.510188266887482,13.733000000000001
1917,50,255,10,-0.29999999999999999,-17.457603123722091,-77.153000000000006
1917,50,255,11,-0.23333333333333334,-13.49339882155169,-155.53299999999999
1917,50,255,12,-0.16666666666666666,-9.5940682268604611,-133.80699999999999
1917,50,255,13,-0.10000000000000001,-5.7391704772667866,72.126000000000005
1917,50,255,14,-0.033333333333333333,-1.9102131717099304,214.517
1917,50,255,15,0.033333333333333333,1.9102131717099304,-12.686999999999999
1917,50,255,16,0.10000000000000001,5.7391704772667866,-699.16700000000003
1917,50,255,17,0.16666666666666666,9.5940682268604611,-985.13499999999999
1917,50,255,18,0.23333333333333334,13.49339882155169,-704.471
1917,50,255,19,0.29999999999999999,17.457603123722091,-195.06200000000001
1917,50,255,20,0.36666666666666664,21.510188266887482,-42.670000000000002
1917,50,255,21,0.43333333333333335,25.679288619456855,-40.101999999999997
1917,50,255,22,0.5,29.999999999999996,-48.590000000000003
1917,50,255,23,0.56666666666666665,34.518107841061259,-31.731999999999999
1917,50,255,24,0.6333333333333333,39.296480239187503,-26.053000000000001
1917,50,255,25,0.69999999999999996,44.427004000805702,-15.167999999999999
1917,50,255,26,0.76666666666666672,50.055494810185124,14.429
1917,50,255,27,0.83333333333333337,56.442690238079287,56.100000000000001
1917,50,255,28,0.90000000000000002,64.158067236832878,94.385000000000005
1917,50,255,29,0.96666666666666667,75.164888418024262,129.155
1917,51,260,0,-0.96666666666666667,-75.164888418024262,-170.952
1917,51,260,1,-0.90000000000000002,-64.158067236832878,-124.724
1917,51,260,2,-0.83333333333333337,-56.442690238079287,-62.780000000000001
1917,51,260,3,-0.76666666666666672,-50.055494810185124,10.577999999999999
1917,51,260,4,-0.69999999999999996,-44.427004000805702,49.509999999999998
1917,51,260,5,-0.6333333333333333,-39.296480239187503,71.929000000000002
1917,51,260,6,-0.56666666666666665,-34.518107841061259,85.447999999999993
1917,51,260,7,-0.5,-29.999999999999996,92.881
1917,51,260,8,-0.43333333333333335,-25.679288619456855,93.138999999999996
1917,51,260,9,-0.36666666666666664,-21.510188266887482,48.767000000000003
1917,51,260,10,-0.29999999999999999,-17.457603123722091,-83.352999999999994
1917,51,260,11,-0.23333333333333334,-13.49339882155169,-219.601
1917,51,260,12,-0.16666666666666666,-9.5940682268604611,-233.898
1917,51,260,13,-0.10000000000000001,-5.7391704772667866,-138.785
1917,51,260,14,-0.033333333333333333,-1.9102131717099304,-110.724
1917,51,260,15,0.033333333333333333,1.9102131717099304,-148.786
1917,51,260,16,0.10000000000000001,5.7391704772667866,-212.071
1917,51,260,17,0.16666666666666666,9.5940682268604611,-192.011
1917,51,260,18,0.23333333333333334,13.49339882155169,-222.45599999999999
1917,51,260,19,0.29999999999999999,17.457603123722091,-111.08
1917,51,260,20,0.36666666666666664,21.510188266887482,-36.478000000000002
1917,51,260,21,0.43333333333333335,25.679288619456855,-24.902000000000001
1917,51,260,22,0.5,29.999999999999996,-24.219999999999999
1917,51,260,23,0.56666666666666665,34.518107841061259,-3.004
1917,51,260,24,0.6333333333333333,39.296480239187503,26.202999999999999
1917,51,260,25,0.69999999999999996,44.427004000805702,57.719000000000001
1917,51,260,26,0.76666666666666672,50.055494810185124,68.578999999999994
1917,51,260,27,0.83333333333333337,56.442690238079287,68.522999999999996
1917,51,260,28,0.90000000000000002,64.158067236832878,77.867999999999995
1917,51,260,29,0.96666666666666667,75.164888418024262,95.840000000000003
1917,52,265,0,-0.96666666666666667,-75.164888418024262,-155.286
1917,52,265,1,-0.90000000000000002,-64.158067236832878,-105.21599999999999
1917,52,265,2,-0.83333333333333337,-56.442690238079287,-51.347000000000001
1917,52,265,3,-0.76666666666666672,-50.055494810185124,-0.53400000000000003
1917,52,265,4,-0.69999999999999996,-44.427004000805702,38.170999999999999
1917,52,265,5,-0.6333333333333333,-39.296480239187503,76.563999999999993
1917,52,265,6,-0.56666666666666665,-34.518107841061259,105.175
1917,52,265,7,-0.5,-29.999999999999996,117.559
1917,52,265,8,-0.43333333333333335,-25.679288619456855,137.58699999999999
1917,52,265,9,-0.36666666666666664,-21.510188266887482,100.55500000000001
1917,52,265,10,-0.29999999999999999,-17.457603123722091,-79.530000000000001
1917,52,265,11,-0.23333333333333334,-13.49339882155169,-294.875
1917,52,265,12,-0.16666666666666666,-9.5940682268604611,-332.60599999999999
1917,52,265,13,-0.10000000000000001,-5.7391704772667866,-229.60499999999999
1917,52,265,14,-0.033333333333333333,-1.9102131717099304,-160.053
1917,52,265,15,0.033333333333333333,1.9102131717099304,-143.01400000000001
1917,52,265,16,0.10000000000000001,5.7391704772667866,-94.167000000000002
1917,52,265,17,0.16666666666666666,9.5940682268604611,-71.063000000000002
1917,52,265,18,0.23333333333333334,13.49339882155169,-67.575999999999993
1917,52,265,19,0.29999999999999999,17.457603123722091,-74.991
1917,52,265,20,0.36666666666666664,21.510188266887482,-54.359000000000002
1917,52,265,21,0.43333333333333335,25.679288619456855,-39.719999999999999
1917,52,265,22,0.5,29.999999999999996,-42.689999999999998
1917,52,265,23,0.56666666666666665,34.518107841061259,-20.797999999999998
1917,52,265,24,0.6333333333333333,39.296480239187503,23.518999999999998
1917,52,265,25,0.69999999999999996,44.427004000805702,60.235999999999997
1917,52,265,26,0.76666666666666672,50.055494810185124,71.986000000000004
1917,52,265,27,0.83333333333333337,56.442690238079287,70.998000000000005
1917,52,265,28,0.90000000000000002,64.158067236832878,73.980000000000004
1917,52,265,29,0.96666666666666667,75.164888418024262,80.236999999999995
1917,53,270,0,-0.96666666666666667,-75.164888418024262,-138.36000000000001
1917,53,270,1,-0.90000000000000002,-64.158067236832878,-86.775999999999996
1917,53,270,2,-0.83333333333333337,-56.442690238079287,-34.988
1917,53,270,3,-0.76666666666666672,-50.055494810185124,10.943
1917,53,270,4,-0.69999999999999996,-44.427004000805702,41.575000000000003
1917,53,270,5,-0.6333333333333333,-39.296480239187503,59.454999999999998
1917,53,270,6,-0.56666666666666665,-34.518107841061259,81.189999999999998
1917,53,270,7,-0.5,-29.999999999999996,117.111
1917,53,270,8,-0.43333333333333335,-25.679288619456855,178.89699999999999
1917,53,270,9,-0.36666666666666664,-21.510188266887482,162.322
1917,53,270,10,-0.29999999999999999,-17.457603123722091,-2.8079999999999998
1917,53,270,11,-0.23333333333333334,-13.49339882155169,-202.00800000000001
1917,53,270,12,-0.16666666666666666,-9.5940682268604611,-252.88999999999999
1917,53,270,13,-0.10000000000000001,-5.7391704772667866,-205.73400000000001
1917,53,270,14,-0.033333333333333333,-1.9102131717099304,-159.833
1917,53,270,15,0.033333333333333333,1.9102131717099304,-134.96700000000001
1917,53,270,16,0.10000000000000001,5.7391704772667866,-70.650000000000006
1917,53,270,17,0.16666666666666666,9.5940682268604611,-37.404000000000003
1917,53,270,18,0.23333333333333334,13.49339882155169,-28.562999999999999
1917,53,270,19,0.29999999999999999,17.457603123722091,-37.895000000000003
1917,53,270,20,0.36666666666666664,21.510188266887482,-26.126000000000001
1917,53,270,21,0.43333333333333335,25.679288619456855,-14.217000000000001
1917,53,270,22,0.5,29.999999999999996,-7.8140000000000001
1917,53,270,23,0.56666666666666665,34.518107841061259,15.041
1917,53,270,24,0.6333333333333333,39.296480239187503,64.804000000000002
1917,53,270,25,0.69999999999999996,44.427004000805702,104.471
1917,53,270,26,0.76666666666666672,50.055494810185124,110.005
1917,53,270,27,0.83333333333333337,56.442690238079287,100.372
1917,53,270,28,0.90000000000000002,64.158067236832878,88.106999999999999
1917,53,270,29,0.96666666666666667,75.164888418024262,76.882000000000005
1917,54,275,0,-0.96666666666666667,-75.164888418024262,-144.27199999999999
1917,54,275,1,-0.90000000000000002,-64.158067236832878,-92.444000000000003
1917,54,275,2,-0.83333333333333337,-56.442690238079287,-39.344999999999999
1917,54,275,3,-0.76666666666666672,-50.055494810185124,19.870000000000001
1917,54,275,4,-0.69999999999999996,-44.427004000805702,54.143999999999998
1917,54,275,5,-0.6333333333333333,-39.296480239187503,62.521000000000001
1917,54,275,6,-0.56666666666666665,-34.518107841061259,83.242000000000004
1917,54,275,7,-0.5,-29.999999999999996,122.581
1917,54,275,8,-0.43333333333333335,-25.679288619456855,181.22300000000001
1917,54,275,9,-0.36666666666666664,-21.510188266887482,172.31
1917,54,275,10,-0.29999999999999999,-17.457603123722091,87.323999999999998
1917,54,275,11,-0.23333333333333334,-13.49339882155169,-31.884
1917,54,275,12,-0.16666666666666666,-9.5940682268604611,-80.531999999999996
1917,54,275,13,-0.10000000000000001,-5.7391704772667866,-96.117000000000004
1917,54,275,14,-0.033333333333333333,-1.9102131717099304,-106.60299999999999
1917,54,275,15,0.033333333333333333,1.9102131717099304,-98.563000000000002
1917,54,275,16,0.10000000000000001,5.7391704772667866,-76.167000000000002
1917,54,275,17,0.16666666666666666,9.5940682268604611,-70.849999999999994
1917,54,275,18,0.23333333333333334,13.49339882155169,-41.319000000000003
1917,54,275,19,0.29999999999999999,17.457603123722091,-22.934999999999999
1917,54,275,20,0.36666666666666664,21.510188266887482,-5.7599999999999998
1917,54,275,21,0.43333333333333335,25.679288619456855,30.373000000000001
1917,54,275,22,0.5,29.999999999999996,69.754999999999995
1917,54,275,23,0.56666666666666665,34.518107841061259,89.103999999999999
1917,54,275,24,0.6333333333333333,39.296480239187503,100.67100000000001
1917,54,275,25,0.69999999999999996,44.427004000805702,108.83799999999999
1917,54,275,26,0.76666666666666672,50.055494810185124,112.191
1917,54,275,27,0.83333333333333337,56.442690238079287,110.005
1917,54,275,28,0.90000000000000002,64.158067236832878,99.816000000000003
1917,54,275,29,0.96666666666666667,75.164888418024262,79.793000000000006
1917,55,280,0,-0.96666666666666667,-75.164888418024262,-123.023
1917,55,280,1,-0.90000000000000002,-64.158067236832878,-93
1917,55,280,2,-0.83333333333333337,-56.442690238079287,-62.621000000000002
1917,55,280,3,-0.76666666666666672,-50.055494810185124,-31.498000000000001
1917,55,280,4,-0.69999999999999996,-44.427004000805702,-3.5640000000000001
1917,55,280,5,-0.6333333333333333,-39.296480239187503,23.079000000000001
1917,55,280,6,-0.56666666666666665,-34.518107841061259,53.313000000000002
1917,55,280,7,-0.5,-29.999999999999996,104.123
1917,55,280,8,-0.43333333333333335,-25.679288619456855,195.017
1917,55,280,9,-0.36666666666666664,-21.510188266887482,222.63900000000001
1917,55,280,10,-0.29999999999999999,-17.457603123722091,193.81399999999999
1917,55,280,11,-0.23333333333333334,-13.49339882155169,162.66800000000001
1917,55,280,12,-0.16666666666666666,-9.5940682268604611,123.16800000000001
1917,55,280,13,-0.10000000000000001,-5.7391704772667866,46.078000000000003
1917,55,280,14,-0.033333333333333333,-1.9102131717099304,-5.2560000000000002
1917,55,280,15,0.033333333333333333,1.9102131717099304,-25.335000000000001
1917,55,280,16,0.10000000000000001,5.7391704772667866,-28.876000000000001
1917,55,280,17,0.16666666666666666,9.5940682268604611,-21.654
1917,55,280,18,0.23333333333333334,13.49339882155169,-16.366
1917,55,280,19,0.29999999999999999,17.457603123722091,-5.4370000000000003
1917,55,280,20,0.36666666666666664,21.510188266887482,14.912000000000001
1917,55,280,21,0.43333333333333335,25.679288619456855,63.241
1917,55,280,22,0.5,29.999999999999996,121.794
1917,55,280,23,0.56666666666666665,34.518107841061259,136.04400000000001
1917,55,280,24,0.6333333333333333,39.296480239187503,108.744
1917,55,280,25,0.69999999999999996,44.427004000805702,81.453999999999994
1917,55,280,26,0.76666666666666672,50.055494810185124,81.652000000000001
1917,55,280,27,0.83333333333333337,56.442690238079287,87.260000000000005
1917,55,280,28,0.90000000000000002,64.158067236832878,88.700999999999993
1917,55,280,29,0.96666666666666667,75.164888418024262,87.501000000000005
1917,56,285,0,-0.96666666666666667,-75.164888418024262,-110.08799999999999
1917,56,285,1,-0.90000000000000002,-64.158067236832878,-90.477000000000004
1917,56,285,2,-0.83333333333333337,-56.442690238079287,-70.147000000000006
1917,56,285,3,-0.76666666666666672,-50.055494810185124,-46.283000000000001
1917,56,285,4,-0.69999999999999996,-44.427004000805702,-24.876000000000001
1917,56,285,5,-0.6333333333333333,-39.296480239187503,-9.5899999999999999
1917,56,285,6,-0.56666666666666665,-34.518107841061259,14.601000000000001
1917,56,285,7,-0.5,-29.999999999999996,58.904000000000003
1917,56,285,8,-0.43333333333333335,-25.679288619456855,121.294
1917,56,285,9,-0.36666666666666664,-21.510188266887482,154.81999999999999
1917,56,285,10,-0.29999999999999999,-17.457603123722091,182.899
1917,56,285,11,-0.23333333333333334,-13.49339882155169,191.89599999999999
1917,56,285,12,-0.16666666666666666,-9.5940682268604611,165.137
1917,56,285,13,-0.10000000000000001,-5.7391704772667866,89.262
1917,56,285,14,-0.033333333333333333,-1.9102131717099304,8.6699999999999999
1917,56,285,15,0.033333333333333333,1.9102131717099304,-17.643000000000001
1917,56,285,16,0.10000000000000001,5.7391704772667866,-23.033000000000001
1917,56,285,17,0.16666666666666666,9.5940682268604611,-24.786999999999999
1917,56,285,18,0.23333333333333334,13.49339882155169,-14.510999999999999
1917,56,285,19,0.29999999999999999,17.457603123722091,-1.736
1917,56,285,20,0.36666666666666664,21.510188266887482,15.334
1917,56,285,21,0.43333333333333335,25.679288619456855,52.606000000000002
1917,56,285,22,0.5,29.999999999999996,92.492000000000004
1917,56,285,23,0.56666666666666665,34.518107841061259,105.038
1917,56,285,24,0.6333333333333333,39.296480239187503,91.585999999999999
1917,56,285,25,0.69999999999999996,44.427004000805702,74.921999999999997
1917,56,285,26,0.76666666666666672,50.055494810185124,74.019000000000005
1917,56,285,27,0.83333333333333337,56.442690238079287,75.647999999999996
1917,56,285,28,0.90000000000000002,64.158067236832878,79.120000000000005
1917,56,285,29,0.96666666666666667,75.164888418024262,86.656999999999996
1917,57,290,0,-0.96666666666666667,-75.164888418024262,-109.58199999999999
1917,57,290,1,-0.90000000000000002,-64.158067236832878,-83.283000000000001
1917,57,290,2,-0.83333333333333337,-56.442690238079287,-53.396000000000001
1917,57,290,3,-0.76666666666666672,-50.055494810185124,-23.010999999999999
1917,57,290,4,-0.69999999999999996,-44.427004000805702,-1.891
1917,57,290,5,-0.6333333333333333,-39.296480239187503,8.9529999999999994
1917,57,290,6,-0.56666666666666665,-34.518107841061259,25.356000000000002
1917,57,290,7,-0.5,-29.999999999999996,55.174999999999997
1917,57,290,8,-0.43333333333333335,-25.679288619456855,95.462000000000003
1917,57,290,9,-0.36666666666666664,-21.510188266887482,128.25800000000001
1917,57,290,10,-0.29999999999999999,-17.457603123722091,182.22300000000001
1917,57,290,11,-0.23333333333333334,-13.49339882155169,251.30600000000001
1917,57,290,12,-0.16666666666666666,-9.5940682268604611,237.55000000000001
1917,57,290,13,-0.10000000000000001,-5.7391704772667866,118.83
1917,57,290,14,-0.033333333333333333,-1.9102131717099304,13.839
1917,57,290,15,0.033333333333333333,1.9102131717099304,-16.844000000000001
1917,57,290,16,0.10000000000000001,5.7391704772667866,-17.236999999999998
1917,57,290,17,0.16666666666666666,9.5940682268604611,-14.904999999999999
1917,57,290,18,0.23333333333333334,13.49339882155169,-5.3070000000000004
1917,57,290,19,0.29999999999999999,17.457603123722091,11.183999999999999
1917,57,290,20,0.36666666666666664,21.510188266887482,24.422000000000001
1917,57,290,21,0.43333333333333335,25.679288619456855,41.908999999999999
1917,57,290,22,0.5,29.999999999999996,60.978000000000002
1917,57,290,23,0.56666666666666665,34.518107841061259,66.090000000000003
1917,57,290,24,0.6333333333333333,39.296480239187503,62.133000000000003
1917,57,290,25,0.69999999999999996,44.427004000805702,60.057000000000002
1917,57,290,26,0.76666666666666672,50.055494810185124,63.828000000000003
1917,57,290,27,0.83333333333333337,56.442690238079287,71.322999999999993
1917,57,290,28,0.90000000000000002,64.158067236832878,80.179000000000002
1917,57,290,29,0.96666666666666667,75.164888418024262,93.096999999999994
1917,58,295,0,-0.96666666666666667,-75.164888418024262,-109.127
1917,58,295,1,-0.90000000000000002,-64.158067236832878,-71.132000000000005
1917,58,295,2,-0.83333333333333337,-56.442690238079287,-35.881
1917,58,295,3,-0.76666666666666672,-50.055494810185124,-5.6159999999999997
1917,58,295,4,-0.69999999999999996,-44.427004000805702,20.559999999999999
1917,58,295,5,-0.6333333333333333,-39.296480239187503,45.694000000000003
1917,58,295,6,-0.56666666666666665,-34.518107841061259,68.129999999999995
1917,58,295,7,-0.5,-29.999999999999996,75.215000000000003
1917,58,295,8,-0.43333333333333335,-25.679288619456855,67.917000000000002
1917,58,295,9,-0.36666666666666664,-21.510188266887482,84.043000000000006
1917,58,295,10,-0.29999999999999999,-17.457603123722091,144.839
1917,58,295,11,-0.23333333333333334,-13.49339882155169,223.59
1917,58,295,12,-0.16666666666666666,-9.5940682268604611,217.00299999999999
1917,58,295,13,-0.10000000000000001,-5.7391704772667866,106.123
1917,58,295,14,-0.033333333333333333,-1.9102131717099304,-0.35399999999999998
1917,58,295,15,0.033333333333333333,1.9102131717099304,-21.228000000000002
1917,58,295,16,0.10000000000000001,5.7391704772667866,-7.609
1917,58,295,17,0.16666666666666666,9.5940682268604611,-3.786
1917,58,295,18,0.23333333333333334,13.49339882155169,16.077999999999999
1917,58,295,19,0.29999999999999999,17.457603123722091,48.906999999999996
1917,58,295,20,0.36666666666666664,21.510188266887482,59.024999999999999
1917,58,295,21,0.43333333333333335,25.679288619456855,52.341999999999999
1917,58,295,22,0.5,29.999999999999996,30.556000000000001
1917,58,295,23,0.56666666666666665,34.518107841061259,26.417999999999999
1917,58,295,24,0.6333333333333333,39.296480239187503,31.399999999999999
1917,58,295,25,0.69999999999999996,44.427004000805702,38.023000000000003
1917,58,295,26,0.76666666666666672,50.055494810185124,48.844999999999999
1917,58,295,27,0.83333333333333337,56.442690238079287,66.552000000000007
1917,58,295,28,0.90000000000000002,64.158067236832878,87.683000000000007
1917,58,295,29,0.96666666666666667,75.164888418024262,110.52500000000001
1917,59,300,0,-0.96666666666666667,-75.164888418024262,-110.089
1917,59,300,1,-0.90000000000000002,-64.158067236832878,-78.837000000000003
1917,59,300,2,-0.83333333333333337,-56.442690238079287,-42.209000000000003
1917,59,300,3,-0.76666666666666672,-50.055494810185124,-4.2329999999999997
1917,59,300,4,-0.69999999999999996,-44.427004000805702,21.573
1917,59,300,5,-0.6333333333333333,-39.296480239187503,33.018999999999998
1917,59,300,6,-0.56666666666666665,-34.518107841061259,42.968000000000004
1917,59,300,7,-0.5,-29.999999999999996,53.030999999999999
1917,59,300,8,-0.43333333333333335,-25.679288619456855,47.515000000000001
1917,59,300,9,-0.36666666666666664,-21.510188266887482,57.116
1917,59,300,10,-0.29999999999999999,-17.457603123722091,99.903999999999996
1917,59,300,11,-0.23333333333333334,-13.49339882155169,148.95500000000001
1917,59,300,12,-0.16666666666666666,-9.5940682268604611,149.02699999999999
1917,59,300,13,-0.10000000000000001,-5.7391704772667866,106.161
1917,59,300,14,-0.033333333333333333,-1.9102131717099304,58.829999999999998
1917,59,300,15,0.033333333333333333,1.9102131717099304,40.039000000000001
1917,59,300,16,0.10000000000000001,5.7391704772667866,30.456
1917,59,300,17,0.16666666666666666,9.5940682268604611,29.550000000000001
1917,59,300,18,0.23333333333333334,13.49339882155169,50.116
1917,59,300,19,0.29999999999999999,17.457603123722091,107.04600000000001
1917,59,300,20,0.36666666666666664,21.510188266887482,123.093
1917,59,300,21,0.43333333333333335,25.679288619456855,88.260999999999996
1917,59,300,22,0.5,29.999999999999996,49.563000000000002
1917,59,300,23,0.56666666666666665,34.518107841061259,39.518999999999998
1917,59,300,24,0.6333333333333333,39.296480239187503,24.815999999999999
1917,59,300,25,0.69999999999999996,44.427004000805702,19.306000000000001
1917,59,300,26,0.76666666666666672,50.055494810185124,37.478999999999999
1917,59,300,27,0.83333333333333337,56.442690238079287,73.241
1917,59,300,28,0.90000000000000002,64.158067236832878,103.86799999999999
1917,59,300,29,0.96666666666666667,75.164888418024262,131.42400000000001
1917,60,305,0,-0.96666666666666667,-75.164888418024262,-100.515
1917,60,305,1,-0.90000000000000002,-64.158067236832878,-82.203999999999994
1917,60,305,2,-0.83333333333333337,-56.442690238079287,-63.286000000000001
1917,60,305,3,-0.76666666666666672,-50.055494810185124,-42.469000000000001
1917,60,305,4,-0.69999999999999996,-44.427004000805702,-16.245999999999999
1917,60,305,5,-0.6333333333333333,-39.296480239187503,23.478999999999999
1917,60,305,6,-0.56666666666666665,-34.518107841061259,49.969999999999999
1917,60,305,7,-0.5,-29.999999999999996,54.420000000000002
1917,60,305,8,-0.43333333333333335,-25.679288619456855,45.841999999999999
1917,60,305,9,-0.36666666666666664,-21.510188266887482,54.076999999999998
1917,60,305,10,-0.29999999999999999,-17.457603123722091,70.132000000000005
1917,60,305,11,-0.23333333333333334,-13.49339882155169,94.671000000000006
1917,60,305,12,-0.16666666666666666,-9.5940682268604611,101.224
1917,60,305,13,-0.10000000000000001,-5.7391704772667866,108.28100000000001
1917,60,305,14,-0.033333333333333333,-1.9102131717099304,121.88200000000001
1917,60,305,15,0.033333333333333333,1.9102131717099304,99.918000000000006
1917,60,305,16,0.10000000000000001,5.7391704772667866,48.069000000000003
1917,60,305,17,0.16666666666666666,9.5940682268604611,27.367999999999999
1917,60,305,18,0.23333333333333334,13.49339882155169,44.767000000000003
1917,60,305,19,0.29999999999999999,17.457603123722091,76.119
1917,60,305,20,0.36666666666666664,21.510188266887482,79.593000000000004
1917,60,305,21,0.43333333333333335,25.679288619456855,62.078000000000003
1917,60,305,22,0.5,29.999999999999996,24.805
1917,60,305,23,0.56666666666666665,34.518107841061259,15.048
1917,60,305,24,0.6333333333333333,39.296480239187503,17.763000000000002
1917,60,305,25,0.69999999999999996,44.427004000805702,21.510000000000002
1917,60,305,26,0.76666666666666672,50.055494810185124,39.902000000000001
1917,60,305,27,0.83333333333333337,56.442690238079287,74.864000000000004
1917,60,305,28,0.90000000000000002,64.158067236832878,108.869
1917,60,305,29,0.96666666666666667,75.164888418024262,138.333
1917,61,310,0,-0.96666666666666667,-75.164888418024262,-84.603999999999999
1917,61,310,1,-0.90000000000000002,-64.158067236832878,-69.700000000000003
1917,61,310,2,-0.83333333333333337,-56.442690238079287,-61.396999999999998
1917,61,310,3,-0.76666666666666672,-50.055494810185124,-55.412999999999997
1917,61,310,4,-0.69999999999999996,-44.427004000805702,-32.914999999999999
1917,61,310,5,-0.6333333333333333,-39.296480239187503,9.3829999999999991
1917,61,310,6,-0.56666666666666665,-34.518107841061259,38.186
1917,61,310,7,-0.5,-29.999999999999996,36.850000000000001
1917,61,310,8,-0.43333333333333335,-25.679288619456855,15.738
1917,61,310,9,-0.36666666666666664,-21.510188266887482,15.731
1917,61,310,10,-0.29999999999999999,-17.457603123722091,24.922000000000001
1917,61,310,11,-0.23333333333333334,-13.49339882155169,32.563000000000002
1917,61,310,12,-0.16666666666666666,-9.5940682268604611,40.210000000000001
1917,61,310,13,-0.10000000000000001,-5.7391704772667866,53.680999999999997
1917,61,310,14,-0.033333333333333333,-1.9102131717099304,53.723999999999997
1917,61,310,15,0.033333333333333333,1.9102131717099304,54.012
1917,61,310,16,0.10000000000000001,5.7391704772667866,52.128
1917,61,310,17,0.16666666666666666,9.5940682268604611,46.317999999999998
1917,61,310,18,0.23333333333333334,13.49339882155169,49.838000000000001
1917,61,310,19,0.29999999999999999,17.457603123722091,56.094999999999999
1917,61,310,20,0.36666666666666664,21.510188266887482,54.125
1917,61,310,21,0.43333333333333335,25.679288619456855,46.781999999999996
1917,61,310,22,0.5,29.999999999999996,39.061999999999998
1917,61,310,23,0.56666666666666665,34.518107841061259,34.68
1917,61,310,24,0.6333333333333333,39.296480239187503,30.591999999999999
1917,61,310,25,0.69999999999999996,44.427004000805702,30.015000000000001
1917,61,310,26,0.76666666666666672,50.055494810185124,50.847000000000001
1917,61,310,27,0.83333333333333337,56.442690238079287,88.117999999999995
1917,61,310,28,0.90000000000000002,64.158067236832878,114.877
1917,61,310,29,0.96666666666666667,75.164888418024262,135.637
1917,62,315,0,-0.96666666666666667,-75.164888418024262,-83.314999999999998
1917,62,315,1,-0.90000000000000002,-64.158067236832878,-78.176000000000002
1917,62,315,2,-0.83333333333333337,-56.442690238079287,-79.233999999999995
1917,62,315,3,-0.76666666666666672,-50.055494810185124,-77.081000000000003
1917,62,315,4,-0.69999999999999996,-44.427004000805702,-58.744999999999997
1917,62,315,5,-0.6333333333333333,-39.296480239187503,-10.593999999999999
1917,62,315,6,-0.56666666666666665,-34.518107841061259,21.242999999999999
1917,62,315,7,-0.5,-29.999999999999996,11.336
1917,62,315,8,-0.43333333333333335,-25.679288619456855,-26.155999999999999
1917,62,315,9,-0.36666666666666664,-21.510188266887482,-32.439999999999998
1917,62,315,10,-0.29999999999999999,-17.457603123722091,-3.0569999999999999
1917,62,315,11,-0.23333333333333334,-13.49339882155169,37.433999999999997
1917,62,315,12,-0.16666666666666666,-9.5940682268604611,49.262
1917,62,315,13,-0.10000000000000001,-5.7391704772667866,37.134999999999998
1917,62,315,14,-0.033333333333333333,-1.9102131717099304,29.407
1917,62,315,15,0.033333333333333333,1.9102131717099304,38.225999999999999
1917,62,315,16,0.10000000000000001,5.7391704772667866,79.307000000000002
1917,62,315,17,0.16666666666666666,9.5940682268604611,99.653999999999996
1917,62,315,18,0.23333333333333334,13.49339882155169,74.712000000000003
1917,62,315,19,0.29999999999999999,17.457603123722091,30.901
1917,62,315,20,0.36666666666666664,21.510188266887482,15.025
1917,62,315,21,0.43333333333333335,25.679288619456855,18.474
1917,62,315,22,0.5,29.999999999999996,26.565999999999999
1917,62,315,23,0.56666666666666665,34.518107841061259,29.683
1917,62,315,24,0.6333333333333333,39.296480239187503,32.122999999999998
1917,62,315,25,0.69999999999999996,44.427004000805702,36.185000000000002
1917,62,315,26,0.76666666666666672,50.055494810185124,51.609000000000002
1917,62,315,27,0.83333333333333337,56.442690238079287,78.072000000000003
1917,62,315,28,0.90000000000000002,64.158067236832878,102.101
1917,62,315,29,0.96666666666666667,75.164888418024262,122.471
1917,63,320,0,-0.96666666666666667,-75.164888418024262,-90.570999999999998
1917,63,320,1,-0.90000000000000002,-64.158067236832878,-83.406999999999996
1917,63,320,2,-0.83333333333333337,-56.442690238079287,-75.953999999999994
1917,63,320,3,-0.76666666666666672,-50.055494810185124,-64.866
1917,63,320,4,-0.69999999999999996,-44.427004000805702,-44.646999999999998
1917,63,320,5,-0.6333333333333333,-39.296480239187503,-9.1010000000000009
1917,63,320,6,-0.56666666666666665,-34.518107841061259,12.622
1917,63,320,7,-0.5,-29.999999999999996,1.663
1917,63,320,8,-0.43333333333333335,-25.679288619456855,-39.552
1917,63,320,9,-0.36666666666666664,-21.510188266887482,-42.177
1917,63,320,10,-0.29999999999999999,-17.457603123722091,5.1139999999999999
1917,63,320,11,-0.23333333333333334,-13.49339882155169,71.614999999999995
1917,63,320,12,-0.16666666666666666,-9.5940682268604611,87.995999999999995
1917,63,320,13,-0.10000000000000001,-5.7391704772667866,58.170999999999999
1917,63,320,14,-0.033333333333333333,-1.9102131717099304,36.759
1917,63,320,15,0.033333333333333333,1.9102131717099304,43.523000000000003
1917,63,320,16,0.10000000000000001,5.7391704772667866,72.822000000000003
1917,63,320,17,0.16666666666666666,9.5940682268604611,79.480000000000004
1917,63,320,18,0.23333333333333334,13.49339882155169,56.372999999999998
1917,63,320,19,0.29999999999999999,17.457603123722091,7.3559999999999999
1917,63,320,20,0.36666666666666664,21.510188266887482,-12.022
1917,63,320,21,0.43333333333333335,25.679288619456855,-7.0830000000000002
1917,63,320,22,0.5,29.999999999999996,4.0659999999999998
1917,63,320,23,0.56666666666666665,34.518107841061259,8.9079999999999995
1917,63,320,24,0.6333333333333333,39.296480239187503,11.316000000000001
1917,63,320,25,0.69999999999999996,44.427004000805702,14.097
1917,63,320,26,0.76666666666666672,50.055494810185124,29.294
1917,63,320,27,0.83333333333333337,56.442690238079287,52.054000000000002
1917,63,320,28,0.90000000000000002,64.158067236832878,76.156000000000006
1917,63,320,29,0.96666666666666667,75.164888418024262,104.32899999999999
1917,64,325,0,-0.96666666666666667,-75.164888418024262,-103.411
1917,64,325,1,-0.90000000000000002,-64.158067236832878,-84.054000000000002
1917,64,325,2,-0.83333333333333337,-56.442690238079287,-66.602999999999994
1917,64,325,3,-0.76666666666666672,-50.055494810185124,-52.375999999999998
1917,64,325,4,-0.69999999999999996,-44.427004000805702,-36.835000000000001
1917,64,325,5,-0.6333333333333333,-39.296480239187503,-11.641
1917,64,325,6,-0.56666666666666665,-34.518107841061259,4.7729999999999997
1917,64,325,7,-0.5,-29.999999999999996,-3.0790000000000002
1917,64,325,8,-0.43333333333333335,-25.679288619456855,-36.612000000000002
1917,64,325,9,-0.36666666666666664,-21.510188266887482,-36.219000000000001
1917,64,325,10,-0.29999999999999999,-17.457603123722091,19.709
1917,64,325,11,-0.23333333333333334,-13.49339882155169,91.754000000000005
1917,64,325,12,-0.16666666666666666,-9.5940682268604611,113.76600000000001
1917,64,325,13,-0.10000000000000001,-5.7391704772667866,98.478999999999999
1917,64,325,14,-0.033333333333333333,-1.9102131717099304,84.971000000000004
1917,64,325,15,0.033333333333333333,1.9102131717099304,78.078999999999994
1917,64,325,16,0.10000000000000001,5.7391704772667866,67.712000000000003
1917,64,325,17,0.16666666666666666,9.5940682268604611,56.25
1917,64,325,18,0.23333333333333334,13.49339882155169,32.786000000000001
1917,64,325,19,0.29999999999999999,17.457603123722091,-6.726
1917,64,325,20,0.36666666666666664,21.510188266887482,-20.745000000000001
1917,64,325,21,0.43333333333333335,25.679288619456855,-4.7110000000000003
1917,64,325,22,0.5,29.999999999999996,19.276
1917,64,325,23,0.56666666666666665,34.518107841061259,24.145
1917,64,325,24,0.6333333333333333,39.296480239187503,14.109
1917,64,325,25,0.69999999999999996,44.427004000805702,8.9000000000000004
1917,64,325,26,0.76666666666666672,50.055494810185124,20.635000000000002
1917,64,325,27,0.83333333333333337,56.442690238079287,40.636000000000003
1917,64,325,28,0.90000000000000002,64.158067236832878,65.751000000000005
1917,64,325,29,0.96666666666666667,75.164888418024262,95.525000000000006
1917,65,330,0,-0.96666666666666667,-75.164888418024262,-109.706
1917,65,330,1,-0.90000000000000002,-64.158067236832878,-94.530000000000001
1917,65,330,2,-0.83333333333333337,-56.442690238079287,-62.905000000000001
1917,65,330,3,-0.76666666666666672,-50.055494810185124,-21.510000000000002
1917,65,330,4,-0.69999999999999996,-44.427004000805702,-1.5720000000000001
1917,65,330,5,-0.6333333333333333,-39.296480239187503,-4.899
1917,65,330,6,-0.56666666666666665,-34.518107841061259,-8.4619999999999997
1917,65,330,7,-0.5,-29.999999999999996,-16.282
1917,65,330,8,-0.43333333333333335,-25.679288619456855,-29.273
1917,65,330,9,-0.36666666666666664,-21.510188266887482,-22.975000000000001
1917,65,330,10,-0.29999999999999999,-17.457603123722091,9.8699999999999992
1917,65,330,11,-0.23333333333333334,-13.49339882155169,63.061999999999998
1917,65,330,12,-0.16666666666666666,-9.5940682268604611,86.897000000000006
1917,65,330,13,-0.10000000000000001,-5.7391704772667866,98.807000000000002
1917,65,330,14,-0.033333333333333333,-1.9102131717099304,105.983
1917,65,330,15,0.033333333333333333,1.9102131717099304,94.736000000000004
1917,65,330,16,0.10000000000000001,5.7391704772667866,57.274999999999999
1917,65,330,17,0.16666666666666666,9.5940682268604611,31.088999999999999
1917,65,330,18,0.23333333333333334,13.49339882155169,17.997
1917,65,330,19,0.29999999999999999,17.457603123722091,9.8989999999999991
1917,65,330,20,0.36666666666666664,21.510188266887482,6.7869999999999999
1917,65,330,21,0.43333333333333335,25.679288619456855,10.901999999999999
1917,65,330,22,0.5,29.999999999999996,19.164999999999999
1917,65,330,23,0.56666666666666665,34.518107841061259,25.847999999999999
1917,65,330,24,0.6333333333333333,39.296480239187503,34.036000000000001
1917,65,330,25,0.69999999999999996,44.427004000805702,41.372
1917,65,330,26,0.76666666666666672,50.055494810185124,49.515000000000001
1917,65,330,27,0.83333333333333337,56.442690238079287,59.569000000000003
1917,65,330,28,0.90000000000000002,64.158067236832878,76.945999999999998
1917,65,330,29,0.96666666666666667,75.164888418024262,105.446
1917,66,335,0,-0.96666666666666667,-75.164888418024262,-96.355999999999995
1917,66,335,1,-0.90000000000000002,-64.158067236832878,-86.650999999999996
1917,66,335,2,-0.83333333333333337,-56.442690238079287,-64.715999999999994
1917,66,335,3,-0.76666666666666672,-50.055494810185124,-30.181999999999999
1917,66,335,4,-0.69999999999999996,-44.427004000805702,-15.308999999999999
1917,66,335,5,-0.6333333333333333,-39.296480239187503,-16.574000000000002
1917,66,335,6,-0.56666666666666665,-34.518107841061259,-8.3499999999999996
1917,66,335,7,-0.5,-29.999999999999996,-18.257000000000001
1917,66,335,8,-0.43333333333333335,-25.679288619456855,-43.808999999999997
1917,66,335,9,-0.36666666666666664,-21.510188266887482,-44.957000000000001
1917,66,335,10,-0.29999999999999999,-17.457603123722091,-29.129000000000001
1917,66,335,11,-0.23333333333333334,-13.49339882155169,-9.5259999999999998
1917,66,335,12,-0.16666666666666666,-9.5940682268604611,6.8550000000000004
1917,66,335,13,-0.10000000000000001,-5.7391704772667866,55.399999999999999
1917,66,335,14,-0.033333333333333333,-1.9102131717099304,93.191000000000003
1917,66,335,15,0.033333333333333333,1.9102131717099304,82.043999999999997
1917,66,335,16,0.10000000000000001,5.7391704772667866,31.527000000000001
1917,66,335,17,0.16666666666666666,9.5940682268604611,2.4340000000000002
1917,66,335,18,0.23333333333333334,13.49339882155169,-0.80500000000000005
1917,66,335,19,0.29999999999999999,17.457603123722091,4.5709999999999997
1917,66,335,20,0.36666666666666664,21.510188266887482,5.5700000000000003
1917,66,335,21,0.43333333333333335,25.679288619456855,10.784000000000001
1917,66,335,22,0.5,29.999999999999996,17.161999999999999
1917,66,335,23,0.56666666666666665,34.518107841061259,23.702999999999999
1917,66,335,24,0.6333333333333333,39.296480239187503,32.042999999999999
1917,66,335,25,0.69999999999999996,44.427004000805702,41.295000000000002
1917,66,335,26,0.76666666666666672,50.055494810185124,55.670999999999999
1917,66,335,27,0.83333333333333337,56.442690238079287,72.701999999999998
1917,66,335,28,0.90000000000000002,64.158067236832878,92.829999999999998
1917,66,335,29,0.96666666666666667,75.164888418024262,115.693
1917,67,340,0,-0.96666666666666667,-75.164888418024262,-41.213000000000001
1917,67,340,1,-0.90000000000000002,-64.158067236832878,-40.970999999999997
1917,67,340,2,-0.83333333333333337,-56.442690238079287,-52.057000000000002
1917,67,340,3,-0.76666666666666672,-50.055494810185124,-66.426000000000002
1917,67,340,4,-0.69999999999999996,-44.427004000805702,-56.704999999999998
1917,67,340,5,-0.6333333333333333,-39.296480239187503,-30.087
1917,67,340,6,-0.56666666666666665,-34.518107841061259,-6.8449999999999998
1917,67,340,7,-0.5,-29.999999999999996,1.093
1917,67,340,8,-0.43333333333333335,-25.679288619456855,15.568
1917,67,340,9,-0.36666666666666664,-21.510188266887482,18.495000000000001
1917,67,340,10,-0.29999999999999999,-17.457603123722091,6.3150000000000004
1917,67,340,11,-0.23333333333333334,-13.49339882155169,-1.274
1917,67,340,12,-0.16666666666666666,-9.5940682268604611,3.8559999999999999
1917,67,340,13,-0.10000000000000001,-5.7391704772667866,26.116
1917,67,340,14,-0.033333333333333333,-1.9102131717099304,45.087000000000003
1917,67,340,15,0.033333333333333333,1.9102131717099304,36.593000000000004
1917,67,340,16,0.10000000000000001,5.7391704772667866,9.7799999999999994
1917,67,340,17,0.16666666666666666,9.5940682268604611,-4.5090000000000003
1917,67,340,18,0.23333333333333334,13.49339882155169,-4.0999999999999996
1917,67,340,19,0.29999999999999999,17.457603123722091,4.9080000000000004
1917,67,340,20,0.36666666666666664,21.510188266887482,10.007999999999999
1917,67,340,21,0.43333333333333335,25.679288619456855,16.704999999999998
1917,67,340,22,0.5,29.999999999999996,23.908000000000001
1917,67,340,23,0.56666666666666665,34.518107841061259,28.986999999999998
1917,67,340,24,0.6333333333333333,39.296480239187503,23.995000000000001
1917,67,340,25,0.69999999999999996,44.427004000805702,25.363
1917,67,340,26,0.76666666666666672,50.055494810185124,55.039999999999999
1917,67,340,27,0.83333333333333337,56.442690238079287,99.796999999999997
1917,67,340,28,0.90000000000000002,64.158067236832878,124.76300000000001
1917,67,340,29,0.96666666666666667,75.164888418024262,137.54499999999999
1917,68,345,0,-0.96666666666666667,-75.164888418024262,-8.3219999999999992
1917,68,345,1,-0.90000000000000002,-64.158067236832878,-14.253
1917,68,345,2,-0.83333333333333337,-56.442690238079287,-22.052
1917,68,345,3,-0.76666666666666672,-50.055494810185124,-40.512999999999998
1917,68,345,4,-0.69999999999999996,-44.427004000805702,-7.5679999999999996
1917,68,345,5,-0.6333333333333333,-39.296480239187503,108.54000000000001
1917,68,345,6,-0.56666666666666665,-34.518107841061259,202.12700000000001
1917,68,345,7,-0.5,-29.999999999999996,194.38200000000001
1917,68,345,8,-0.43333333333333335,-25.679288619456855,117.623
1917,68,345,9,-0.36666666666666664,-21.510188266887482,69.108000000000004
1917,68,345,10,-0.29999999999999999,-17.457603123722091,58.662999999999997
1917,68,345,11,-0.23333333333333334,-13.49339882155169,59.920999999999999
1917,68,345,12,-0.16666666666666666,-9.5940682268604611,53.466999999999999
1917,68,345,13,-0.10000000000000001,-5.7391704772667866,8.7940000000000005
1917,68,345,14,-0.033333333333333333,-1.9102131717099304,-29.643000000000001
1917,68,345,15,0.033333333333333333,1.9102131717099304,-31.744
1917,68,345,16,0.10000000000000001,5.7391704772667866,-12.627000000000001
1917,68,345,17,0.16666666666666666,9.5940682268604611,-4.9169999999999998
1917,68,345,18,0.23333333333333334,13.49339882155169,-3.2389999999999999
1917,68,345,19,0.29999999999999999,17.457603123722091,5.0419999999999998
1917,68,345,20,0.36666666666666664,21.510188266887482,10.976000000000001
1917,68,345,21,0.43333333333333335,25.679288619456855,16.652999999999999
1917,68,345,22,0.5,29.999999999999996,22.722000000000001
1917,68,345,23,0.56666666666666665,34.518107841061259,28.181999999999999
1917,68,345,24,0.6333333333333333,39.296480239187503,29.338999999999999
1917,68,345,25,0.69999999999999996,44.427004000805702,34.456000000000003
1917,68,345,26,0.76666666666666672,50.055494810185124,61.491
1917,68,345,27,0.83333333333333337,56.442690238079287,97.355000000000004
1917,68,345,28,0.90000000000000002,64.158067236832878,115.843
1917,68,345,29,0.96666666666666667,75.164888418024262,123.804
1917,69,350,0,-0.96666666666666667,-75.164888418024262,18.135000000000002
1917,69,350,1,-0.90000000000000002,-64.158067236832878,1.3680000000000001
1917,69,350,2,-0.83333333333333337,-56.442690238079287,-16.695
1917,69,350,3,-0.76666666666666672,-50.055494810185124,-26.981000000000002
1917,69,350,4,-0.69999999999999996,-44.427004000805702,9.702
1917,69,350,5,-0.6333333333333333,-39.296480239187503,213.34
1917,69,350,6,-0.56666666666666665,-34.518107841061259,365.85199999999998
1917,69,350,7,-0.5,-29.999999999999996,325.71899999999999
1917,69,350,8,-0.43333333333333335,-25.679288619456855,129.86699999999999
1917,69,350,9,-0.36666666666666664,-21.510188266887482,33.652000000000001
1917,69,350,10,-0.29999999999999999,-17.457603123722091,34.908999999999999
1917,69,350,11,-0.23333333333333334,-13.49339882155169,64.769000000000005
1917,69,350,12,-0.16666666666666666,-9.5940682268604611,74.483000000000004
1917,69,350,13,-0.10000000000000001,-5.7391704772667866,42.652999999999999
1917,69,350,14,-0.033333333333333333,-1.9102131717099304,-0.72499999999999998
1917,69,350,15,0.033333333333333333,1.9102131717099304,-9.2110000000000003
1917,69,350,16,0.10000000000000001,5.7391704772667866,-2.8079999999999998
1917,69,350,17,0.16666666666666666,9.5940682268604611,-1.373
1917,69,350,18,0.23333333333333334,13.49339882155169,-4.3680000000000003
1917,69,350,19,0.29999999999999999,17.457603123722091,-3.782
1917,69,350,20,0.36666666666666664,21.510188266887482,0.41399999999999998
1917,69,350,21,0.43333333333333335,25.679288619456855,9.5530000000000008
1917,69,350,22,0.5,29.999999999999996,20.565000000000001
1917,69,350,23,0.56666666666666665,34.518107841061259,26.824000000000002
1917,69,350,24,0.6333333333333333,39.296480239187503,32.404000000000003
1917,69,350,25,0.69999999999999996,44.427004000805702,37.673000000000002
1917,69,350,26,0.76666666666666672,50.055494810185124,44.488999999999997
1917,69,350,27,0.83333333333333337,56.442690238079287,54.537999999999997
1917,69,350,28,0.90000000000000002,64.158067236832878,71.861000000000004
1917,69,350,29,0.96666666666666667,75.164888418024262,88.569000000000003
1917,70,355,0,-0.96666666666666667,-75.164888418024262,50.697000000000003
1917,70,355,1,-0.90000000000000002,-64.158067236832878,49.219000000000001
1917,70,355,2,-0.83333333333333337,-56.442690238079287,24.128
1917,70,355,3,-0.76666666666666672,-50.055494810185124,-17.474
1917,70,355,4,-0.69999999999999996,-44.427004000805702,13.965999999999999
1917,70,355,5,-0.6333333333333333,-39.296480239187503,220.203
1917,70,355,6,-0.56666666666666665,-34.518107841061259,393.447
1917,70,355,7,-0.5,-29.999999999999996,334.54199999999997
1917,70,355,8,-0.43333333333333335,-25.679288619456855,9.4510000000000005
1917,70,355,9,-0.36666666666666664,-21.510188266887482,-193.91399999999999
1917,70,355,10,-0.29999999999999999,-17.457603123722091,-123.373
1917,70,355,11,-0.23333333333333334,-13.49339882155169,41.579999999999998
1917,70,355,12,-0.16666666666666666,-9.5940682268604611,78.394999999999996
1917,70,355,13,-0.10000000000000001,-5.7391704772667866,66.753
1917,70,355,14,-0.033333333333333333,-1.9102131717099304,49.301000000000002
1917,70,355,15,0.033333333333333333,1.9102131717099304,43.524999999999999
1917,70,355,16,0.10000000000000001,5.7391704772667866,16.361999999999998
1917,70,355,17,0.16666666666666666,9.5940682268604611,4.9390000000000001
1917,70,355,18,0.23333333333333334,13.49339882155169,2.9390000000000001
1917,70,355,19,0.29999999999999999,17.457603123722091,2.681
1917,70,355,20,0.36666666666666664,21.510188266887482,3.5390000000000001
1917,70,355,21,0.43333333333333335,25.679288619456855,3.1840000000000002
1917,70,355,22,0.5,29.999999999999996,7.5140000000000002
1917,70,355,23,0.56666666666666665,34.518107841061259,13.766
1917,70,355,24,0.6333333333333333,39.296480239187503,22.157
1917,70,355,25,0.69999999999999996,44.427004000805702,30.347000000000001
1917,70,355,26,0.76666666666666672,50.055494810185124,36.552999999999997
1917,70,355,27,0.83333333333333337,56.442690238079287,43.774999999999999
1917,70,355,28,0.90000000000000002,64.158067236832878,60.704000000000001
1917,70,355,29,0.96666666666666667,75.164888418024262,92.683999999999997
1917,71,360,0,-0.96666666666666667,-75.164888418024262,-36.115000000000002
1917,71,360,1,-0.90000000000000002,-64.158067236832878,-36.598999999999997
1917,71,360,2,-0.83333333333333337,-56.442690238079287,-32.427999999999997
1917,71,360,3,-0.76666666666666672,-50.055494810185124,-30.745999999999999
1917,71,360,4,-0.69999999999999996,-44.427004000805702,-32.643000000000001
1917,71,360,5,-0.6333333333333333,-39.296480239187503,-23.626999999999999
1917,71,360,6,-0.56666666666666665,-34.518107841061259,-13.286
1917,71,360,7,-0.5,-29.999999999999996,-35.075000000000003
1917,71,360,8,-0.43333333333333335,-25.679288619456855,-52.773000000000003
1917,71,360,9,-0.36666666666666664,-21.510188266887482,-37.308999999999997
1917,71,360,10,-0.29999999999999999,-17.457603123722091,16.66
1917,71,360,11,-0.23333333333333334,-13.49339882155169,33.752000000000002
1917,71,360,12,-0.16666666666666666,-9.5940682268604611,16.957000000000001
1917,71,360,13,-0.10000000000000001,-5.7391704772667866,2.0049999999999999
1917,71,360,14,-0.033333333333333333,-1.9102131717099304,8.9100000000000001
1917,71,360,15,0.033333333333333333,1.9102131717099304,11.523
1917,71,360,16,0.10000000000000001,5.7391704772667866,15.222
1917,71,360,17,0.16666666666666666,9.5940682268604611,23.016999999999999
1917,71,360,18,0.23333333333333334,13.49339882155169,23.736000000000001
1917,71,360,19,0.29999999999999999,17.457603123722091,19.681999999999999
1917,71,360,20,0.36666666666666664,21.510188266887482,19.952999999999999
1917,71,360,21,0.43333333333333335,25.679288619456855,28.047000000000001
1917,71,360,22,0.5,29.999999999999996,29.829999999999998
1917,71,360,23,0.56666666666666665,34.518107841061259,30.719000000000001
1917,71,360,24,0.6333333333333333,39.296480239187503,36.606000000000002
1917,71,360,25,0.69999999999999996,44.427004000805702,48.420000000000002
1917,71,360,26,0.76666666666666672,50.055494810185124,61.713000000000001
1917,71,360,27,0.83333333333333337,56.442690238079287,76.274000000000001
1917,71,360,28,0.90000000000000002,64.158067236832878,88.805000000000007
1917,71,360,29,0.96666666666666667,75.164888418024262,99.864000000000004
